time,40,50,60,70,80,90,100,110,120,130,140,150,160,170,180,190,200,210,220,230,240,250,260,label
YAL001C,-0.07,-0.23,-0.1,0.03,-0.04,-0.12,-0.28,-0.44,-0.09,0.12,0.06,-0.04,0.31,0.59,0.34,-0.28,-0.09,-0.44,0.31,0.03,0.57,0.0,0.01,0
YAL014C,0.215,0.09,0.025000002,-0.04,-0.04,-0.02,-0.51,-0.08,0.0,0.46,-0.19,0.04,0.18,-0.3,-0.38,0.07,-0.04,0.13,-0.06,-0.26,-0.1,0.27,0.23500001,0
YAL016W,0.15,0.15,0.22,0.29,-0.1,0.15,-0.73,0.19,-0.15,0.29,-0.08,0.16,-0.05,0.12,-0.17,0.11,-0.15,0.03,-0.26,-0.34,-0.34,0.25,0.19,0
YAL020C,-0.35,-0.28,-0.215,-0.15,0.16,-0.12,0.26,0.0,0.13,-0.2,-0.07,-0.05,0.43,0.07,0.61,-0.2,0.49,-0.43,0.8,-0.47,1.01,-0.36,-0.405,0
YAL022C,-0.415,-0.59,-0.58,-0.57,-0.09,-0.34,0.49,0.32,1.15,0.2,0.31,-0.28,-0.01,-0.48,-0.4,-0.59,0.54,-0.09,1.03,0.08,0.57,-0.26,-0.31,1
YAL036C,0.54,0.33,0.215,0.1,-0.27,0.45,0.62,0.32,-0.6,0.27,-0.27,0.21,-0.4,-0.11,-0.55,0.24,-0.19,0.27,-0.5,-0.47,-0.83,0.05,-0.07,0
YAL038W,-0.625,-0.6,-0.4,-0.2,-0.13,0.33,-0.53,0.26,-0.18,0.35,0.18,0.34,0.28,0.16,0.15,0.11,0.57,0.32,0.23,0.19,-0.29,-0.02,-0.045,0
YAL039C,0.050000004,-0.24,-0.19,-0.14,-1.22,-0.16,-0.21,0.2,-0.47,0.35,0.11,0.52,-0.48,-0.13,-0.26,-0.03,-0.2,0.11,-0.05,0.34,-0.41,0.52,0.40499997,0
YAL040C,0.335,0.05,-0.04,-0.13,0.02,0.04,-0.14,0.24,0.91,0.42,0.58,-0.2,0.03,-0.38,-0.31,-0.56,0.17,-0.3,0.36,-0.26,0.11,-0.5,-0.58000004,1
YAL044C,-0.43,-0.46,-0.39,-0.32,-0.66,0.03,-0.79,0.1,-0.89,0.05,-0.97,0.17,-0.31,0.18,-0.14,0.46,0.4,0.87,-0.24,0.22,-0.44,0.84,0.77,0
YAL046C,0.135,0.23,0.125,0.02,0.09,0.16,-0.16,-0.02,-0.17,0.1,-0.14,-0.09,0.02,-0.27,0.16,-0.25,0.19,0.08,-0.11,-0.19,-0.36,-0.02,-0.04,0
YAL048C,0.005,0.02,-0.049999997,-0.12,0.1,0.1,0.11,0.01,-0.01,-0.39,-0.49,1.92,0.02,-0.13,-0.05,-0.35,-0.01,-0.25,0.53,0.05,0.31,-0.25,-0.26999998,0
YAL049C,-0.19999999,-0.32,-0.32,-0.32,-0.33,-0.26,0.09,-0.23,0.37,0.04,0.18,0.82,-0.07,0.25,0.08,-0.18,-0.42,-0.08,0.02,0.06,-0.15,0.17,0.155,0
YAL051W,0.155,0.2,0.22999999,0.26,-0.04,0.34,-0.31,-0.27,-0.29,0.27,-0.35,0.3,-1.19,0.19,-0.44,0.11,0.14,0.17,0.27,0.32,0.06,0.2,0.14,0
YAL056W,-0.135,-0.25,-0.205,-0.16,0.09,0.06,0.26,0.14,0.21,-0.19,-0.11,-0.23,-0.5,-0.19,0.25,-0.29,0.29,-0.45,0.53,0.38,0.66,0.06,0.004999999,0
YAL063C,0.42000002,0.43,0.325,0.22,0.03,0.2,-0.38,0.21,-0.34,0.06,0.11,-0.64,0.04,0.0,0.0,-0.04,0.28,-0.08,-0.1,-0.34,-0.24,-0.13,-0.13,0
YAL064W-B,0.099999994,0.07,-0.11,-0.29,0.56,-0.4,0.24,0.05,0.29,-0.07,0.33,0.98,0.28,-0.15,-0.06,-0.56,-0.01,-0.37,-0.03,-0.75,0.42,-0.13,-0.23,0
YAL065C,-0.07,-0.12,0.075,0.27,0.22,0.15,0.19,0.18,0.13,0.19,-0.04,-0.04,0.06,-0.12,-0.02,-0.45,0.04,-0.08,0.22,-0.13,0.24,-0.18,-0.115,0
YAR007C,1.26,1.53,0.71,-0.11,-0.59,-1.21,-1.43,-1.37,-1.16,0.72,0.94,1.15,0.85,0.99,0.15,-0.43,-0.66,-0.85,-1.06,-0.34,-0.09,0.79,0.69500005,1
YAR009C,0.235,0.42,0.32,0.22,0.13,0.18,0.08,0.17,-0.05,0.05,-0.19,-0.3,-0.39,-0.07,-0.24,0.01,0.17,-0.32,0.25,0.59,-0.04,-0.23,-0.15,0
YAR020C,0.23500001,0.11,-0.055,-0.22,0.19,-0.42,0.73,-0.82,0.32,-0.42,0.46,-0.77,0.34,0.24,0.52,-0.02,0.35,-0.24,0.74,-0.08,0.6,-1.54,-0.85499996,0
YAR035W,-0.055000003,-0.15,-0.120000005,-0.09,0.29,-0.13,0.18,-0.12,0.38,0.0,-0.49,0.26,0.33,-0.06,0.2,-0.3,0.19,-0.47,0.54,-0.23,0.64,-0.25,-0.225,0
YAR043C,0.2,0.04,0.155,0.27,0.19,0.18,-0.33,0.46,0.02,0.25,-0.17,-0.33,-0.17,-0.38,-0.47,0.15,-0.14,-0.17,-0.35,0.21,-0.19,0.31,0.095,0
YAR052C,0.25,0.32,-0.02000001,-0.36,0.45,-0.09,0.24,0.0,0.31,-0.02,0.28,-0.1,0.28,-0.27,0.14,-0.18,0.36,-0.81,0.31,-0.34,0.3,-0.41,-0.43,0
YAR060C,0.55,0.63,-0.099999994,-0.83,0.44,-0.48,0.57,-0.4,0.42,-0.22,0.46,-0.38,0.45,-0.42,0.14,-0.65,0.06,-0.92,0.38,0.47,0.25,-0.13,0.005000003,0
YAR070C,0.0,0.0,-0.15,-0.3,0.11,-1.4,0.69,0.03,0.3,-0.58,0.32,-0.88,0.56,0.42,0.17,-0.1,0.18,0.34,0.87,-0.36,0.76,-0.68,-0.245,0
YAR075W,0.26,0.21,0.155,0.1,0.47,-0.21,0.41,0.12,0.21,-0.46,-0.08,0.12,0.19,-0.37,0.09,-0.33,0.22,-0.1,0.75,-0.23,0.35,-0.76,-0.505,0
YBL003C,0.215,1.26,1.375,1.49,1.03,0.13,-0.64,-1.33,-1.91,-1.12,-0.31,1.11,1.24,1.79,1.33,0.85,0.3,0.06,-0.44,-1.15,-0.83,-0.81,-0.5,1
YBL005W,0.14999999,-0.02,0.205,0.43,0.06,0.36,0.31,0.35,-0.32,0.47,-0.16,0.2,-0.44,0.39,-0.4,0.13,-1.64,-0.1,-0.47,0.03,0.21,0.0,0.065,0
YBL007C,-0.28,-0.21,-0.089999996,0.03,0.4,0.24,0.01,0.22,0.14,-0.55,-0.22,-0.37,0.21,-0.21,-0.15,-0.13,0.51,-0.26,0.66,0.1,0.54,0.03,-0.08,0
YBL008W,0.095,0.06,0.03,0.0,0.16,-0.43,0.32,-0.06,0.12,0.09,0.0,0.16,0.41,0.19,0.17,-0.45,0.2,-0.6,0.05,-0.16,0.69,-0.55,-0.35500002,0
YBL009W,0.62,0.91,0.75,0.59,0.52,-0.47,-0.02,-0.56,-0.73,-0.11,0.03,0.18,0.22,0.5,0.18,0.41,-0.02,0.13,-0.13,-0.25,0.07,-0.73,-0.555,1
YBL011W,0.08500001,-0.1,-0.060000002,-0.02,0.0,0.17,-0.37,-0.16,-0.34,-1.83,0.1,1.1,-0.06,0.92,0.06,0.39,0.11,0.11,-0.02,0.17,0.79,0.22,0.2,0
YBL017C,-0.59,-0.7,-0.285,0.13,0.46,-0.04,0.3,0.01,0.01,-0.04,-0.28,-0.21,0.35,0.12,0.37,-0.04,0.27,-0.04,0.44,0.07,0.38,-0.1,-0.015000001,0
YBL027W,0.48000002,0.56,0.35,0.14,-0.45,0.31,-0.23,0.29,-0.92,0.41,-0.34,0.19,-0.6,0.57,-0.99,-0.02,-0.5,0.29,-0.52,0.29,0.16,0.26,0.23499998,0
YBL029W,0.085,0.08,0.055,0.03,-0.28,-0.56,1.44,-0.1,-0.69,-0.62,-0.28,0.28,-0.45,0.98,-0.43,-0.07,-0.12,0.14,-0.12,0.41,0.43,-0.27,-0.21000001,0
YBL031W,0.36499998,0.59,0.26999998,-0.05,-0.09,-0.84,0.36,-0.34,2.14,-0.44,-0.03,0.34,0.14,0.01,0.05,0.03,0.09,-0.61,0.28,-0.22,0.34,-0.58,-0.53999996,0
YBL033C,0.315,0.09,-0.019999996,-0.13,-0.62,-0.2,-0.01,0.01,-0.41,-0.01,-0.52,0.07,-0.28,0.13,-0.64,0.13,-0.22,0.23,-0.3,0.01,0.22,0.5,0.44,0
YBL047C,-0.55,-0.55,-0.31,-0.07,0.3,0.04,0.13,-0.04,0.08,-0.02,-0.01,0.19,0.48,0.14,0.22,-0.12,-0.08,-0.35,0.52,-0.13,0.53,-0.18,-0.17500001,0
YBL051C,1.115,1.12,0.22,-0.68,0.46,-2.46,0.66,-2.17,0.41,-4.05,0.8,0.78,0.92,0.85,0.46,-1.72,0.01,-2.46,0.69,0.97,0.73,1.08,0.94000006,0
YBL052C,-0.285,0.14,0.23500001,0.33,0.01,0.09,1.7,-0.09,-0.3,-0.4,-0.38,-0.59,-0.01,0.1,0.26,0.01,0.17,-0.28,0.22,0.7,-0.03,-0.26,-0.205,1
YBL053W,0.315,0.56,0.48000002,0.4,-0.13,0.23,0.46,0.1,-0.3,-0.6,-0.05,-0.21,0.23,0.31,-0.39,0.54,-0.79,-0.21,0.0,0.18,-0.33,-0.15,-0.075,0
YBL060W,0.125,0.11,-0.045,-0.2,-0.13,-0.18,0.37,0.05,0.06,-0.18,-0.33,0.41,-0.13,-0.03,-0.22,-0.13,-0.05,-0.29,0.29,0.56,-0.01,0.22,-0.034999996,0
YBL061C,0.92,0.93,0.245,-0.44,-0.4,-0.4,0.07,-0.19,0.22,0.25,0.43,0.41,0.07,-0.69,-0.19,-0.24,-0.91,-0.98,-0.11,0.09,0.04,0.38,0.19,1
YBL063W,0.28,0.49,0.485,0.48,0.64,0.23,0.12,-0.36,-0.28,-0.09,-0.42,0.23,-0.4,0.42,-0.13,0.35,0.06,-0.04,-0.14,-0.54,-0.2,-0.3,-0.18,1
YBL066C,0.065,0.03,0.23,0.43,0.15,0.47,0.32,0.36,-0.04,0.39,-0.1,0.12,-0.24,0.17,-0.14,0.05,-0.24,0.2,-0.8,-0.57,-0.44,-0.06,-0.024999999,0
YBL075C,-0.755,-0.95,-0.585,-0.22,-1.15,0.08,-0.66,-0.15,-0.61,-0.08,-0.83,0.08,-0.61,-0.61,-0.3,0.57,0.08,0.31,0.96,0.46,1.07,0.91,0.975,0
YBL077W,0.040000003,0.09,0.055,0.02,0.01,0.19,0.38,0.14,0.14,0.11,0.19,0.01,0.49,0.02,-0.38,-0.01,-0.24,0.04,-0.24,-0.26,0.02,-0.05,-0.075,0
YBL079W,-0.060000002,-0.18,0.049999997,0.28,0.18,0.25,-0.16,0.21,0.09,0.15,-0.22,-0.11,-0.22,-0.11,-0.11,0.09,0.21,0.04,0.43,-0.53,0.16,-0.01,-0.25,0
YBL084C,-0.185,-0.57,-0.505,-0.44,0.03,-0.12,0.5,-0.02,-0.01,0.03,-0.07,0.62,0.1,0.33,0.24,-0.24,-0.05,-0.07,0.21,-0.22,0.29,-0.44,-0.34,0
YBL088C,-0.315,-0.55,-0.345,-0.14,0.25,0.23,-0.01,-0.06,-0.34,-0.01,-0.21,0.9,-0.47,-0.34,0.58,-0.45,0.15,0.05,0.57,0.02,0.9,-0.23,-0.325,0
YBL097W,-0.15,-0.05,0.275,0.6,0.27,0.1,0.75,-0.03,-0.17,-0.56,0.01,0.27,0.1,0.56,0.83,-0.47,0.45,-0.05,-0.1,-0.47,0.39,-0.93,-0.47,0
YBL099W,-0.83000004,-0.55,-0.17000002,0.21,-0.01,0.55,-0.23,0.35,0.57,0.3,0.19,0.23,0.13,-0.06,-0.32,0.07,0.25,0.3,0.29,-0.45,-0.11,0.17,0.08,0
YBL101C,0.0,-0.1,-0.08,-0.06,-0.24,0.05,-0.51,0.18,0.16,0.16,0.18,-0.06,0.13,-0.11,-0.36,-0.22,-0.22,0.21,-0.01,0.1,0.04,0.2,0.1,0
YBL101W-B,0.735,0.6,0.70500004,0.81,-0.14,0.75,-0.82,0.77,-0.69,0.49,-0.3,0.09,-0.51,0.4,-0.93,0.14,-0.86,-0.23,-0.75,-0.32,-1.09,0.21,0.19999999,0
YBL103C,0.39999998,0.32,0.16499999,0.01,-0.23,0.06,-0.23,0.08,-0.46,0.03,0.13,0.01,0.53,-0.02,-0.21,0.11,0.18,-0.3,-0.28,-0.34,-0.36,0.24,0.185,0
YBL105C,0.17,0.02,0.095,0.17,-0.15,0.17,-0.5,0.38,-0.04,0.15,0.02,0.09,-0.22,0.04,-0.34,0.18,0.06,-0.15,0.07,-0.13,-0.13,0.07,0.035,0
YBR008C,0.08,0.43,0.465,0.5,0.5,0.18,-0.24,-0.5,-0.45,-0.45,-0.2,0.23,0.41,0.4,0.51,0.5,0.63,0.03,0.07,-0.59,-0.45,-0.37,-0.35500002,1
YBR014C,0.325,0.35,0.32999998,0.31,-0.14,0.19,-0.28,0.21,-0.72,0.19,-0.64,-0.2,-0.37,0.13,-0.11,0.32,-0.16,0.12,-0.69,0.1,-0.58,0.21,0.225,0
YBR016W,0.33499998,0.39,0.22999999,0.07,-0.3,0.09,-0.93,-0.15,-1.17,0.36,-0.35,0.36,-0.12,0.33,0.07,-0.3,-0.04,0.3,-0.75,-0.23,-0.35,0.67,0.69,0
YBR030W,0.71500003,0.6,0.35000002,0.1,-0.19,0.39,-0.46,0.26,-0.55,0.3,-0.26,-0.06,-0.19,-0.14,-0.21,0.36,0.08,0.18,-0.46,-0.26,-0.64,0.14,0.02,0
YBR032W,0.114999995,-0.03,0.095,0.22,0.23,0.22,-0.32,0.23,0.27,0.15,0.1,0.02,0.1,-0.53,0.36,0.27,0.85,0.02,0.19,-0.98,0.03,-0.38,-0.53,0
YBR033W,0.015000001,-0.19,-0.305,-0.42,0.27,-0.19,0.18,0.05,0.33,0.2,-0.23,-0.31,-0.09,-0.41,0.54,-0.03,0.21,-0.41,0.12,-0.16,0.77,0.02,-0.17999999,0
YBR038W,-2.31,-2.69,-1.5600001,-0.43,0.57,0.67,1.71,1.42,1.83,0.23,-0.46,-1.1,-1.43,-0.93,-0.28,0.15,0.72,1.0,1.02,0.41,1.22,-0.01,-0.295,1
YBR048W,-0.21000001,-0.05,-0.010000001,0.03,0.63,0.19,0.36,0.08,0.33,0.06,0.01,0.02,-0.01,-0.16,0.13,-0.38,0.4,-0.1,0.14,0.11,0.08,-0.27,-0.345,0
YBR054W,-2.3200002,-3.16,-2.38,-1.6,-0.2,0.1,0.98,1.36,2.14,1.02,0.76,-0.46,-0.73,-1.67,-1.39,-0.52,0.75,0.61,1.51,0.93,1.44,0.19,0.024999999,1
YBR056W,-1.155,-0.99,-0.78,-0.57,-0.04,-1.01,0.37,-0.38,-0.02,0.07,0.17,-0.04,0.32,-0.05,-0.13,-0.49,-0.04,-0.32,0.22,1.14,0.8,0.86,0.905,0
YBR058C,0.345,0.23,0.14,0.05,-0.3,-0.23,0.26,0.08,-0.1,0.14,-0.12,-0.19,-0.21,0.22,-0.12,-0.42,-0.1,0.02,-0.12,-0.06,0.29,0.1,-0.08,0
YBR060C,0.405,0.5,0.37,0.24,-0.3,0.31,-0.35,0.39,-0.5,0.24,-0.41,0.02,0.29,0.25,-0.73,0.36,-0.38,0.29,-0.53,0.04,-0.84,0.38,0.155,0
YBR068C,-0.29999998,0.05,-0.42,-0.89,0.63,-0.65,0.69,-0.49,0.86,-0.55,0.26,-0.26,0.18,0.15,0.96,-0.16,0.39,-0.13,0.64,0.31,1.11,-0.73,-0.65,0
YBR070C,0.53499997,0.58,0.16499999,-0.25,0.3,-1.43,-0.22,-1.55,0.09,-0.04,0.47,0.59,0.82,-0.03,0.8,-0.43,-0.17,-0.91,0.2,0.17,1.03,-0.22,-0.195,1
YBR074W,-0.22999999,-0.29,-0.32999998,-0.37,0.4,-0.87,0.65,-0.28,0.94,-0.21,0.3,-0.33,0.45,-0.33,0.61,-0.06,0.06,-0.35,0.79,0.37,0.76,-0.53,-0.565,0
YBR076W,0.03,0.03,-0.11,-0.25,0.93,-1.46,0.81,-1.22,0.74,-0.6,0.4,0.08,0.54,-0.34,0.94,-0.2,0.46,-0.85,0.95,0.3,1.43,-1.28,-0.92999995,0
YBR078W,-0.51,-0.38,-0.00999999,0.36,0.76,0.53,0.5,-0.05,0.32,-0.35,-0.23,0.05,0.17,0.07,0.38,0.38,-0.07,0.32,0.6,-0.47,0.68,-0.64,-0.705,0
YBR080C,0.41,0.37,0.335,0.3,-0.01,-0.01,0.11,0.11,-0.2,0.22,0.02,0.12,-0.61,0.7,-0.05,0.17,-0.3,-2.2,-0.37,0.04,0.47,0.16,0.175,0
YBR081C,0.22999999,0.38,0.28,0.18,0.18,-0.37,0.03,-0.17,-0.29,-0.19,-0.39,1.05,-0.46,0.0,0.4,-0.48,0.03,-0.33,0.18,0.21,0.66,0.03,-0.16,0
YBR082C,0.16499999,0.07,-0.015000001,-0.1,-0.45,-0.17,-0.53,-0.26,-0.84,-0.06,-0.65,-0.3,-1.48,-0.19,-0.23,0.38,-0.04,0.5,-0.56,0.74,0.74,0.88,0.8,0
YBR084C-A,0.41,0.47,0.36,0.25,-0.25,0.34,-0.29,0.26,-0.54,0.35,-0.43,0.15,-0.76,0.29,-0.74,0.15,-0.59,0.34,-0.85,0.44,0.0,0.4,0.29000002,0
YBR085W,-0.615,-0.52,-0.35,-0.18,0.39,-0.37,0.5,-0.42,0.69,-0.08,0.75,-0.31,0.76,-0.28,0.28,-0.4,0.52,-0.31,0.64,0.11,1.19,-0.52,-0.53,0
YBR087W,0.8,0.87,0.525,0.18,-0.68,-0.26,-0.36,-0.17,-0.71,0.19,-0.12,0.42,-0.21,0.06,-0.21,0.28,-0.23,-0.03,-0.68,-0.24,0.26,0.25,0.16499999,1
YBR089C-A,-0.17500001,-0.15,-0.59999996,-1.05,0.62,-1.05,0.49,-0.98,0.31,-0.42,0.11,-0.14,0.24,0.1,1.09,0.04,0.22,-0.15,0.63,0.43,0.98,-0.15,-0.26999998,0
YBR092C,-2.565,-2.87,-2.235,-1.6,-0.65,0.23,1.91,1.57,2.41,0.28,0.04,-0.93,-1.03,-1.56,-0.15,0.02,0.9,0.99,2.0,1.42,1.8,-0.23,-0.48000002,1
YBR094W,-0.114999995,-0.35,-0.39,-0.43,0.14,-0.08,0.57,0.05,0.49,-0.12,-0.24,-0.42,-0.3,-0.43,0.42,0.17,0.07,-0.07,0.43,0.7,0.46,-0.33,-0.38,1
YBR096W,-0.985,-0.76,-0.44,-0.12,0.85,-0.07,0.6,-0.14,0.86,-0.35,-0.2,-0.15,0.46,-0.15,0.9,0.01,-0.08,-0.14,0.77,0.15,0.46,-0.38,-0.39999998,0
YBR097W,-0.315,-0.42,0.02000001,0.46,0.69,-0.06,0.48,-0.09,0.29,-0.16,0.36,-0.59,0.32,0.31,0.44,-0.12,-0.04,-0.42,0.24,-0.18,0.19,-0.31,-0.41,0
YBR098W,0.21000001,-0.01,-0.080000006,-0.15,0.15,-1.04,0.38,-0.44,0.6,-0.2,0.38,-0.27,0.38,-0.1,0.51,-0.12,0.13,-0.4,0.36,0.65,0.3,-0.38,-0.33499998,0
YBR110W,0.65999997,0.83,-1.09,-3.01,0.94,-3.6,1.66,-2.43,1.21,-2.43,0.85,0.81,0.74,0.83,1.19,-1.51,0.76,-2.27,1.02,0.74,1.02,0.65,0.61,0
YBR112C,0.049999997,0.08,0.12,0.16,0.31,-0.41,-0.18,-0.44,-0.13,-0.08,0.03,-0.02,0.08,0.31,0.5,0.64,0.06,-0.29,-0.18,0.74,-0.15,-0.12,-0.21000001,0
YBR116C,-0.13499999,-0.06,-0.07,-0.08,-0.53,-0.02,0.31,0.1,-0.3,0.13,0.11,0.03,0.08,-0.32,0.25,0.0,0.25,-0.58,0.51,-0.08,0.59,-0.02,-0.135,0
YBR118W,-0.44,-0.39,-0.255,-0.12,0.28,-0.08,0.27,-0.21,0.44,-0.07,0.02,-0.03,0.03,-0.15,0.34,0.45,0.15,0.0,-0.12,0.43,0.57,-0.18,-0.265,0
YBR122C,-0.525,-0.62,-0.49,-0.36,-0.13,-0.51,-0.4,-0.36,0.34,0.01,0.14,0.06,-0.04,-0.02,0.1,0.42,0.2,0.18,-0.24,0.73,0.43,0.15,0.120000005,0
YBR128C,0.095,0.02,-0.13499999,-0.29,-0.09,-0.13,0.32,-0.02,0.04,-0.13,-0.15,-0.11,-0.55,-0.13,0.29,0.09,0.0,-0.25,0.13,0.32,-0.05,0.24,0.185,0
YBR130C,-0.005000003,0.13,0.25,0.37,-0.2,0.3,-0.24,-0.03,0.08,-0.07,-0.59,-0.2,0.32,0.17,-0.43,0.43,-0.32,0.08,-0.22,0.07,-0.36,0.46,0.345,0
YBR134W,-0.205,-0.12,-0.004999999,0.11,0.14,0.19,0.53,0.11,0.37,-0.25,0.07,-0.39,0.52,-0.06,-0.18,0.04,0.41,-0.34,0.45,-0.14,0.6,-0.27,-0.345,0
YBR136W,0.009999998,-0.24,-0.205,-0.17,0.2,-0.45,-0.25,-0.14,0.13,0.05,0.34,1.18,0.08,-0.85,0.48,-0.85,0.1,-0.53,0.45,0.06,0.76,-0.45,-0.32,0
YBR138C,-0.88,-0.85,-0.615,-0.38,0.49,0.49,0.92,0.57,0.66,-2.56,0.38,-0.49,0.21,-0.85,0.34,0.42,0.56,0.4,0.46,1.56,1.05,-1.26,-0.865,1
YBR140C,-0.39499998,-0.42,-0.235,-0.05,0.3,-0.05,0.32,-0.19,0.21,0.06,0.01,-0.32,0.13,0.08,0.43,-0.01,-0.15,0.19,0.29,-0.52,0.51,-0.01,0.005,0
YBR142W,0.625,0.35,0.03999999,-0.27,-0.2,-0.2,0.13,0.08,0.06,0.09,0.18,-0.22,-0.12,-0.25,-0.34,0.25,-0.22,-0.04,-0.42,0.65,-0.09,-0.28,-0.43,0
YBR146W,-0.38,-0.54,-0.595,-0.65,0.26,-0.81,0.2,-0.75,0.58,-0.28,0.43,-0.01,0.51,0.1,0.5,-0.37,0.21,-0.49,0.52,0.67,0.92,-0.15,-0.14500001,0
YBR148W,0.18,0.15,0.035000004,-0.08,-0.24,-0.14,0.29,0.07,-0.14,-0.03,0.24,0.29,0.45,0.06,-0.07,0.29,-0.05,0.06,0.34,-0.35,0.38,-0.26,-0.305,0
YBR156C,-0.045,0.06,0.125,0.19,-0.15,0.25,-0.19,0.08,0.21,0.19,-0.01,0.11,-0.03,0.06,-0.32,0.13,0.06,0.21,-0.15,-0.62,0.33,-0.11,0.11000001,0
YBR158W,0.81500006,-0.59,-0.96500003,-1.34,-1.53,-0.77,-1.0,-0.65,0.2,1.56,1.6,1.19,0.41,-0.02,-1.2,-0.73,-0.83,-0.62,-0.48,0.09,0.35,1.44,1.2950001,1
YBR160W,0.27499998,0.29,0.015000001,-0.26,-0.13,-0.37,0.29,-0.03,0.24,-0.08,0.14,-0.16,0.06,-0.14,-0.02,0.1,-0.33,-0.18,-0.33,0.56,0.15,-0.09,-0.18,0
YBR161W,-0.09,0.02,0.0,-0.02,0.35,-0.25,-0.02,-0.86,-0.08,-0.2,0.68,0.21,0.94,0.22,0.9,0.1,-0.07,-0.45,0.21,-0.04,0.21,-0.3,-0.365,1
YBR162C,-0.45999998,-0.27,-0.2,-0.13,0.74,-0.2,0.45,-0.62,0.65,-0.52,0.4,0.0,0.92,-0.07,0.75,0.22,0.78,-0.14,0.45,-0.28,0.33,-0.6,-0.625,0
YBR162W-A,0.55,0.49,0.21000001,-0.07,0.57,-0.03,0.07,-0.11,-0.35,-0.13,-0.25,-0.02,-0.25,0.12,-0.27,0.17,-0.82,0.0,-0.64,0.65,-1.05,0.27,0.14500001,0
YBR163W,0.03,0.0,-0.03,-0.06,0.12,-0.32,0.05,-0.17,0.35,-0.05,0.15,-0.18,0.22,-0.13,0.3,0.22,0.25,-0.24,-0.08,0.44,0.21,-0.14,-0.31,0
YBR164C,0.085,-0.08,-0.19,-0.3,-0.03,-0.27,0.32,-0.06,-0.17,0.09,-0.11,-0.16,0.01,-0.1,-0.42,0.17,-0.77,0.1,-0.32,0.66,-0.19,0.45,0.34,0
YBR165W,0.01,-0.02,-0.02,-0.02,0.25,-0.06,-0.28,-0.05,0.4,-0.11,-0.39,-0.05,0.21,-0.28,0.7,0.16,0.12,0.02,0.2,0.32,0.41,-0.55,-0.445,0
YBR166C,0.255,0.31,0.07,-0.17,0.1,-0.33,0.03,-0.22,-0.16,0.06,0.05,0.64,-0.07,0.04,0.15,-0.59,-0.51,-0.42,-0.17,0.09,0.4,0.13,0.13499999,0
YBR167C,0.015,0.02,-0.13499999,-0.29,0.22,-0.33,-0.02,-0.18,0.15,-0.31,0.02,-0.21,-0.12,-0.62,0.67,0.19,0.14,-0.06,-0.02,0.96,0.18,-0.05,-0.08,0
YBR168W,-0.185,-0.14,-0.39499998,-0.65,0.37,-0.59,0.44,-0.42,0.44,-0.5,0.03,-0.53,0.7,-0.12,0.24,-0.12,-0.14,-0.07,0.74,0.57,0.46,-0.14,-0.14,0
YBR169C,-0.305,-0.4,-0.385,-0.37,-0.05,-0.52,-0.37,-0.94,-0.47,-0.69,-0.61,-0.37,-0.63,-0.58,0.6,0.38,0.45,0.04,0.13,0.96,1.28,0.73,0.69500005,0
YBR170C,0.114999995,0.04,0.005,-0.03,-0.44,-0.07,-0.28,-0.09,-0.34,0.31,-0.05,0.28,-0.32,0.12,-0.09,0.14,0.19,0.16,-0.54,-0.23,0.17,-0.09,0.24999999,0
YBR171W,0.5,0.48,0.41,0.34,-0.63,0.37,-0.66,0.33,-0.49,-0.96,-0.34,0.51,-0.22,0.39,-0.54,0.4,-0.39,0.44,-0.63,-0.14,-0.46,0.44,0.37,0
YBR172C,0.035,0.07,0.195,0.32,0.05,0.72,-0.03,0.43,-0.17,0.27,-0.66,-0.1,-0.77,-0.23,-0.4,0.72,-0.06,0.26,-0.1,0.38,-0.63,0.02,-0.125,0
YBR173C,-0.08,0.0,-0.005,-0.01,-0.35,0.06,-0.31,-0.02,-0.24,0.03,-0.28,0.11,-0.33,-0.29,-0.23,0.0,0.21,0.27,-0.08,-0.05,0.31,0.52,0.48,0
YBR175W,-0.035,-0.05,-0.045,-0.04,-0.02,0.26,-0.07,0.12,-0.39,0.15,-0.04,0.06,0.25,-0.29,-0.16,-0.07,0.46,0.23,0.35,-0.41,0.15,-0.05,-0.115,0
YBR176W,0.114999995,0.24,-0.005000003,-0.25,0.15,-0.06,0.09,0.08,0.11,-0.02,-0.15,0.27,0.01,-0.08,-0.27,-0.19,0.09,-0.23,0.35,0.21,0.24,-0.08,-0.225,0
YBR177C,-0.125,0.11,0.335,0.56,0.18,0.39,-0.33,0.25,-0.55,0.09,-0.02,0.29,0.15,0.15,0.22,0.11,0.22,0.06,0.13,-0.52,-0.17,-0.26,-0.205,0
YBR178W,-0.22,-0.04,-0.14999999,-0.26,0.73,-0.26,0.45,-0.69,0.24,-0.26,0.16,-0.07,0.22,0.07,0.21,-0.37,0.52,-0.37,0.87,0.19,0.76,-0.3,-0.385,0
YBR179C,0.035,-0.03,0.035,0.1,-0.38,0.19,-0.69,0.37,-0.04,0.32,-0.3,-0.08,-0.11,0.11,-0.52,0.11,-0.11,0.2,0.07,-0.06,-0.41,0.58,0.39,0
YBR180W,0.040000003,-0.1,-0.135,-0.17,0.54,-0.29,0.54,-0.19,0.28,-0.29,-0.06,-0.27,0.16,0.01,0.13,-0.33,0.31,-0.33,0.49,0.64,0.81,-0.72,-0.68,0
YBR181C,0.155,0.21,0.13499999,0.06,-0.16,0.18,0.08,0.08,-0.08,-0.01,-0.16,-0.01,-0.19,-0.05,-0.08,-0.29,0.1,0.06,0.21,0.28,-0.07,0.01,-0.06,0
YBR182C,0.435,0.49,0.215,-0.06,0.23,-0.53,0.31,-0.21,0.02,0.05,-0.1,0.24,0.15,-0.36,-0.07,-0.34,0.3,-0.76,0.5,0.36,0.68,-0.29,-0.45999998,0
YBR183W,-0.95500004,-0.93,-0.99,-1.05,0.59,-0.61,0.06,-0.24,0.68,-0.05,0.29,0.11,0.66,-0.28,0.97,-0.27,0.35,-0.28,0.46,0.48,1.29,-0.1,-0.04,0
YBR184W,-0.195,0.0,-0.305,-0.61,0.45,-0.67,0.62,-0.59,0.44,-0.78,0.51,-0.87,0.77,-0.19,0.99,-0.15,0.21,-0.02,0.48,0.52,1.21,-0.61,-0.57500005,0
YBR185C,-0.745,-0.72,-0.69500005,-0.67,0.25,-0.57,-0.36,-0.19,0.37,-0.18,0.17,0.09,0.43,-0.05,0.68,0.09,0.25,0.0,0.32,0.86,0.8,-0.03,-0.07,0
YBR186W,0.065,0.09,-0.08499999,-0.26,0.74,-0.69,0.59,-0.58,0.32,-1.3,0.46,0.09,0.04,0.04,0.64,-0.03,0.19,-0.3,0.79,0.3,0.58,-0.75,-0.64,0
YBR187W,-0.105,0.0,-0.015,-0.03,1.06,-0.1,0.42,-0.43,0.74,-0.55,0.41,-0.21,0.67,-0.07,0.54,0.0,0.19,-0.15,0.57,-0.37,0.39,-0.96,-0.97,0
YBR189W,-0.07,0.02,0.024999999,0.03,0.48,0.04,-0.4,0.04,0.14,-0.02,0.03,0.04,-0.16,0.32,-0.1,-0.07,-0.62,0.1,-0.29,0.92,0.21,-0.02,-0.114999995,0
YBR190W,0.03,-0.02,-0.255,-0.49,0.86,-1.1,0.85,-0.26,0.47,-0.26,0.65,-0.7,0.28,-0.35,0.77,-0.39,0.22,-0.2,1.2,0.63,0.52,-1.3,-1.06,0
YBR191W,-0.26999998,-0.15,-0.07,0.01,0.38,-0.04,0.26,-0.02,0.35,-0.02,0.14,0.07,-0.1,-0.01,0.16,-0.09,-0.41,-0.06,-0.05,0.77,0.48,-0.21,-0.26,0
YBR192W,-0.22500001,-0.46,-0.44,-0.42,-0.11,-0.5,-0.66,-0.23,0.41,0.15,0.25,0.05,-0.05,-0.17,0.0,0.08,-0.23,-0.03,0.46,0.7,-0.15,0.34,0.235,0
YBR195C,0.525,0.34,0.265,0.19,-0.15,0.13,-0.34,0.14,-0.56,0.27,-0.03,0.1,-0.22,0.07,-0.49,0.08,0.16,0.02,-0.3,-0.2,-0.28,-0.24,-0.14,0
YBR196C,-0.68,-0.5,-0.255,-0.01,0.6,0.27,0.59,0.07,0.51,-0.08,-0.01,-0.04,0.3,-0.35,0.0,-0.05,0.45,0.0,0.7,0.04,0.19,-0.32,-0.365,0
YBR198C,0.145,-0.02,0.115,0.25,-0.07,0.23,-0.2,0.18,-0.47,0.21,-0.54,0.09,-0.16,0.12,-0.47,0.1,-0.05,-0.02,0.07,0.24,-0.25,0.21,0.06999999,0
YBR199W,-0.25,-0.24,-0.13499999,-0.03,-0.08,0.12,-0.23,-0.08,-0.3,0.33,-0.24,0.29,0.09,0.12,0.18,0.06,-0.17,0.09,-0.49,-0.3,0.48,0.45,0.38,0
YBR200W,-0.019999996,-0.5,-0.47,-0.44,-0.64,0.08,0.26,0.56,0.11,0.54,-0.17,-0.19,-0.79,-0.59,-1.02,-0.07,-0.21,0.18,0.14,0.14,-0.02,0.65,0.48499998,1
YBR201W,-0.05,-0.07,-0.225,-0.38,-0.17,-0.42,-0.02,-0.23,-0.13,0.14,0.26,0.24,0.05,-0.31,-0.05,-0.21,0.09,0.05,-0.23,0.15,0.39,0.34,0.245,0
YBR202W,-0.875,-1.78,-1.65,-1.52,-1.26,0.29,0.6,1.38,0.85,1.22,0.1,-0.1,-0.75,-1.18,-1.47,-0.32,-0.07,0.59,0.81,0.48,0.64,0.86,0.48000002,1
YBR204C,-0.065,-0.19,-0.41,-0.63,-0.1,-0.51,-0.19,-0.25,0.0,0.21,0.03,0.17,0.21,-0.46,0.16,-0.3,0.11,-0.43,0.15,0.32,0.28,0.51,0.43,1
YBR206W,0.105000004,0.1,-0.029999997,-0.16,0.22,-0.07,-0.09,-0.12,-0.12,-0.11,-0.16,0.16,-0.06,-0.23,0.26,-0.21,0.21,-0.11,0.32,0.08,0.22,-0.12,-0.15,0
YBR207W,-0.69,-0.83,-0.49,-0.15,0.34,-0.35,0.44,-0.31,0.51,0.03,0.41,-0.11,0.34,-0.21,0.72,0.21,0.32,-0.21,0.27,0.2,0.71,-0.4,-0.47500002,0
YBR208C,-0.305,-0.25,-0.285,-0.32,0.56,-0.48,0.6,-0.21,0.17,-0.32,0.23,-0.36,0.27,-0.03,0.36,-0.4,0.18,-0.4,0.77,0.5,1.11,-0.52,-0.33999997,0
YBR209W,-0.045,-0.2,0.029999994,0.26,0.44,-1.01,0.29,-0.35,0.53,-0.3,0.83,-0.16,0.46,-1.2,0.8,-0.59,0.81,-0.67,0.66,0.48,1.17,-0.73,-0.71500003,0
YBR210W,-0.08,0.03,-0.08,-0.19,0.47,-0.05,0.54,-0.1,0.6,-0.19,-0.04,-0.04,0.11,-0.46,0.09,0.04,-0.17,0.06,0.56,-0.04,-0.05,-0.22,-0.35,0
YBR211C,-0.305,-0.48,-0.275,-0.07,0.32,-0.28,0.43,-0.21,0.14,-0.22,0.37,-0.09,0.25,-0.49,0.64,0.13,0.39,-0.04,0.13,0.15,0.57,-0.28,-0.435,0
YBR215W,0.06,0.06,-0.045,-0.15,0.04,-0.64,1.21,-0.31,0.0,-0.2,0.15,-0.1,0.15,-0.02,0.2,-0.05,-0.02,-0.25,0.01,0.54,0.49,-0.07,-0.215,0
YBR217W,-0.275,-0.07,-0.205,-0.34,0.23,-0.48,0.35,-0.17,-0.17,-0.4,0.34,-0.24,0.27,-0.26,0.12,0.02,0.51,-0.11,0.19,0.76,0.56,-0.11,-0.14,0
YBR218C,-0.11,-0.35,-0.3,-0.25,-0.25,-0.23,-0.16,0.06,0.15,0.5,0.22,0.16,0.13,0.36,-0.23,-0.27,-0.11,-0.37,0.16,-0.18,0.65,-0.06,-0.06,0
YBR219C,0.17500001,0.18,0.165,0.15,0.0,0.04,-0.42,0.09,-0.12,-0.1,-0.03,0.02,0.15,0.06,0.12,-0.07,0.34,0.02,0.29,-0.44,0.37,-0.35,-0.37,0
YBR220C,0.0,0.09,-0.024999999,-0.14,0.33,-0.14,0.4,-0.04,0.47,-0.22,-0.03,0.02,0.27,-0.26,0.36,-0.37,0.46,-0.24,0.59,-0.22,0.13,-0.54,-0.56,0
YBR221C,-0.615,-0.5,-0.34,-0.18,0.05,0.01,-0.46,-0.02,-0.08,0.01,0.02,0.08,0.44,-0.12,0.2,0.06,0.76,0.24,0.6,-0.6,0.72,0.02,-0.005,0
YBR222C,-0.405,-0.02,0.03,0.08,0.48,0.26,0.25,-0.05,0.22,-0.25,-0.04,-0.06,0.45,-0.35,0.34,-0.24,0.79,0.05,0.82,-0.7,0.09,-0.21,-0.225,0
YBR223C,0.18,0.18,-0.034999996,-0.25,-0.21,-0.04,-0.32,0.06,-0.21,0.19,-0.34,-0.17,0.11,-0.13,0.18,-0.04,0.22,-0.48,-0.09,-0.11,0.41,0.3,0.3,0
YBR224W,0.13,0.02,-0.3,-0.62,0.17,-0.44,0.27,-0.85,0.38,-0.09,0.3,0.23,0.31,-0.18,0.47,-0.54,0.23,-0.31,0.47,0.39,0.87,-0.37,-0.34,0
YBR225W,0.27,0.2,0.05,-0.1,-0.16,0.07,-0.07,0.32,-0.2,0.24,-0.2,0.01,0.05,-0.14,0.61,-0.11,0.13,-0.13,0.36,-0.41,0.47,-0.47,-0.16499999,0
YBR226C,0.26,0.1,0.0,-0.1,0.11,-0.05,0.25,0.16,0.22,0.3,0.1,0.37,0.05,0.08,-0.09,-0.02,0.47,-0.3,0.54,0.22,0.25,-0.02,-0.02,0
YBR227C,0.65,0.68,0.335,-0.01,-0.61,0.27,-0.29,0.32,-0.58,0.32,-0.26,0.12,-0.46,0.04,-0.98,0.36,-0.19,0.18,-0.61,0.06,-0.64,0.54,0.43,0
YBR228W,0.105000004,-0.04,-0.17999999,-0.32,0.21,-0.22,0.07,0.21,-0.02,0.2,-0.04,0.06,0.09,-0.28,0.05,-0.3,0.14,-0.01,0.29,-0.11,-0.39,0.06,-0.03,0
YBR231C,0.13,-0.11,-0.305,-0.5,-0.1,-0.36,0.03,-0.26,-0.29,0.03,0.14,-0.05,-0.08,-0.28,-0.08,0.13,0.19,-0.31,0.17,0.92,0.7,-0.02,-0.08,0
YBR232C,0.145,0.0,-0.275,-0.55,-0.06,-0.61,-0.09,-0.19,0.11,0.16,0.29,0.03,0.02,-0.33,0.03,0.03,-0.17,0.02,0.36,0.57,0.1,0.17,0.015000001,0
YBR233W,0.205,0.19,-0.034999996,-0.26,-0.1,-0.52,0.14,-0.37,-0.09,0.01,0.56,0.19,0.23,0.04,-0.13,0.11,0.05,-0.52,0.04,0.44,0.22,0.13,-0.08,0
YBR234C,-0.78,-0.76,-0.525,-0.29,0.49,-0.24,0.17,-0.16,0.83,0.06,0.37,-0.05,0.4,-0.38,0.04,-0.16,-0.02,-0.03,1.01,0.01,0.49,-0.33,-0.25,0
YBR237W,0.15,0.0,-0.175,-0.35,-0.08,-0.39,-0.13,-0.11,-0.35,0.03,0.36,-0.14,0.14,-0.24,-0.02,-0.06,0.11,-0.43,0.1,0.77,0.44,0.14,0.07,0
YBR238C,0.029999994,-0.23,-0.030000001,0.17,0.55,0.06,0.48,0.08,0.87,0.01,-0.05,-0.37,-0.16,-0.53,-0.21,0.41,0.28,-0.08,0.97,-0.51,-0.1,-0.85,-0.92,0
YBR239C,-0.135,-0.12,-0.055,0.01,0.44,-0.02,-0.51,0.02,-0.09,-0.12,0.32,-0.23,0.27,-0.25,0.01,0.04,0.45,0.0,0.54,0.24,0.32,-0.27,-0.31,0
YBR240C,-0.32999998,-0.39,-0.69,-0.99,0.63,-0.77,0.5,-0.4,0.49,-0.44,0.73,-0.48,0.3,0.08,0.27,-0.09,0.62,-0.13,0.85,0.21,0.92,-0.4,-0.45,0
YBR242W,-0.265,-0.08,0.045,0.17,0.72,0.08,0.35,0.02,0.26,-0.47,-0.36,-0.25,-0.11,-0.1,-0.07,0.36,0.37,0.24,0.6,0.14,-0.4,-0.42,-0.485,1
YBR243C,-0.22,0.18,0.425,0.67,0.69,0.71,-0.47,0.05,-0.45,-0.47,-0.47,0.1,0.39,0.19,0.55,0.26,0.76,0.11,0.39,-0.29,-0.17,-0.65,-0.66999996,1
YBR244W,0.35000002,0.3,0.050000004,-0.2,0.12,-0.33,-0.13,-0.33,-0.04,-0.09,0.06,-0.37,0.1,-0.16,0.23,-0.42,0.09,-0.2,0.12,0.23,0.06,0.06,0.105000004,0
YBR245C,0.145,0.08,-0.20500001,-0.49,-0.2,-0.38,0.07,-0.12,-0.2,-0.05,0.18,0.13,0.45,0.55,0.33,-0.57,0.13,-0.45,0.45,0.05,0.7,-0.34,-0.25,0
YBR246W,0.305,0.31,0.185,0.06,-0.03,0.06,-0.28,0.23,-0.19,0.34,-0.17,0.4,-0.19,-0.37,-0.19,-0.14,-0.05,0.08,0.15,-0.19,-0.39,0.03,-0.030000001,0
YBR247C,1.0450001,0.76,0.53999996,0.32,-0.19,0.6,-0.53,0.52,-0.82,0.37,-0.56,-0.05,-0.74,-0.15,-0.95,0.42,-0.05,0.3,-0.56,0.3,-0.88,-0.17,-0.365,0
YBR248C,0.39999998,0.35,0.019999996,-0.31,-0.42,0.1,-0.31,0.27,-0.46,0.05,-0.51,0.1,-0.51,-0.26,-0.33,-0.18,-0.11,0.1,0.05,0.39,-0.35,0.54,0.485,0
YBR249C,0.27,0.34,0.31,0.28,0.3,0.36,-0.41,0.24,-0.26,0.29,-0.1,0.24,0.05,0.01,-0.91,0.07,-0.13,0.22,-0.22,-0.1,-0.17,-0.09,-0.095,0
YBR250W,-0.07,-0.11,-0.275,-0.44,0.48,-0.48,0.14,-0.26,0.12,-0.22,-0.03,-0.06,0.2,-0.42,0.3,-0.51,0.41,-0.29,0.59,0.65,0.82,-0.31,-0.31,0
YBR251W,-0.05,-0.17,-0.27,-0.37,-0.72,0.09,-0.64,0.29,-0.83,0.51,-0.44,0.32,-0.41,-0.05,0.34,0.23,-0.32,0.21,-0.68,0.53,-0.43,0.93,0.82,0
YBR252W,0.34,0.36,0.22,0.08,0.23,0.08,0.04,-0.04,-0.42,0.08,-0.3,0.23,0.07,-0.35,0.41,-0.09,0.2,0.07,0.0,-0.15,-0.52,-0.18,-0.255,0
YBR253W,0.22,0.24,0.034999996,-0.17,0.1,0.33,-0.19,0.12,-0.46,0.07,-0.6,0.42,-0.19,-0.36,-0.44,0.01,0.23,0.13,-0.36,0.59,-0.22,0.15,0.155,0
YBR254C,-0.07,0.0,-0.255,-0.51,0.04,-0.09,0.07,-0.02,-0.31,-0.12,-0.28,0.15,-0.21,-0.33,0.29,-0.12,0.97,0.13,0.35,0.35,-0.19,0.03,-0.015,0
YBR255W,0.16,0.19,0.06,-0.07,0.26,-0.57,0.21,-0.48,0.17,-0.15,-0.08,0.12,-0.24,0.25,0.34,0.03,0.0,-0.12,0.25,0.83,0.56,-1.59,-0.75,0
YBR256C,-0.089999996,-0.06,-0.08,-0.1,-0.07,-0.17,-0.14,-0.04,-0.46,-0.04,-0.15,0.01,-0.12,-0.02,-0.35,0.22,-1.35,0.36,-0.24,0.72,-0.15,0.64,0.565,1
YBR257W,-0.43,-0.54,-0.23500001,0.07,0.14,-0.54,0.5,-0.37,0.13,-0.66,-0.22,0.05,-0.36,0.21,0.5,0.36,0.02,0.13,0.02,0.64,0.34,-0.4,-0.26,0
YBR258C,0.155,0.18,-0.13,-0.44,0.07,-0.36,-0.14,-0.23,-0.34,-0.16,0.06,-0.34,0.15,-0.41,-0.1,0.09,-0.26,-0.19,-0.05,0.76,0.2,0.56,0.37,0
YBR259W,-0.27,-0.34,-0.235,-0.13,0.25,-0.74,0.35,-0.61,0.25,-0.13,0.16,-0.11,0.18,0.25,0.78,0.06,0.16,-0.34,0.01,0.71,0.62,-0.28,-0.39499998,0
YBR260C,0.055,0.09,0.005000003,-0.08,0.14,-0.08,0.23,-0.14,-0.29,-0.16,0.16,-0.27,0.16,-0.12,-0.34,0.23,-0.89,0.07,0.02,0.63,0.21,0.23,0.095,0
YBR261C,0.35999998,0.24,-0.005000003,-0.25,-0.13,-0.44,0.04,-0.17,0.17,-0.18,-0.29,-0.07,-0.38,0.19,0.02,0.04,-0.49,0.11,-0.18,0.6,0.41,-0.02,-0.12,0
YBR262C,-0.155,-0.38,-0.435,-0.49,0.1,-0.28,-0.04,-0.11,2.06,-0.01,0.14,-0.05,-0.06,-0.21,-0.06,0.13,-0.5,-0.11,-0.21,0.64,-0.01,0.21,-0.32000002,0
YBR263W,-0.095,0.0,0.06,0.12,0.25,0.05,0.36,0.02,-0.16,0.18,-0.34,0.03,-0.09,0.08,0.33,0.21,-0.3,0.12,0.34,0.19,-0.04,-0.23,-0.325,0
YBR264C,-0.205,-0.19,-0.07,0.05,0.21,0.0,0.2,-0.04,-0.04,0.09,0.06,0.03,-0.21,0.02,-0.21,0.26,-0.39,0.16,-0.12,0.06,0.06,0.25,0.135,0
YBR265W,-0.34,-0.27,-0.215,-0.16,0.25,-0.3,0.38,-0.53,0.12,-0.21,-0.16,0.04,0.12,-0.19,0.66,0.32,-0.19,0.19,0.42,0.04,0.77,-0.15,-0.17,0
YBR266C,0.815,0.65,0.45999998,0.27,-0.02,0.33,0.24,0.36,-0.31,0.13,-0.09,-0.22,-0.87,-0.31,-0.78,0.73,-0.52,0.29,-0.34,0.04,-1.07,-0.14,-0.3,0
YBR268W,-0.29500002,-0.26,-0.32999998,-0.4,-0.28,-0.09,-0.11,0.18,-0.35,0.34,-0.35,0.39,-0.26,-0.14,-0.31,0.04,-0.52,0.29,-0.49,0.55,-0.42,0.59,0.615,0
YBR271W,1.025,0.79,0.55,0.31,-0.62,0.37,-0.38,0.42,-0.72,0.4,-0.67,0.21,-0.89,-0.4,-0.2,0.47,-0.3,0.22,-0.64,-0.49,0.06,-0.02,-0.15,0
YBR273C,0.495,0.32,-0.19,-0.7,-0.68,-0.18,-0.18,-0.24,-0.88,0.32,0.08,0.17,-0.55,-0.09,-0.57,0.03,-0.55,-0.09,-0.5,0.24,0.55,0.85,0.79,1
YBR275C,0.275,0.44,0.37,0.3,-0.16,0.11,-0.33,0.01,-0.2,0.26,-0.06,0.27,-0.06,0.29,-0.33,-0.01,0.01,-0.2,-0.04,0.15,-0.12,0.01,-0.024999999,0
YBR279W,0.035000004,-0.08,-0.29999998,-0.52,-0.62,-0.67,0.3,-0.7,2.59,-0.07,-0.4,-0.38,-0.45,-0.08,-0.03,0.38,-0.52,0.0,-0.59,1.07,-0.25,0.38,0.25,0
YBR280C,-0.3,-0.27,-0.38,-0.49,0.09,-0.54,-0.18,-0.25,-0.1,-0.1,0.33,-0.29,0.33,0.1,0.1,-0.11,-0.24,-0.24,0.23,0.68,0.68,0.59,0.42499998,0
YBR281C,-0.09,0.37,0.345,0.32,0.19,-0.62,0.18,-0.44,0.09,-0.33,-0.02,0.15,0.42,0.33,0.65,0.05,-0.4,-0.29,0.15,0.6,0.36,-0.2,-0.24000001,0
YBR282W,-0.39,-0.35,-0.445,-0.54,-0.17,-0.23,-0.29,0.1,-0.43,-0.51,0.0,0.27,-0.21,0.22,-0.51,0.43,-0.62,0.33,-0.39,1.08,0.03,0.91,0.735,0
YBR283C,-0.51,-0.56,-0.445,-0.33,0.48,-0.6,0.67,-0.24,0.92,-0.28,0.24,-0.19,0.39,-0.4,0.7,-0.13,0.54,-0.13,0.98,0.11,0.52,-0.5,-0.56,0
YBR284W,-0.215,-0.06,-0.385,-0.71,0.42,-0.59,-0.26,-0.53,0.09,-0.46,0.21,-0.34,0.2,-0.41,0.46,-0.1,0.18,-0.43,0.56,1.04,1.3,0.31,0.13,0
YBR285W,-0.38,-0.6,-0.53000003,-0.46,0.25,-0.68,0.78,-0.8,0.4,-0.53,0.01,-0.22,0.13,-0.84,1.4,-0.03,0.3,-0.62,0.78,0.51,1.29,-0.12,-0.11,0
YBR286W,-0.39499998,-0.2,-0.120000005,-0.04,0.04,-0.05,0.12,-0.15,0.23,-0.05,-0.09,-0.07,0.13,-0.2,0.53,-0.13,0.58,-0.2,0.73,0.23,0.27,-0.18,-0.245,0
YBR287W,-0.625,-0.6,-0.46,-0.32,0.27,-0.41,0.64,-0.1,0.88,0.04,0.46,-0.12,0.47,-0.4,0.73,-0.16,0.21,-0.21,0.73,-0.05,0.48,-0.5,-0.51,1
YBR288C,0.004999999,0.08,-0.02,-0.12,0.19,-0.06,-0.19,-0.03,-0.07,0.06,0.21,-0.09,0.22,-0.03,-0.28,0.24,-0.35,0.05,0.08,0.31,0.08,0.1,-0.009999998,0
YBR289W,0.030000001,0.17,0.09,0.01,0.01,-0.46,0.49,-0.55,0.01,-0.24,-0.04,-0.13,0.2,0.01,0.59,0.12,0.28,-0.33,0.05,0.63,0.39,-0.28,-0.29000002,0
YBR290W,0.38,0.4,0.15,-0.1,-0.07,-0.06,-0.23,0.0,-0.17,0.1,0.03,-0.25,0.02,-0.2,-0.56,0.23,-0.84,0.08,-0.46,0.58,-0.4,0.49,0.24000001,0
YBR291C,0.4,0.43,0.6,0.77,0.13,0.49,0.21,0.14,0.09,0.25,-0.21,-0.16,-0.67,-0.59,-0.23,-0.06,0.0,0.1,-0.34,-0.67,0.46,-0.44,-0.335,0
YBR294W,0.14,-0.03,-0.03,-0.03,0.32,0.09,0.36,0.02,0.37,-0.19,0.39,0.09,0.02,-0.4,0.06,-0.21,0.03,-0.34,-0.03,-0.02,0.21,-0.18,-0.235,0
YBR295W,0.17999999,0.26,0.16499999,0.07,-0.31,-0.37,0.25,-0.3,0.21,0.2,-0.52,0.12,0.16,-0.31,0.55,-0.04,0.29,-0.1,0.34,-0.39,0.9,-0.28,-0.215,0
YBR296C,-0.034999996,-0.41,-0.495,-0.58,-0.3,-0.46,0.19,-0.11,0.34,0.57,0.58,0.28,0.36,-0.3,0.26,-0.03,0.17,-0.05,0.29,-0.52,0.31,-0.43,-0.445,1
YBR298C,-0.145,-0.35,-0.51,-0.67,0.18,-0.19,0.63,0.19,0.18,-0.33,0.53,0.02,-0.06,-0.92,0.41,0.04,0.14,-0.43,0.31,-0.23,0.81,0.32,0.059999995,0
YBR300C,0.295,0.01,-0.099999994,-0.21,0.25,-0.28,0.55,-0.25,-0.01,-0.82,0.46,-0.16,0.15,-0.72,0.65,-0.4,0.37,-0.52,0.35,-0.16,0.33,-0.01,-0.055,0
YBR301W,0.73,0.39,0.08499999,-0.22,-0.13,-0.03,0.08,-0.43,-0.13,-2.07,-0.07,0.1,0.27,-0.33,0.67,0.42,0.08,-0.85,0.28,-0.31,0.58,0.14,0.095,0
YBR302C,-0.285,-0.15,-0.155,-0.16,0.57,-0.3,0.27,-0.53,0.37,-0.58,0.57,0.14,0.8,-0.22,0.68,-0.33,0.35,-0.43,0.1,-0.09,0.46,-0.19,-0.31,0
YCL002C,-0.195,-0.15,-0.21000001,-0.27,0.76,-0.38,-0.25,-0.29,0.44,-0.27,0.47,-0.42,1.04,-0.18,0.3,-0.09,0.15,-0.29,0.91,0.01,0.54,-0.42,-0.58,0
YCL003W,-0.19,-0.06,0.034999996,0.13,0.34,-0.51,0.6,-0.64,0.64,-0.36,0.17,-0.41,0.23,-0.06,0.72,0.1,0.37,-0.45,0.11,0.2,0.83,-0.3,-0.32,0
YCL005W,-0.545,-0.28,-0.07,0.14,0.75,-0.31,0.61,-0.5,0.63,-0.35,-0.01,-0.15,0.31,-0.32,0.96,0.12,0.74,-0.28,0.57,0.08,0.59,-0.59,-0.57,0
YCL006C,-0.445,-0.44,-0.325,-0.21,0.57,-0.16,0.12,-0.11,0.19,-0.14,0.46,-0.31,0.55,-0.07,0.61,0.08,0.27,0.12,0.38,-0.05,0.49,-0.51,-0.46499997,0
YCL007C,-0.205,-0.19,0.005000003,0.2,0.68,-0.84,0.62,-0.37,0.58,-0.37,0.18,-0.29,0.35,-0.84,0.87,-0.05,0.48,-0.33,0.38,0.76,0.51,-0.49,-0.555,0
YCL009C,-0.365,-0.29,-0.125,0.04,0.47,0.07,0.27,-0.14,-0.26,-0.18,0.01,0.0,0.37,-0.2,0.41,0.01,0.27,-0.05,1.4,-0.17,0.13,-0.57,-0.52,0
YCL011C,0.13499999,0.13,0.095,0.06,0.02,0.03,-0.3,0.05,-0.56,0.06,-0.21,-0.16,-0.16,-0.06,0.17,0.31,-0.09,0.07,-0.3,0.58,0.02,0.26,0.08499999,0
YCL012W,-0.745,-0.43,0.13499999,0.7,1.33,0.69,0.55,0.49,0.36,-0.72,-0.69,-1.09,0.09,-0.02,0.11,0.57,0.55,0.29,0.66,0.81,-0.26,-0.69,-0.84000003,1
YCL013W,-0.35500002,-0.15,0.40499997,0.96,0.74,1.16,0.58,0.88,0.26,-0.68,-0.58,-0.95,-0.42,-0.05,0.57,0.47,0.47,-1.25,0.43,0.29,-0.11,-0.37,-0.45,1
YCL014W,-0.635,-0.24,0.345,0.93,1.21,1.0,0.75,0.71,0.14,-0.43,-1.07,-0.74,-0.4,0.08,0.14,0.65,0.28,0.34,0.29,0.25,-0.19,-0.58,-0.745,1
YCL017C,-0.155,-0.1,-0.04,0.02,0.2,0.16,0.18,0.1,0.14,0.08,0.02,0.18,0.13,-0.08,-0.14,-0.03,0.07,0.0,-0.34,-0.14,-0.1,0.06,-0.034999996,0
YCL019W,0.51,0.44,0.515,0.59,0.2,0.44,0.11,0.42,-0.17,0.27,-0.39,-0.07,-0.49,-0.05,-0.46,-0.11,-0.54,-0.3,-0.46,0.35,-0.68,-0.02,-0.095,0
YCL020W,0.695,0.51,0.765,1.02,-0.12,0.73,-0.26,0.54,-0.24,0.58,-0.56,0.07,-0.56,0.32,-0.39,0.03,-0.56,-0.6,-0.8,-0.31,-0.69,-0.12,-0.13,0
YCL021W,0.45999998,0.4,0.46499997,0.53,0.2,0.48,-0.06,0.55,-0.35,0.37,-0.66,-0.02,-0.69,0.09,-0.66,0.03,-0.58,-0.3,-0.47,0.41,-0.63,0.07,0.005000001,0
YCL022C,1.29,1.19,0.18000004,-0.83,-0.83,-1.14,-0.71,-1.41,-0.17,1.14,0.71,1.16,0.43,0.38,-0.36,-0.48,-0.71,-0.87,-1.0,0.11,-0.24,0.87,0.64,1
YCL023C,0.765,0.49,-0.09,-0.67,-0.33,-1.24,-0.19,-1.11,-0.05,0.98,0.86,0.96,0.4,0.02,-0.17,-0.76,0.02,-1.0,0.21,0.27,0.68,0.5,0.26,1
YCL024W,1.44,1.02,0.065,-0.89,-0.93,-1.28,-1.22,-1.33,-0.42,1.47,0.88,1.51,0.45,0.69,-0.15,-0.52,-0.73,-0.81,-1.07,-0.1,-0.07,0.99,0.75,1
YCL025C,-1.14,-0.81,-0.19500001,0.42,0.38,0.17,0.35,-0.02,-0.01,0.08,0.03,0.56,0.02,0.48,0.86,0.79,0.66,0.24,0.24,-0.83,-0.15,-0.17,-0.11,1
YCL027W,-0.68,-1.03,-1.1800001,-1.33,-0.57,-1.0,-0.45,-0.7,0.29,-0.41,0.16,-0.06,0.34,-0.67,0.44,-1.24,0.19,-0.73,0.15,0.92,1.89,1.6,1.5799999,1
YCL028W,-0.03,0.0,0.0,0.0,-0.02,-0.27,-0.42,-0.24,-0.34,0.04,-0.03,0.09,0.08,0.19,0.32,0.2,-0.19,-0.03,-0.15,0.56,0.01,0.12,0.085,0
YCL029C,0.53,0.81,0.37,-0.07,-0.33,-0.2,0.01,0.15,-0.39,-0.25,-0.14,0.23,-0.39,0.04,0.19,-0.23,-0.02,-0.23,0.13,0.6,0.35,-0.21,-0.175,0
YCL030C,-0.805,-0.69,-0.46,-0.23,0.02,-0.52,-0.38,-0.42,-0.02,-0.43,-0.45,-0.16,0.46,0.43,0.65,0.22,0.12,0.02,0.21,0.72,0.46,0.31,0.465,0
YCL031C,0.285,0.12,0.03,-0.06,-0.14,-0.36,0.03,0.14,-0.19,0.11,-0.25,-0.11,-0.43,-0.07,-0.14,0.18,-0.17,-0.06,-0.63,0.51,-0.06,0.31,0.155,0
YCL032W,0.035,0.08,0.055,0.03,-0.13,-0.2,0.05,0.05,-0.05,-0.26,0.11,-0.16,0.06,-0.29,-0.05,0.11,-0.01,-0.02,-0.28,0.75,0.06,0.19,0.12,0
YCL033C,-0.120000005,-0.01,-0.155,-0.3,-0.15,-0.51,-0.2,-0.27,-0.59,0.02,-0.1,0.0,0.42,0.11,0.02,0.07,-0.19,0.07,0.07,0.39,-0.02,0.21,0.245,0
YCL034W,-0.48,-0.25,0.040000007,0.33,0.37,-0.18,0.0,-0.39,-0.07,-0.22,0.03,-0.12,0.12,0.06,0.3,0.38,0.05,0.01,-0.11,0.43,0.03,0.12,0.135,0
YCL035C,-0.075,-0.06,-0.19500001,-0.33,-0.24,-0.39,-0.06,-0.33,-0.53,-0.22,-0.18,-0.22,0.23,0.09,-0.01,0.2,-0.35,0.17,-0.07,0.7,-0.16,0.39,0.29999998,0
YCL036W,-0.24000001,-0.49,-0.10000001,0.29,-0.01,-0.05,-0.16,0.05,-0.27,0.07,-0.24,0.11,-0.15,0.18,0.26,0.78,0.13,0.22,-0.3,0.12,-0.39,-0.25,-0.29000002,0
YCL037C,-0.060000002,-0.1,0.095,0.29,0.58,0.21,0.32,0.02,-0.1,0.26,0.12,-0.08,0.02,0.02,0.0,0.44,-0.16,0.15,0.27,-0.28,-0.38,-0.49,-0.57500005,0
YCL038C,-0.37,-0.63,-0.37,-0.11,0.33,-0.06,0.45,-0.29,0.54,-0.01,-0.15,0.11,0.01,-0.11,0.04,0.05,0.31,-0.26,0.68,-0.15,0.51,-0.37,-0.35000002,1
YCL039W,-0.17,-0.3,-0.165,-0.03,0.34,-0.26,-0.1,-0.02,0.04,0.12,-0.25,0.42,-0.65,0.07,0.31,-0.18,0.15,-0.18,0.24,0.12,0.48,0.03,-0.089999996,0
YCL040W,-1.9549999,-1.9,-1.15,-0.4,-0.97,-0.39,-1.04,-0.47,-0.37,0.39,-0.16,0.48,0.37,0.3,-0.18,-0.03,-0.01,0.26,0.96,0.42,1.33,1.5,1.525,1
YCL041C,-0.38,-0.38,-0.26999998,-0.16,0.19,0.06,0.11,-0.01,-0.05,-0.12,-0.42,0.14,-0.62,0.14,0.28,-0.09,0.17,0.09,0.65,-0.05,0.77,-0.14,0.04,0
YCL042W,-1.3399999,-1.43,-0.835,-0.24,-0.88,-0.3,-0.88,-0.3,-0.31,0.42,0.09,0.21,0.56,0.31,0.05,-0.18,-0.99,0.19,0.81,0.45,1.56,1.07,0.97,1
YCL043C,-0.635,-0.56,-0.295,-0.03,0.45,0.15,0.26,-0.23,0.27,-0.37,-0.25,-0.18,-0.88,-0.27,0.06,0.22,0.41,0.32,0.76,0.03,0.34,-0.01,0.01,1
YCL044C,-0.020000003,-0.25,-0.030000001,0.19,-0.35,0.3,-0.45,0.33,-0.06,0.32,-0.12,-0.02,0.01,-0.14,-0.35,0.16,0.29,-0.02,0.41,-0.67,0.0,0.01,-0.015,0
YCL045C,-0.405,-0.31,-0.175,-0.04,0.29,0.0,0.25,-0.05,0.3,-0.18,-0.12,-0.08,0.08,-0.17,0.52,-0.12,0.78,-0.29,0.79,0.11,0.24,-0.39,-0.41,0
YCL046W,-0.09,-0.15,0.11,0.37,0.17,0.31,0.04,0.22,0.27,0.17,-0.01,-0.07,0.22,-0.15,0.0,-0.11,0.37,-0.17,0.45,-0.39,-0.25,-0.25,-0.305,0
YCL047C,-0.1,-0.19,-0.155,-0.12,0.04,0.04,0.18,0.12,-0.15,0.28,-0.29,0.34,-0.17,-0.19,-0.42,-0.21,-0.21,0.09,-0.1,0.3,-0.15,0.17,0.13,0
YCL048W,0.024999999,-0.24,-0.505,-0.77,0.43,-0.56,1.21,-0.37,0.27,-0.12,0.45,-0.43,0.88,-0.07,0.78,-0.65,0.74,-0.82,1.05,0.48,1.17,-1.94,-1.225,0
YCL049C,0.32,0.36,0.285,0.21,0.36,0.07,-0.25,0.0,0.1,0.25,-0.08,0.33,0.11,-0.17,-0.41,-0.29,-0.44,-0.17,-0.13,-0.09,-0.12,0.06,0.02,0
YCL050C,0.074999996,0.13,0.089999996,0.05,-0.55,0.17,-0.81,0.0,-1.39,0.21,-0.42,0.21,-0.39,0.23,0.09,0.55,-0.17,0.58,-0.48,-0.33,0.02,0.94,0.825,0
YCL051W,-0.08,-0.09,0.049999997,0.19,-0.24,0.27,0.41,0.05,0.17,-0.06,-0.17,0.6,0.04,-0.59,0.04,0.53,-0.17,0.07,0.22,0.07,-0.32,-0.17,-0.295,0
YCL052C,0.125,0.12,0.08,0.04,-0.54,0.21,-0.39,0.11,-0.48,0.39,-0.3,0.36,-0.39,0.07,-0.06,0.18,-0.32,0.19,-0.76,0.0,-0.08,0.49,0.41500002,0
YCL053C,0.765,0.44,0.27,0.1,0.37,-0.25,0.33,-0.03,0.14,0.13,-0.2,-0.25,-0.44,-0.31,-0.71,0.14,-0.53,0.29,-0.06,0.16,-0.48,-0.2,-0.375,0
YCL054W,1.025,0.67,0.3,-0.07,-0.58,0.26,-0.02,0.19,-0.74,0.34,-0.41,0.23,-0.81,-0.04,-0.29,0.24,-0.23,-0.04,-0.77,0.37,-0.93,0.16,-0.035000004,0
YCL055W,0.034999996,-0.34,-0.42000002,-0.5,-0.91,-1.21,-0.35,-0.21,-0.13,0.58,-0.05,-0.04,-0.35,-0.31,-0.98,-0.52,-1.42,0.07,-0.62,0.83,0.1,2.11,1.8799999,1
YCL056C,-0.21000001,-0.28,-0.15,-0.02,-0.41,-0.06,-0.29,0.15,-0.21,0.09,0.16,0.08,-0.28,-0.1,-0.1,-0.05,-0.14,0.08,-0.14,0.16,0.33,0.49,0.375,0
YCL057W,-0.825,-0.69,-0.44,-0.19,-0.03,-0.59,-0.29,-0.01,0.15,0.07,-0.15,0.04,0.07,0.04,-0.38,0.12,-0.33,0.68,0.6,0.44,0.16,0.66,0.54,0
YCL058C,0.39499998,0.2,0.040000003,-0.12,-0.91,0.09,-0.28,0.19,-0.06,0.04,-0.2,0.34,0.14,0.2,-0.37,-0.12,-0.24,0.05,-0.61,0.24,-0.34,0.09,-0.024999999,0
YCL059C,1.0350001,0.97,0.615,0.26,-0.4,-0.2,0.07,0.23,-0.27,0.4,-0.22,0.07,-0.65,-0.01,-1.27,0.41,-1.22,0.53,-0.8,0.41,-1.4,0.67,0.255,0
YCL060C,1.025,1.0,0.36,-0.28,-0.86,-0.79,-0.86,-0.41,-0.49,0.58,0.6,1.39,0.45,0.81,-0.06,-0.55,-0.41,-0.49,-0.82,0.04,-0.06,0.21,0.19999999,1
YCL061C,0.445,0.3,0.07000001,-0.16,-0.38,-0.28,-0.62,0.02,-0.65,-0.26,0.61,0.28,0.39,0.12,0.4,-0.38,0.09,-0.5,-0.18,0.57,0.07,-0.16,-0.07,1
YCL062W,0.055000007,0.37,0.69,1.01,0.24,1.24,0.35,0.81,-0.32,0.06,-0.83,-0.55,-0.49,0.02,0.28,0.85,-1.29,0.78,-0.62,-1.0,-0.19,-0.14,-0.285,1
YCL063W,-0.3,-0.1,0.27499998,0.65,0.66,1.05,0.37,0.69,0.1,-0.11,-1.17,0.25,-0.83,-0.1,-0.27,0.71,0.19,0.46,-0.01,-0.43,-0.45,-0.45,-0.36,1
YCL064C,-1.04,-0.83,-0.099999994,0.63,0.34,2.36,1.92,2.76,1.05,1.83,0.02,0.47,-1.1,-0.42,-0.92,-0.12,-1.3,-0.15,-1.68,-1.76,-1.1,0.04,-0.030000001,0
YCL065W,-0.63,-0.88,-0.585,-0.29,0.14,0.23,0.49,0.54,0.75,0.38,-0.48,-0.91,-0.78,-0.72,-0.67,-0.34,0.23,0.07,0.4,-0.04,0.63,0.49,0.485,1
YCL066W,-0.59,-0.84,-0.565,-0.29,-0.52,0.4,0.19,0.83,0.13,0.52,-0.21,-0.19,-0.69,-0.69,-0.27,-0.14,0.04,0.61,-0.31,-1.03,0.72,0.72,0.68,1
YCL067C,-0.175,-0.11,-0.255,-0.4,-0.53,0.02,-0.32,0.35,-0.42,0.33,-0.7,-0.13,-1.18,0.0,-0.95,-0.01,-0.78,0.46,-0.8,0.77,0.02,1.35,1.37,0
YCL068C,0.125,0.09,0.16499999,0.24,0.04,0.22,0.04,0.35,-0.24,-0.04,-0.08,-0.24,-0.1,-0.88,0.36,0.21,0.18,0.24,-0.27,-0.91,0.39,-0.02,-0.01,0
YCL069W,0.4,0.31,0.105000004,-0.1,0.15,-0.14,0.53,0.05,0.38,-0.08,-0.14,-0.02,-0.16,-0.9,-0.04,-0.65,0.35,0.15,0.32,-0.25,0.84,-1.04,-0.40999997,0
YCL075W,0.29,0.17,-0.20499998,-0.58,0.13,-0.65,0.17,-0.72,0.41,-0.42,0.03,0.52,0.66,-0.83,0.97,-0.87,1.02,-0.26,0.63,-0.23,0.78,-0.55,-0.53,0
YCLX01W,0.645,0.43,0.285,0.14,-0.18,0.0,-0.44,0.16,-0.21,-0.12,-0.33,0.0,0.14,-0.19,0.36,-0.67,-0.19,-0.04,-0.59,0.39,-0.22,-0.02,-0.13,0
YCLX02C,0.99,0.7,0.5,0.3,-0.25,-0.14,0.09,0.15,-0.45,0.28,-0.38,-0.14,-0.75,-0.25,-0.45,0.43,-0.45,0.33,-0.38,0.17,-0.78,-0.08,-0.255,0
YCLX03C,0.0,-0.14,-0.060000002,0.02,-0.05,-0.09,0.14,-0.27,0.12,-0.14,-0.14,-0.38,-0.11,-0.11,0.41,0.3,0.54,0.17,0.07,-0.23,1.12,-0.57,-0.425,0
YCLX04W,-0.18,-0.33,-0.11000001,0.11,0.04,-0.39,0.07,-0.01,0.23,-0.03,0.02,-0.14,-0.08,-0.24,0.14,0.04,0.36,0.38,0.48,-0.26,0.09,-0.2,-0.22999999,0
YCLX05C,-0.145,-0.03,0.145,0.32,-0.14,0.39,-0.38,-0.07,-0.42,-0.04,-0.46,-0.04,0.01,0.11,0.12,0.32,0.01,0.73,-0.3,-0.19,-0.09,0.15,0.14500001,0
YCLX06C,-0.155,-0.06,-0.13,-0.2,-0.07,-0.63,-0.09,-0.41,-0.04,-0.09,-0.15,0.0,-0.15,-0.07,0.87,-0.15,2.03,0.12,0.15,0.01,-0.56,-0.04,-0.065,0
YCLX07W,-0.34,-0.51,-0.68,-0.85,-0.25,-0.63,-0.15,-0.6,0.05,-0.21,-0.21,-0.03,0.18,-0.51,0.55,-1.11,0.21,-0.35,-0.01,0.64,1.0,1.53,1.22,0
YCLX08C,-0.16499999,-0.08,-0.42499998,-0.77,0.36,-0.83,0.7,-0.35,0.46,-0.52,-0.07,-0.17,0.54,-0.14,0.7,0.0,0.29,-0.37,0.82,0.05,0.14,-0.35,-0.2,0
YCLX09W,-0.895,-0.64,-0.07499999,0.49,0.12,0.34,0.03,0.07,0.1,0.01,-0.08,0.31,0.8,-0.47,0.9,0.7,0.71,0.23,0.06,-1.25,0.19,-0.42,-0.21499999,1
YCLX10C,-0.28,-0.23,-0.23,-0.23,0.85,-0.93,0.15,-0.45,0.54,-0.3,0.28,-0.13,0.38,-0.02,-0.08,-0.28,-0.39,0.21,1.07,0.71,-0.3,-0.3,-0.25,0
YCLX11W,-0.16499999,-0.07,0.08,0.23,0.39,0.42,0.04,0.21,0.54,-0.02,-0.04,0.18,0.22,-0.04,0.05,-0.02,0.49,0.04,-0.41,-0.92,-0.08,-0.37,-0.29500002,0
YCLX12W,-0.435,-0.24,-0.24,-0.24,0.73,-0.58,0.51,-0.13,0.59,-0.38,0.12,-0.01,0.39,-0.21,0.71,-0.29,0.1,-0.03,0.52,-0.03,1.12,-0.5,-0.575,0
YCR001W,0.13,0.14,0.26,0.38,0.04,0.22,-0.06,0.13,-0.48,-0.08,-0.13,-0.11,-0.19,0.16,0.58,0.16,0.03,-0.06,0.0,-0.5,0.36,-0.25,-0.19,0
YCR002C,-0.275,-0.01,0.15,0.31,0.51,0.53,0.16,0.33,0.09,0.15,-0.4,0.06,-0.27,0.12,-0.9,0.32,0.44,0.53,0.02,-0.87,-0.38,0.19,0.105,1
YCR003W,-0.08499999,-0.04,-0.04,-0.04,-0.5,-0.05,-0.54,0.08,-0.83,0.59,0.02,0.07,-0.46,0.41,-0.26,0.37,-0.01,0.53,-1.05,-0.58,-0.08,0.95,0.755,0
YCR004C,-0.595,-0.67,-0.565,-0.46,-0.01,0.24,-0.02,0.29,0.12,0.51,-0.11,0.22,-0.05,0.21,-1.33,0.16,-0.03,0.75,-0.73,-1.02,-0.21,0.91,0.81,0
YCR005C,-1.105,-0.26,0.45,1.16,0.15,1.4,0.57,0.44,-1.04,0.42,-0.31,0.61,-0.5,-0.18,0.63,1.05,0.13,0.03,-1.48,-1.75,0.05,0.8,0.885,0
YCR006C,-0.16499999,-0.38,-0.125,0.13,0.22,-0.1,-0.03,-0.1,0.09,-0.03,-0.08,0.31,-0.05,0.03,-0.22,-0.4,0.31,-0.26,0.34,-0.26,0.52,0.12,0.044999998,0
YCR008W,0.2,0.27,0.29500002,0.32,0.52,0.44,-0.01,0.1,0.01,0.06,-0.24,-0.08,-0.26,0.26,-0.71,0.11,0.19,0.18,0.11,-0.5,-0.57,-0.28,-0.18,0
YCR009C,0.155,-0.21,0.19,0.59,0.27,-0.37,0.2,-0.59,0.1,-0.53,0.17,0.42,-0.25,0.47,0.68,-1.3,0.85,0.45,0.45,-0.16,0.65,-1.12,-0.78499997,0
YCR010C,0.015000001,-0.31,-0.35,-0.39,0.35,-0.35,-0.33,-0.51,0.08,0.28,0.28,-0.13,-0.18,-0.18,0.49,-0.43,0.28,0.04,0.45,-0.08,1.04,-0.51,-0.29,0
YCR011C,-0.65,-0.56,-0.114999995,0.33,0.03,0.36,-0.38,0.38,-0.24,0.33,-0.09,0.07,-0.21,0.24,0.48,0.48,0.22,0.44,-0.45,-1.19,0.32,0.42,0.28,0
YCR012W,-1.81,-1.81,-1.18,-0.55,0.04,-0.05,0.11,0.1,0.74,0.2,0.25,0.16,0.51,0.0,-0.31,0.26,0.91,0.56,1.01,-0.17,0.58,-0.13,0.08,0
YCR013C,-1.8399999,-1.87,-1.34,-0.81,-0.27,0.07,0.3,0.11,0.67,0.16,0.31,0.11,0.62,-0.14,0.63,0.32,1.07,0.58,0.58,-0.41,0.66,0.08,0.049999997,0
YCR014C,-0.06,-0.08,0.065,0.21,-0.08,-0.25,0.21,-0.16,-0.08,-0.18,-0.14,0.09,0.2,0.32,0.61,-0.85,0.34,-0.1,0.15,0.09,-0.04,-0.1,-0.1,0
YCR015C,-0.28,-0.22,-0.235,-0.25,-0.06,0.07,0.2,-0.04,0.23,-0.02,-0.36,0.0,0.25,-0.04,0.19,0.22,0.58,0.25,-0.2,-0.34,0.26,0.14,0.04,0
YCR016W,0.635,0.44,0.235,0.03,-0.27,-0.17,0.27,0.25,-0.38,0.4,-0.23,0.0,-0.62,-0.11,-0.57,0.22,-0.73,0.45,-0.57,0.27,-0.82,0.25,0.105000004,0
YCR017C,-0.375,-0.61,-0.515,-0.42,0.59,-0.61,0.77,0.1,0.34,-0.31,-0.03,0.2,0.36,0.44,0.19,-0.51,-0.12,-0.12,0.26,0.43,0.99,-0.16,-0.29,0
YCR018C,-0.09,-0.18,-0.96000004,-1.74,0.37,-0.85,0.19,-0.18,0.49,0.12,0.4,0.32,-1.0,0.2,0.19,-0.85,0.02,-0.03,0.72,0.65,1.25,0.43,0.14500001,1
YCR019W,0.07,0.15,0.010000005,-0.13,-0.18,-0.23,0.08,-0.2,0.61,-0.02,-0.29,0.3,-0.02,-0.33,0.61,-0.29,0.29,-0.29,-0.01,-0.44,0.57,0.08,-0.07,0
YCR020C,-0.055,0.01,-0.114999995,-0.24,0.44,-0.65,0.37,0.17,0.31,-0.05,-0.17,0.12,-0.1,-0.15,-0.37,-0.03,-0.3,0.34,0.63,0.36,-0.26,-0.2,-0.14,0
YCR020C-A,-0.16,-0.06,-0.085,-0.11,0.09,-0.3,0.18,-0.02,-0.06,-0.3,-0.01,0.07,-0.2,0.09,0.48,-0.24,0.1,-0.07,0.18,0.27,0.73,0.16,-0.11,0
YCR021C,-0.16,-0.22,-0.435,-0.65,0.03,-0.65,0.26,0.03,0.17,0.02,0.14,-0.59,0.27,-0.37,0.39,-0.42,0.44,-0.13,1.14,0.08,0.63,-0.01,-0.145,0
YCR022C,0.29,0.03,-0.055,-0.14,-0.1,-0.31,0.03,-0.41,-0.11,-0.13,-0.16,0.72,0.07,-0.24,0.34,-0.45,0.03,-0.45,0.08,-0.05,0.31,0.18,0.125,0
YCR023C,-0.455,-0.12,0.0,0.12,0.48,-0.59,0.23,-0.25,0.07,-0.34,-0.36,0.27,0.49,0.2,-0.03,0.09,-0.01,0.27,0.87,0.31,0.14,-0.12,-0.175,0
YCR024C,-0.79,-0.92,-0.41,0.1,-0.4,0.09,-0.04,0.44,-0.3,0.22,-0.16,-0.07,-0.52,0.1,0.31,0.41,0.01,0.69,-0.43,-0.99,0.38,0.74,0.595,0
YCR024C-A,-1.6700001,-1.71,-1.0350001,-0.36,0.82,0.74,0.86,1.04,1.6,-0.04,-0.16,-0.73,-0.4,-0.61,-0.73,0.17,1.02,0.84,1.3,0.14,0.36,-0.53,-0.62,1
YCR025C,0.565,0.54,0.24000001,-0.06,-0.22,0.03,0.16,-0.38,-0.1,-0.16,-0.14,-0.26,-0.33,0.11,0.44,-0.16,0.22,-0.24,-0.03,-0.42,0.67,-0.06,-0.089999996,0
YCR026C,0.28,0.43,0.245,0.06,0.14,-0.32,0.16,-0.1,-0.23,-0.11,0.05,0.13,0.02,0.1,-0.18,-0.49,0.08,-0.3,0.38,-0.08,0.69,-0.23,-0.20500001,0
YCR027C,-0.075,-0.08,0.085,0.25,-0.32,0.26,-0.03,0.18,-0.3,-0.03,0.08,0.09,-0.26,0.12,0.34,0.37,-0.21,0.39,-0.38,-0.76,0.0,0.05,0.05,0
YCR028C,-0.235,-0.35,-0.114999995,0.12,0.16,-0.74,0.12,-0.07,0.2,0.22,-0.06,-0.17,0.18,-0.06,0.56,-0.72,0.74,-0.37,0.71,0.63,0.5,-0.35,-0.285,0
YCR029C,-0.114999995,-0.13,0.17,0.47,0.68,-0.15,-0.52,-0.23,0.62,0.01,0.75,0.01,0.11,-0.08,-0.27,-0.38,0.04,0.06,0.14,0.06,-0.29,-0.29,-0.19999999,0
YCR029C-A,-0.205,-0.06,-0.04,-0.02,0.34,0.36,0.21,0.15,-0.02,0.26,-0.09,0.3,0.01,0.14,-0.98,0.26,0.31,0.35,-0.22,-0.25,-0.42,0.06,0.065,0
YCR030C,-0.29,-0.21,-0.089999996,0.03,-0.35,0.24,-0.33,0.12,0.0,0.27,0.11,0.22,-0.1,0.2,0.24,-0.02,-0.29,0.06,-0.37,-0.48,0.54,0.4,0.3,0
YCR031C,-0.255,-0.15,-0.105000004,-0.06,0.62,0.32,0.29,0.45,0.69,0.3,0.13,0.13,0.12,-0.08,-1.24,-0.24,0.48,0.3,0.47,-0.43,-0.36,-0.41,-0.385,0
YCR032W,0.065,-0.22,-0.255,-0.29,0.58,-0.75,0.11,-0.72,0.2,0.13,0.24,0.29,0.16,0.03,0.4,-0.51,0.13,-0.03,0.29,-0.47,0.33,-0.75,-0.07499999,0
YCR033W,-0.034999996,-0.12,-0.014999997,0.09,0.29,0.02,-0.04,0.02,0.28,0.14,0.18,-0.12,0.07,-0.11,-0.73,-0.67,0.61,-0.05,0.52,-0.38,0.03,-0.26,0.10000001,0
YCR034W,-0.004999999,0.11,0.27,0.43,0.67,0.44,0.34,0.11,0.52,-0.06,0.08,0.26,0.53,-0.06,0.43,-0.06,0.64,-0.05,-0.14,-1.09,-0.48,-0.66,-0.77,0
YCR035C,0.495,0.41,0.15,-0.11,0.14,-0.2,0.11,0.05,-0.24,0.2,-0.48,0.03,-0.39,0.03,0.05,0.27,-0.37,0.59,-0.28,-0.39,-0.63,-0.04,-0.08499999,0
YCR036W,0.105,0.38,0.325,0.27,-0.01,0.24,-0.29,-0.02,-0.3,0.01,-0.49,0.22,-0.19,0.13,-0.14,0.06,-0.09,0.17,-0.75,-0.04,-0.22,0.4,0.365,0
YCR037C,-0.049999997,-0.04,0.125,0.29,0.63,-0.14,0.14,0.28,-0.01,0.06,-0.44,-0.32,-0.46,-0.28,-0.75,0.17,0.48,0.44,0.47,-0.04,0.38,-0.24,-0.325,0
YCR038C,-0.28,-0.3,-0.15,0.0,0.26,0.17,0.45,-0.02,-0.13,-0.14,-0.32,-0.02,0.37,-0.11,0.42,-0.16,-0.05,-0.26,0.27,0.35,0.55,-0.08,-0.13499999,0
YCR039C,-0.13,-0.13,-0.265,-0.4,-0.56,-0.46,-0.18,0.38,-0.68,0.31,-0.65,-0.2,-0.87,-0.26,-1.53,-0.03,-0.87,0.85,-0.73,0.95,0.05,1.54,1.47,0
YCR040W,-0.865,-1.16,-0.745,-0.33,-0.23,0.38,0.22,0.69,0.54,0.24,-0.35,-0.31,-0.44,-0.7,-0.29,-0.33,0.15,0.39,0.01,0.3,0.67,0.61,0.47500002,1
YCR041W,-0.96,-1.15,-0.78,-0.41,0.1,-0.51,0.45,0.56,0.79,0.1,-0.31,-0.43,-0.51,-0.88,-0.53,-0.45,-0.12,0.62,1.24,0.33,0.72,0.46,0.41500002,1
YCR042C,-0.07,-0.37,-0.555,-0.74,-0.06,0.36,0.13,0.77,0.29,0.37,-0.33,-0.01,-0.19,0.05,-0.29,-2.05,-0.01,0.07,0.34,0.44,0.47,0.33,0.215,1
YCR043C,-0.32,-0.27,-0.13000001,0.01,0.18,-0.37,0.39,0.04,0.03,-0.16,-0.29,0.07,0.04,-0.21,0.32,0.0,0.53,0.45,0.75,-0.2,0.66,-0.63,-0.565,0
YCR044C,-0.70500004,-0.73,-0.41500002,-0.1,0.06,-0.06,0.13,0.08,-0.22,0.3,0.38,0.47,0.49,-0.09,0.58,0.03,-0.94,0.18,0.38,-0.4,0.36,0.21,0.195,0
YCR045C,-0.125,-0.01,-0.024999999,-0.04,0.25,-0.32,0.25,-0.07,-0.07,-0.08,0.13,0.27,0.33,0.26,0.25,-0.34,0.51,-0.7,0.54,0.27,0.31,-0.47,-0.39,0
YCR046C,-0.145,-0.12,-0.089999996,-0.06,-0.97,-0.02,-0.77,0.34,-0.84,0.64,-0.16,0.58,-0.55,0.41,0.16,0.56,-0.58,0.68,-1.02,-0.8,0.06,0.88,0.82,0
YCR047C,0.90999997,0.7,0.32999998,-0.04,0.0,0.44,-0.28,0.11,-0.44,0.51,-0.1,0.11,-0.75,-0.26,-1.1,0.32,-0.09,0.22,-0.1,-0.52,-0.66,-0.01,-0.065,0
YCR048W,0.41,0.48,0.5,0.52,-0.23,-0.63,-0.14,0.21,-0.26,0.57,0.02,0.51,-0.07,0.19,0.02,0.34,-0.51,0.4,-0.57,-1.45,-0.07,0.14,0.08,0
YCR049C,0.195,0.26,0.074999996,-0.11,0.37,0.22,-0.28,0.17,0.23,0.37,0.18,0.29,-0.01,-0.15,-0.94,0.06,0.28,0.1,0.37,-0.74,-0.11,-0.19,-0.15,0
YCR050C,0.13499999,0.14,0.19999999,0.26,-0.16,-0.25,-0.08,-0.08,-0.06,0.26,-0.02,0.06,-0.28,0.16,0.2,0.07,-0.12,0.23,-0.02,-0.3,0.44,-0.08,-0.07,0
YCR051W,0.92,0.87,0.62,0.37,0.08,0.44,-0.3,0.35,-0.25,0.37,-0.1,0.08,-0.85,0.08,-0.91,0.01,-0.27,0.2,-0.38,-0.23,-0.54,-0.02,-0.25,0
YCR052W,0.625,0.69,0.73,0.77,-0.73,0.63,-0.66,0.34,-1.08,0.62,-0.39,0.54,-0.8,0.32,-0.29,0.59,-1.08,0.59,-1.26,-1.08,-0.48,0.65,0.53999996,0
YCR053W,0.080000006,0.18,0.11,0.04,0.19,0.22,-0.52,0.06,-0.13,0.21,-0.08,0.18,0.15,0.13,-1.02,0.12,0.21,0.13,0.06,-0.22,-0.34,0.16,0.099999994,0
YCR054C,0.435,0.31,0.29000002,0.27,-0.56,0.32,0.12,0.34,-0.54,0.3,-0.41,0.27,-0.56,0.1,0.13,0.25,-0.61,0.13,-0.14,-1.04,0.12,0.04,0.02,0
YCR055C,0.525,0.34,0.215,0.09,0.15,0.14,-0.07,0.18,0.09,0.48,-0.16,0.17,-0.42,0.12,-1.29,0.37,0.47,0.28,-0.04,-0.76,-0.79,-0.29,-0.205,0
YCR056W,0.65,0.47,0.465,0.46,-0.49,0.48,-0.16,0.42,-0.52,0.67,-0.08,0.26,-0.44,0.2,0.02,0.61,-0.42,0.26,-0.62,-1.44,-0.74,-0.08,-0.20500001,0
YCR057C,0.56,0.37,0.315,0.26,0.22,0.37,-0.07,-0.39,0.1,0.55,-0.15,0.18,-0.51,0.05,-1.49,0.57,0.15,0.26,0.08,-0.72,-0.78,-0.22,-0.2,0
YCR059C,0.305,0.39,0.32999998,0.27,0.32,0.08,-0.48,-0.02,-0.38,0.07,0.24,0.19,0.25,0.03,-0.28,0.03,-0.25,0.04,0.03,-0.12,-0.26,-0.23,-0.24000001,0
YCR060W,-0.975,-0.96,-0.225,0.51,0.5,-0.23,-0.16,-0.39,0.31,-0.09,-0.01,0.26,-0.23,-0.12,0.87,0.21,-0.2,-0.02,0.19,0.25,0.74,0.2,0.105000004,0
YCR061W,-1.35,-1.24,-0.625,-0.01,0.44,0.13,-0.41,-0.1,-0.08,-0.2,0.08,-0.03,0.5,0.26,-0.03,0.34,-0.34,0.39,0.81,0.34,0.38,0.13,0.16499999,0
YCR062W,-0.66499996,-0.7,-0.62,-0.54,0.52,-1.14,0.65,-1.47,0.54,-0.52,-0.41,-0.41,0.54,-0.5,1.0,-0.22,0.44,-0.56,0.82,0.55,1.25,0.46,0.41000003,0
YCR063W,-0.115,0.0,0.055,0.11,0.3,0.09,0.15,0.19,0.27,-0.05,0.05,-0.13,0.25,0.0,-0.29,0.18,-0.73,0.17,0.32,0.44,-0.22,-0.2,-0.36499998,0
YCR064C,-0.625,-0.59,-0.24999999,0.09,0.5,-0.82,0.64,-0.33,0.25,-0.13,0.19,-0.13,0.25,-0.47,0.61,0.14,0.04,0.04,0.69,0.63,0.77,-0.44,-0.505,0
YCR065W,0.48999998,0.45,0.33499998,0.22,0.25,-0.48,-0.38,-0.61,-0.31,0.03,0.87,0.61,0.86,0.54,0.12,-0.11,-0.63,-0.56,-0.05,0.2,-0.27,-0.27,-0.345,1
YCR066W,0.055,-0.23,-0.215,-0.2,0.39,-0.96,0.51,-0.74,-0.18,0.0,0.14,-0.54,0.18,0.09,0.44,0.03,-0.01,-0.23,0.4,0.73,0.91,-0.26,-0.36,0
YCR067C,-0.24,-0.38,-0.19,0.0,0.81,-0.34,-0.4,0.0,0.22,0.27,0.24,0.08,0.02,0.13,-0.17,-0.28,0.28,-0.22,0.35,-0.15,0.78,-0.32,-0.28,0
YCR068W,-0.385,-0.33,-0.22500001,-0.12,0.71,-0.91,0.57,-0.68,0.62,-0.46,0.08,-0.49,0.32,-0.18,0.62,-0.09,0.31,-0.18,0.88,0.78,0.93,-0.51,-0.41,0
YCR069W,-0.835,-0.49,-0.055000007,0.38,0.8,0.18,0.07,-0.08,0.13,-0.57,-0.17,-0.24,-0.01,0.05,0.07,0.45,0.1,0.28,0.57,0.6,0.15,-0.09,-0.115,1
YCR070W,-0.49,-0.22,0.21499999,0.65,0.13,0.42,0.03,0.03,-0.06,-0.34,-0.53,-0.01,0.18,-0.49,0.57,0.47,-0.79,0.43,0.1,-0.18,0.7,0.07,0.05,0
YCR071C,-0.345,-0.28,-0.09,0.1,-0.62,0.22,-0.13,0.28,-0.31,0.44,-0.34,0.23,-0.05,0.19,-0.26,0.05,-0.31,0.36,-0.48,0.31,-0.12,0.05,0.285,0
YCR072C,0.595,0.12,0.29999998,0.48,-0.58,0.34,-0.36,0.34,-0.4,0.45,-0.49,0.15,-0.66,-0.3,-0.13,0.69,-0.21,0.3,-0.4,-0.77,0.0,-0.09,-0.26,0
YCR073C,0.19999999,0.21,0.04,-0.13,-0.09,-0.34,0.38,0.0,-0.05,-0.18,0.05,-0.04,0.17,-0.32,0.52,-0.39,0.63,-0.55,0.43,0.27,0.51,-0.48,-0.46499997,0
YCR074C,0.065,0.06,-0.17,-0.4,-0.03,0.0,-0.05,-0.03,0.15,0.03,-0.16,0.45,-0.05,0.16,-0.27,-0.2,-0.26,0.14,-0.22,-0.16,0.51,0.0,0.095,0
YCR075C,-0.105,0.14,0.175,0.21,0.23,-0.08,0.16,-0.2,-0.11,-0.31,-0.11,0.59,0.52,-0.77,0.69,-0.04,0.38,-0.33,0.23,-0.04,0.2,-0.25,-0.25,0
YCR077C,0.035,0.02,0.17500001,0.33,0.08,0.52,-0.06,0.45,-0.06,0.32,-0.33,0.28,0.07,-0.39,-0.44,0.27,-0.83,0.14,-0.25,0.04,-0.25,0.02,0.035,0
YCR079W,-0.16,-0.08,0.085,0.25,-0.52,0.17,-0.17,0.0,-0.02,-0.03,-0.28,0.21,0.02,-0.71,0.44,0.03,0.37,0.02,0.07,-0.24,0.92,0.01,-0.005,0
YCR080W,0.049999997,-0.03,-0.165,-0.3,0.36,0.22,0.6,0.3,0.13,-0.03,0.08,-0.13,0.19,-0.19,-0.32,-0.25,-0.3,-0.3,0.29,0.22,-0.07,-0.07,-0.24499999,0
YCR081W,0.020000003,-0.16,-0.17,-0.18,-0.2,-0.02,0.5,-0.33,0.12,-0.24,-0.14,-0.2,-0.01,0.18,-0.08,0.1,0.2,0.06,0.26,0.03,0.93,-0.27,-0.185,0
YCR082W,-0.1,-0.02,-0.17500001,-0.33,0.11,0.04,0.15,0.18,-0.28,-0.04,-0.02,-0.21,-0.23,-0.26,1.11,-0.14,-0.53,0.16,-0.35,0.41,-0.43,0.18,0.19,0
YCR083W,0.285,0.2,-0.024999999,-0.25,0.35,-1.23,0.44,-0.99,0.2,-0.28,-0.23,-0.27,-0.06,-0.37,0.77,0.16,0.22,-0.11,0.26,0.51,0.48,-0.2,-0.25,0
YCR084C,-0.099999994,0.01,0.315,0.62,-0.02,0.41,0.07,-0.06,-0.14,-0.21,-0.02,-0.05,-0.19,0.36,-0.16,0.7,-0.13,0.23,0.24,-0.14,-0.37,-0.32,-0.31,0
YCR085W,-0.22500001,-0.05,0.050000004,0.15,0.94,-0.21,0.74,-1.51,0.15,-1.19,0.16,-0.49,0.36,-0.84,1.16,0.65,0.54,-0.21,1.29,0.28,0.99,-0.99,-0.8,0
YCR087W,0.685,0.55,0.095,-0.36,0.11,-0.39,0.44,-0.13,0.1,-0.13,-0.29,-0.18,-0.38,-0.44,-0.08,0.11,-0.3,0.1,-0.11,0.84,-0.3,-0.17,-0.26,0
YCR088W,-0.78,-0.73,-0.38500002,-0.04,0.19,-0.21,-0.33,-0.21,-0.46,-0.08,0.02,0.0,0.27,0.44,-0.31,0.38,-0.46,0.19,0.27,0.63,-0.19,0.51,0.505,0
YCR089W,-0.19,-0.5,-0.195,0.11,0.04,-0.97,2.4,-0.38,0.38,-0.24,0.04,-0.34,-0.08,-0.65,0.81,-1.12,0.14,0.85,0.55,0.3,0.95,-0.72,-0.61,0
YCR090C,0.14500001,0.02,-0.115,-0.25,0.17,-0.21,-0.22,0.2,-0.05,0.17,0.13,-0.14,-0.32,-0.24,-0.66,0.02,-0.68,0.19,-0.07,0.54,-0.25,0.44,0.305,0
YCR091W,-0.32999998,-0.52,-0.54999995,-0.58,0.35,-0.67,0.83,-0.29,0.43,-0.5,-0.14,-0.17,0.23,-0.25,0.46,-0.52,-0.09,-0.44,0.66,0.89,1.19,-0.06,-0.03,0
YCR092C,-0.055,-0.02,-0.17,-0.32,0.48,-0.85,0.17,-0.25,0.25,-0.56,0.26,-0.05,0.38,-0.05,0.52,-0.43,0.0,-0.02,0.46,0.54,0.84,0.0,-0.29,0
YCR093W,-0.004999999,-0.13,-0.034999996,0.06,0.25,0.06,0.05,-0.26,0.24,0.19,0.27,-0.05,0.25,0.12,-0.31,-0.01,0.24,-0.51,0.4,0.39,-0.38,-0.26,-0.26,0
YCR094W,0.020000003,0.28,0.255,0.23,0.35,0.02,-0.24,-0.05,-0.3,-0.16,-0.03,-0.01,0.3,0.22,-0.18,0.32,-0.41,-0.01,-0.1,0.3,-0.49,0.14,0.08,0
YCR095C,0.485,0.36,0.2,0.04,-0.67,0.07,0.37,-0.09,-0.29,0.04,-0.43,0.02,-0.29,0.0,-0.13,0.22,-0.05,0.07,-0.32,-0.25,0.22,0.14,0.08,0
YCR096C,-0.16,-0.17,-0.245,-0.32,-0.51,-0.03,-0.01,0.02,-0.58,0.24,-0.24,-0.12,-0.49,-0.15,-0.24,-0.36,-0.85,0.55,-1.17,1.09,-0.21,1.04,1.13,0
YCR098C,-1.72,-1.39,-1.28,-1.17,-1.36,-0.94,-0.63,-0.6,-0.38,-0.36,-0.74,0.34,0.46,0.76,1.15,0.89,1.22,1.12,0.91,0.47,1.39,0.83,0.78999996,0
YCR101C,-0.23,-0.13,-0.3,-0.47,0.17,-0.54,0.17,-0.39,0.84,-0.1,0.73,-0.22,0.63,-0.18,0.19,-0.39,-0.08,-0.2,0.3,0.29,0.21,-0.02,-0.005,0
YCR103C,0.425,0.17,-0.024999999,-0.22,0.2,-0.54,0.06,-0.51,0.02,-0.26,0.19,-0.24,0.09,-0.37,0.23,-0.03,0.14,-0.2,0.15,-0.12,0.39,-0.16,-0.265,0
YCR105W,0.23,0.06,-0.060000002,-0.18,0.4,-0.3,0.68,-0.18,-0.32,0.06,-0.06,-0.13,0.4,-0.5,0.14,-0.24,0.24,-0.3,0.75,0.12,-0.15,-0.3,-0.23500001,0
YCR106W,-0.365,-0.6,-0.375,-0.15,0.49,-0.67,0.96,-0.25,0.41,-0.49,-0.08,-0.29,0.55,0.83,0.72,-0.24,0.27,-0.17,0.76,0.46,1.05,-0.9,-0.9,0
YCR107W,-0.33499998,-0.26,-0.285,-0.31,0.34,-0.34,0.19,-0.36,0.31,-0.24,0.14,-0.34,0.87,-0.34,-0.02,-0.06,0.0,-0.13,0.3,1.49,0.73,-0.32,-0.41,0
YCRX12W,0.47,1.0,0.4,-0.2,0.35,-0.25,0.32,-0.09,-0.07,-0.17,0.31,-0.04,0.39,-0.3,0.28,-0.29,0.13,-0.52,-0.01,0.18,-0.04,0.09,-0.04,0
YCRX20C,0.07,0.02,-0.105000004,-0.23,0.38,-0.28,0.35,-0.09,0.3,-0.09,0.21,-0.26,0.38,-0.11,-0.26,-0.26,0.12,-0.23,0.36,0.41,0.17,-0.16,-0.3,0
YDL001W,0.38,0.26,0.22,0.18,-0.16,0.09,-0.12,0.13,-0.31,0.46,-0.33,0.21,-0.51,0.0,-0.51,0.1,-0.6,0.13,-0.43,0.23,-0.49,0.36,0.26500002,0
YDL003W,1.93,1.93,0.85499996,-0.22,-0.71,-1.31,-1.18,-1.68,-0.94,0.89,1.16,1.48,1.0,1.13,-0.22,-0.16,-0.98,-0.84,-0.81,-0.08,-0.57,0.62,0.4,1
YDL006W,0.175,0.11,0.06,0.01,0.15,-0.4,-0.17,-0.44,-0.29,-0.32,0.29,0.01,0.3,0.38,0.4,0.08,0.15,-0.56,0.02,0.38,0.52,-0.22,-0.255,0
YDL014W,0.435,0.38,0.43,0.48,-0.02,0.59,0.08,0.4,0.0,0.24,-0.16,0.16,-0.33,-0.2,-0.47,0.11,0.1,0.23,-0.18,-0.49,-0.25,-0.38,-0.445,0
YDL015C,-0.47,-0.48,-0.28,-0.08,0.49,0.01,0.38,-0.02,0.55,0.04,0.15,0.06,0.45,-0.22,-0.06,-0.15,0.06,0.03,0.49,-0.34,-0.06,-0.28,-0.28,0
YDL016C,-0.145,-0.25,-0.075,0.1,0.0,-0.02,0.37,-0.29,0.18,0.05,0.25,0.01,0.33,-0.11,0.05,-0.2,0.21,0.0,0.43,-0.69,0.21,-0.35,-0.25,0
YDL017W,0.62,0.64,0.555,0.47,0.2,-0.27,0.03,-0.08,-0.3,0.23,-0.14,0.19,0.0,0.15,-0.14,-0.11,-0.27,-0.41,-0.37,-0.2,-0.22,-0.2,-0.225,0
YDL018C,0.685,1.03,0.45499998,-0.12,-0.74,-0.78,0.64,-1.29,-0.94,0.31,0.59,1.0,0.84,0.75,-0.1,-0.1,-0.74,-0.58,-0.52,-0.69,-0.2,0.42,0.42,1
YDL020C,0.015000001,-0.25,-0.009999998,0.23,-0.8,0.07,-0.44,0.12,-0.41,0.16,-0.25,-0.07,-0.19,-0.13,-0.34,0.11,-0.34,0.45,-0.15,-0.07,-0.32,0.58,0.45999998,0
YDL022W,-1.375,-1.51,-0.705,0.1,-0.37,0.23,-0.53,0.19,0.33,0.81,0.02,0.3,-0.06,0.19,-0.13,0.05,-0.55,0.07,-0.4,-0.29,0.32,0.77,0.695,0
YDL023C,-1.5550001,-1.65,-0.86,-0.07,0.26,0.03,-0.1,0.08,0.42,0.69,0.13,0.28,-0.77,0.15,0.08,-0.23,-0.42,-0.09,-0.32,0.45,0.69,0.54,0.49,0
YDL024C,-0.5,-0.49,-0.29500002,-0.1,-0.58,-0.1,0.77,0.03,1.0,-0.1,0.17,-0.13,-0.04,-0.42,0.36,0.12,0.69,-0.15,0.64,-0.08,0.55,-0.46,-0.495,0
YDL025C,-0.19,-0.2,-0.14500001,-0.09,0.22,0.02,-0.3,-0.01,-0.32,0.36,-0.15,0.12,-0.82,-0.07,-0.04,-0.03,-0.13,-0.09,-0.09,0.49,0.13,0.56,0.45,0
YDL026W,-0.14500001,-0.15,-0.22,-0.29,0.53,-0.98,0.34,-0.83,0.33,-0.49,0.33,-0.37,0.35,-0.58,0.7,-0.29,0.34,-0.56,0.16,0.95,0.8,0.0,0.04,0
YDL027C,-0.055,0.03,-0.11,-0.25,0.75,-0.56,-0.44,-0.54,-0.12,-0.14,0.13,0.12,0.55,0.13,0.11,-0.14,-0.67,-0.32,-0.06,0.41,-0.09,0.38,0.38,0
YDL028C,-0.034999996,0.15,0.155,0.16,0.45,-0.21,0.3,-0.24,-0.05,-0.71,-0.09,-0.31,-0.09,0.31,0.76,0.31,-0.02,0.01,-0.06,0.59,0.65,-0.29,-0.43,0
YDL029W,-0.585,-0.46,-0.22500001,0.01,0.14,-0.1,-0.26,-0.17,0.04,0.17,-0.04,0.47,0.18,0.25,-0.05,0.22,-0.52,0.21,0.13,0.24,-0.24,0.44,0.325,0
YDL030W,0.02,-0.07,-0.11,-0.15,0.08,-0.3,0.17,-0.39,0.22,-0.37,0.01,-0.34,-0.03,0.42,0.55,0.22,0.03,-0.2,0.03,0.54,0.66,-0.25,-0.305,0
YDL031W,0.77,0.53,0.35,0.17,0.01,0.22,-0.09,0.17,0.01,0.17,-0.08,0.06,-0.29,-0.24,-0.64,0.44,-0.86,-0.01,-0.08,0.19,-0.89,-0.01,-0.31,0
YDL032W,-0.39499998,-0.34,-0.305,-0.27,0.59,-0.36,0.26,-0.38,0.34,-0.06,0.04,-0.18,0.01,-0.22,0.52,0.1,0.18,-0.06,0.35,0.57,0.82,-0.38,-0.35,0
YDL033C,-0.145,-0.03,-0.07,-0.11,-0.43,-0.22,-0.53,-0.08,0.26,-0.16,0.02,0.21,0.43,-0.03,0.45,0.28,-0.26,0.22,0.51,0.27,-0.04,0.06,-0.135,0
YDL034W,-0.255,-0.36,-0.3,-0.24,0.41,-0.37,0.4,-0.24,0.26,-0.21,0.17,-0.37,0.15,-0.26,0.26,0.11,0.42,-0.06,0.06,0.74,0.6,-0.34,-0.4,0
YDL035C,-0.08,-0.21,-0.345,-0.48,0.15,-0.34,0.34,-0.36,0.17,-0.21,-0.32,0.56,0.31,-0.19,0.66,-0.61,0.28,-0.13,0.55,0.21,0.87,-0.66,-0.345,0
YDL036C,0.28,0.11,-0.024999999,-0.16,-0.06,-0.27,0.03,-0.09,0.0,0.02,-0.18,-0.27,-0.28,0.27,-0.04,0.08,-0.01,-0.36,0.15,0.59,0.27,-0.09,-0.215,0
YDL037C,-0.635,-1.53,-0.47,0.59,1.09,0.13,1.6,1.14,1.83,0.25,0.33,-0.4,-0.52,-0.75,0.2,0.17,1.04,0.15,1.65,-1.3,-1.02,-2.2,-2.25,1
YDL038C,-0.155,-0.62,-0.004999995,0.61,0.0,0.44,0.25,0.38,1.16,0.21,0.0,-0.19,-0.57,-0.57,-0.1,0.25,0.67,0.31,0.59,-1.25,-0.71,-0.85,-0.885,0
YDL039C,-0.23500001,-0.86,-0.425,0.01,1.37,0.15,1.55,1.04,1.63,0.16,0.5,-0.85,-0.72,-1.29,0.43,0.24,0.95,-0.09,1.19,-0.9,-0.62,-2.23,-2.155,1
YDL040C,0.41,0.37,0.21000001,0.05,-0.47,0.17,-0.47,-0.01,-0.33,0.24,0.07,-0.03,-0.21,-0.03,-0.21,0.17,-0.21,-0.05,-0.03,-0.14,-0.09,0.35,0.24,0
YDL041W,0.37,0.39,0.205,0.02,-0.33,0.27,-0.28,0.31,-0.03,0.44,-0.11,0.24,-0.53,-0.09,-0.64,0.19,-0.72,0.18,-0.26,0.02,-0.46,0.27,0.17500001,0
YDL042C,0.53,0.47,0.295,0.12,-0.44,0.25,-0.16,0.22,-0.69,0.25,0.0,0.22,-0.24,0.1,-0.53,0.16,-0.28,0.18,-0.28,-0.41,-0.16,0.03,0.005,0
YDL043C,0.18,0.18,0.135,0.09,-0.29,0.19,-0.45,0.36,-0.31,0.27,-0.29,0.19,-0.57,-0.06,-0.54,0.27,-0.54,0.25,-0.54,0.03,-0.16,0.56,0.435,0
YDL044C,0.19000001,0.02,-0.095,-0.21,-0.27,-0.11,-0.13,0.03,-0.4,0.1,0.26,-0.23,-0.31,-0.19,0.02,0.1,-0.25,-0.19,0.0,0.12,-0.04,0.37,0.32999998,0
YDL045C,0.005,0.0,-0.075,-0.15,-0.2,-0.1,0.01,0.03,-0.08,0.21,-0.12,0.27,-0.93,0.07,-0.35,0.11,-0.51,0.18,-0.04,0.22,0.23,0.22,0.265,0
YDL046W,-0.44,-0.48,-0.305,-0.13,-0.17,0.1,-0.15,0.23,0.16,0.14,0.15,0.11,0.24,-0.28,-0.06,0.09,0.45,0.36,0.53,-0.8,0.27,0.04,-0.02,0
YDL047W,0.635,0.49,0.245,0.0,-0.63,0.12,-0.18,0.16,-0.18,0.66,0.13,0.54,-1.0,0.06,-0.7,0.18,-0.91,0.17,-0.22,-0.73,-0.57,0.65,0.45,0
YDL048C,0.505,0.46,0.385,0.31,-0.19,0.3,-0.23,0.49,0.51,0.05,-0.65,-0.05,-0.46,-0.57,0.01,0.15,0.78,0.29,0.51,-0.76,-0.34,-0.49,-0.61,1
YDL049C,0.515,0.32,0.049999997,-0.22,0.24,-0.46,0.22,-0.16,0.24,-0.2,-0.04,-0.07,-0.22,-0.49,0.38,-0.05,0.18,-0.27,0.53,-0.42,0.37,-0.42,-0.46499997,0
YDL050C,0.94000006,0.68,0.375,0.07,0.09,-0.14,-0.03,-0.02,0.23,0.05,0.21,-0.13,-0.35,-0.18,-0.09,-0.02,-0.54,0.09,-0.42,0.64,0.02,-0.49,-0.625,0
YDL051W,1.185,1.09,0.58500004,0.08,0.11,-0.11,0.22,0.13,0.01,0.11,-0.19,0.03,-0.57,-0.09,-0.65,0.16,-0.99,0.15,-0.11,0.19,-1.02,-0.36,-0.37,0
YDL052C,-0.65999997,-0.42,-0.28,-0.14,0.72,-0.27,0.34,-0.37,0.57,-0.55,0.09,-0.21,0.67,-0.04,0.84,0.26,-0.42,0.01,0.54,0.35,0.64,-0.48,-0.405,0
YDL053C,0.26,0.2,0.075,-0.05,0.05,-0.14,-0.02,-0.08,-0.02,0.12,-0.18,0.29,-0.22,-0.11,-0.16,0.11,-0.64,0.26,0.18,0.2,-0.75,0.07,0.065,0
YDL054C,-0.3,-0.31,-0.21000001,-0.11,0.46,-0.47,0.3,-0.34,0.2,-0.33,0.22,0.07,0.55,-0.38,0.77,0.01,-0.02,-0.23,0.67,0.2,0.72,-0.41,-0.46499997,0
YDL055C,0.26500002,0.91,0.735,0.56,0.83,-0.04,-0.42,-1.54,-1.42,-0.65,0.4,1.2,1.27,1.16,1.02,0.82,-0.18,0.0,0.04,-0.72,-1.31,-0.18,0.09,1
YDL056W,-0.72,-0.63,-0.35,-0.07,1.13,-0.53,0.65,-1.02,0.84,-0.5,0.68,-0.81,0.52,0.28,0.78,-0.24,0.66,0.0,0.84,1.13,1.27,-0.6,-0.86,0
YDL057W,0.1,0.11,-0.26999998,-0.65,-0.14,-0.55,0.18,-0.14,0.24,-0.36,0.08,0.05,0.08,-0.32,0.66,-0.2,-0.6,-0.16,0.57,0.34,0.09,0.14,0.1,0
YDL058W,0.39,0.75,0.435,0.12,-0.14,-0.14,-0.3,-0.24,-0.05,0.07,0.19,0.22,0.05,0.22,-0.13,0.02,0.24,-0.28,0.42,0.43,0.03,0.12,-0.08,0
YDL059C,-0.015000001,0.15,-0.044999994,-0.24,-0.13,-0.49,-0.07,-0.22,0.26,-0.25,0.04,0.13,-0.22,-0.07,0.78,0.04,-0.4,0.06,0.26,0.31,0.09,0.13,0.07,0
YDL060W,0.70500004,0.5,0.39,0.28,0.13,0.27,0.03,-0.01,-0.52,0.1,-0.14,-0.19,-0.12,-0.03,-0.52,0.48,-0.8,-0.08,-0.46,0.67,-0.7,-0.14,-0.3,0
YDL061C,-0.58000004,-0.43,-0.275,-0.12,0.81,0.07,0.69,0.07,1.03,-0.04,0.37,0.26,0.32,-0.31,0.16,-0.19,-0.23,0.03,0.74,-0.1,-0.36,-0.46,-0.585,0
YDL062W,0.625,0.47,0.375,0.28,0.31,0.01,0.17,-0.01,0.01,-0.05,-0.07,-0.2,-0.15,-0.41,0.01,0.27,0.64,-0.09,-0.09,-0.05,-0.63,-0.46,-0.605,0
YDL063C,0.61,0.48,0.44,0.4,0.17,0.18,0.37,0.37,-0.17,0.21,-0.47,-0.08,-1.01,-0.1,-0.37,0.54,-0.39,0.24,0.18,-0.06,-0.8,-0.3,-0.46,0
YDL064W,0.46,0.54,0.58500004,0.63,0.17,0.44,-0.38,0.05,-0.71,-0.05,-0.36,0.13,-0.34,0.07,-0.05,0.53,-0.11,0.34,-0.44,-0.49,-0.87,0.05,-0.025,0
YDL065C,-0.010000005,0.16,0.175,0.19,0.22,0.1,0.08,0.43,-0.13,0.31,-0.36,0.11,-0.96,0.1,-0.53,0.08,-0.26,0.05,0.3,0.05,0.11,0.2,0.18,0
YDL066W,-0.425,-0.31,-0.015000001,0.28,-0.25,0.48,-0.54,0.44,-0.33,0.44,-0.18,0.35,-0.2,0.27,-0.29,0.26,-0.06,0.37,-0.16,-0.31,-0.22,0.24,0.195,0
YDL067C,-0.465,-0.23,-0.21000001,-0.19,0.78,-0.11,0.62,0.37,0.66,0.12,0.19,0.11,-0.41,-0.7,-0.32,-0.18,0.05,0.22,0.8,-0.29,0.02,0.03,-0.075,0
YDL069C,0.275,0.37,0.175,-0.02,-0.16,-0.37,-0.22,0.14,-0.46,0.14,-0.65,0.16,-1.02,0.0,0.21,0.26,0.29,0.36,0.35,-0.02,-0.24,0.32,0.14999999,0
YDL070W,0.24,0.45,0.48999998,0.53,-0.49,0.31,-0.78,0.01,-1.1,0.14,-0.58,0.07,-0.32,0.27,-0.52,1.02,-0.17,0.54,-0.71,0.11,-0.89,0.72,0.515,0
YDL071C,0.3,0.61,0.165,-0.28,-0.09,-0.64,0.26,-0.24,0.11,-0.03,0.01,-0.05,-0.53,-0.11,-0.26,0.18,0.33,-0.17,0.26,0.16,0.31,0.11,-0.074999996,0
YDL072C,-0.715,-0.26,0.00500001,0.27,0.06,0.05,-0.64,-0.18,0.08,0.08,0.14,0.35,0.57,-0.06,0.19,-0.03,0.46,0.05,0.31,-0.62,0.31,0.27,0.28,0
YDL073W,-0.155,-0.03,0.044999998,0.12,0.7,-0.33,0.37,-0.04,0.11,-0.19,-0.28,-0.04,-0.33,-0.21,0.26,-0.01,0.32,-0.13,0.65,0.27,0.24,-0.21,-0.385,0
YDL074C,0.28500003,0.27,0.365,0.46,-0.66,0.18,-0.05,-0.09,-0.43,-0.03,-0.41,-0.05,0.12,0.53,0.23,0.31,0.06,0.1,0.04,0.15,-0.15,0.27,0.155,0
YDL076C,-0.135,-0.02,0.03,0.08,0.48,-0.43,0.31,-0.32,-0.18,-0.51,0.03,-0.32,0.16,-0.05,0.29,0.17,0.11,-0.11,-0.06,0.51,0.08,0.09,0.0,0
YDL077C,0.705,0.77,0.505,0.24,0.24,0.31,-0.41,-0.23,0.53,-4.12,0.39,0.33,0.17,0.28,-0.31,-0.03,0.53,0.03,0.61,0.85,0.59,-0.95,-0.48,0
YDL078C,-0.215,-0.23,-0.145,-0.06,-0.06,-0.23,-0.33,-0.36,-0.64,-0.29,-0.03,0.14,0.04,0.16,0.26,0.3,-0.03,0.06,-0.22,0.64,-0.12,0.49,0.425,0
YDL079C,-0.13,-0.26,-0.22999999,-0.2,0.05,-0.26,0.0,-0.2,0.33,-0.12,0.1,0.07,0.05,-0.97,0.25,-0.07,0.03,-0.12,1.06,0.16,0.15,0.0,-0.025,0
YDL080C,-0.1,-0.17,-0.13,-0.09,0.34,-0.31,0.25,-0.12,-0.06,-0.24,0.15,-0.19,0.08,-0.19,0.05,0.16,0.21,-0.19,0.39,0.57,0.17,-0.01,-0.125,0
YDL081C,-0.65,-0.48,-0.355,-0.23,0.85,-0.09,0.92,-0.06,1.34,-0.1,0.58,0.28,0.6,-0.45,0.11,-0.23,-0.18,-0.01,1.04,-0.1,-0.2,-0.51,-0.685,0
YDL082W,0.23499998,0.21,0.125,0.04,0.27,-0.02,0.27,0.06,-0.38,0.06,0.0,0.06,-0.27,0.04,-0.44,-0.03,-0.25,0.07,-0.21,0.97,-0.15,0.01,-0.13000001,0
YDL083C,-0.32999998,-0.18,-0.095000006,-0.01,0.73,0.04,0.5,0.06,0.81,-0.03,0.22,0.34,0.26,-0.12,0.26,-0.27,-0.47,-0.01,0.62,0.14,-0.41,-0.31,-0.485,0
YDL084W,-0.21000001,-0.18,-0.010000005,0.16,0.68,0.15,0.48,-0.2,-0.02,-0.4,-0.02,-0.28,0.18,-0.11,-0.01,0.34,-0.06,0.34,0.38,-0.09,0.19,-0.42,-0.33999997,0
YDL085W,-0.225,-0.41,-0.56,-0.71,-0.07,-0.47,0.12,-0.29,0.7,-0.04,0.38,-0.03,0.37,-0.33,0.4,-0.37,0.26,-0.37,0.8,0.29,0.4,-0.17,-0.205,0
YDL086W,-0.12,-0.22,-0.145,-0.07,-0.27,0.23,-0.7,0.26,-0.04,0.27,-0.2,0.25,0.03,-0.1,-0.17,0.18,0.27,0.46,-0.01,-0.61,-0.27,0.08,0.055,0
YDL087C,0.055,0.02,-0.060000002,-0.14,0.09,-0.47,0.41,0.25,-0.06,0.14,-0.14,0.05,-0.45,-0.08,0.0,0.14,-0.26,-0.02,0.09,0.09,-0.33,0.28,0.21000001,0
YDL088C,0.315,0.25,0.29000002,0.33,-0.09,0.37,-0.63,0.35,-0.38,0.19,-0.42,-0.01,-0.34,0.07,-0.44,0.25,0.04,0.13,-0.3,-0.16,-0.47,0.38,0.17999999,0
YDL089W,0.015000001,-0.04,-0.25,-0.46,-0.06,-0.71,0.04,0.19,0.19,0.36,0.18,0.29,-0.77,-0.1,-0.24,-0.33,-0.1,-0.04,0.33,0.29,0.23,0.36,0.29500002,1
YDL090C,0.195,0.38,0.08,-0.22,-0.1,-0.01,-0.38,0.26,0.09,0.45,0.01,0.33,0.11,0.05,-0.65,-0.22,-0.27,0.03,-0.27,0.03,-0.38,0.51,0.405,0
YDL091C,0.005000001,0.05,-0.095,-0.24,-0.08,-0.5,-0.13,0.23,-0.22,0.19,-0.17,0.2,-0.5,0.09,-0.58,0.05,0.12,0.11,0.27,0.49,-0.33,0.25,0.29000002,0
YDL092W,0.70500004,0.68,0.35,0.02,-0.03,0.11,-0.43,0.21,-0.34,0.32,-0.28,0.2,-0.23,0.14,-0.5,0.02,-0.01,0.2,-0.62,0.05,-0.95,0.51,-0.23500001,0
YDL093W,0.425,0.69,0.4,0.11,0.36,-0.84,-0.24,-0.39,-0.01,0.13,0.48,0.5,0.21,0.37,-0.31,-0.17,0.37,-0.39,0.5,-0.2,-0.44,-0.09,-0.16499999,1
YDL095W,0.17999999,0.39,0.435,0.48,0.37,-0.54,-0.29,-0.26,-0.26,0.24,0.11,0.53,-0.29,0.54,-1.13,0.13,0.11,-0.05,0.54,-0.38,-0.35,0.0,0.0,1
YDL096C,0.19,0.37,0.4,0.43,0.37,-0.02,-0.71,-0.41,-0.19,0.06,0.54,0.37,0.64,0.35,-0.28,-0.05,0.37,-0.19,0.06,-0.99,-0.31,-0.16,-0.205,1
YDL097C,0.01,0.02,-0.075,-0.17,-0.68,-0.62,-0.62,0.0,-0.56,0.57,-0.34,0.38,-1.22,0.32,-1.71,0.51,-0.2,0.59,-0.07,0.86,-0.5,1.28,1.19,0
YDL100C,-0.015,-0.02,-0.049999997,-0.08,0.25,-0.49,-0.22,-0.62,-0.59,-0.28,-0.06,0.08,-0.18,0.38,0.35,0.18,-0.06,0.15,0.11,0.13,0.06,0.31,0.245,0
YDL101C,0.71,1.06,0.48999998,-0.08,-0.28,-0.5,-0.5,-0.77,-0.26,-0.01,0.47,0.99,0.55,0.65,0.01,0.05,-0.6,-0.42,-0.01,-0.06,-0.8,0.21,0.074999996,1
YDL102W,0.415,0.32,-0.15,-0.62,0.01,-0.92,0.25,-0.47,-0.09,0.3,0.89,0.16,0.74,0.71,0.3,-0.3,-0.14,-0.79,0.3,0.46,0.77,-0.42,-0.755,1
YDL103C,0.36,0.47,0.06999999,-0.33,-0.63,-0.91,-0.63,-0.43,-0.33,0.25,0.09,0.8,0.13,0.43,-0.33,0.04,-0.61,-0.29,-0.03,0.39,-0.18,0.71,0.56,1
YDL105W,0.265,0.15,-0.27499998,-0.7,-0.07,-0.7,-0.29,-0.67,0.35,0.1,0.45,0.3,0.53,0.24,0.21,-0.2,0.51,-0.52,0.56,0.49,0.01,0.06,-0.365,1
YDL106C,0.044999998,0.21,-0.010000005,-0.23,0.51,-0.5,-0.48,-0.48,0.38,-0.27,0.28,-0.31,0.34,-0.07,0.46,-0.14,-0.08,-0.44,0.28,0.93,0.53,0.11,-0.13,0
YDL107W,-0.16499999,-0.21,-0.5,-0.79,-0.13,-0.33,-0.07,-0.26,0.04,-0.3,-0.07,-0.16,0.24,0.0,0.31,-0.1,0.29,0.0,0.28,0.63,0.15,0.43,0.18,0
YDL108W,0.07,0.11,0.02,-0.07,0.18,-0.17,0.2,-0.19,0.0,-0.24,0.02,-0.36,0.07,-0.22,0.13,-0.14,0.28,-0.24,-0.11,0.61,0.51,-0.09,-0.2,0
YDL109C,-0.2,-0.28,-0.33499998,-0.39,0.33,-0.54,0.09,-0.28,0.93,-0.2,0.18,0.07,0.38,0.12,0.27,-0.05,0.12,-0.18,0.49,0.1,-0.01,-0.14,-0.265,0
YDL110C,-0.84000003,-0.76,-0.45999998,-0.16,-0.02,-0.24,0.08,-0.17,-0.51,0.05,-0.27,0.1,0.11,0.24,0.26,-0.11,-0.08,-0.11,-0.06,0.87,0.5,0.5,0.39499998,0
YDL111C,0.64,0.81,0.455,0.1,-0.14,0.29,0.2,0.14,0.12,0.14,-0.38,0.27,-0.32,-0.22,-0.81,0.14,0.33,-0.09,0.17,-0.52,-0.14,-0.25,-0.395,0
YDL112W,0.24,0.16,-0.07000001,-0.3,0.21,-0.21,0.52,-0.25,0.06,-0.26,-0.14,0.03,0.42,0.02,-0.03,-0.18,-0.02,-0.23,0.63,0.45,0.64,-0.7,-0.635,0
YDL113C,-0.08,0.31,-0.13499999,-0.58,0.18,-1.12,-0.12,-0.29,-0.08,-0.04,-0.02,0.13,0.32,-0.14,0.29,-0.44,0.19,-0.52,0.85,0.72,1.61,-0.06,-0.155,0
YDL115C,-0.055,-0.05,-0.36,-0.67,0.17,-0.75,0.11,-0.12,-0.05,0.0,-0.13,-0.35,-0.31,-0.25,0.07,-0.08,0.59,-0.03,0.68,0.54,0.1,0.22,0.135,0
YDL116W,0.28,0.23,0.32,0.41,0.08,0.41,-0.66,0.49,-0.26,0.33,-0.77,0.11,-0.53,0.09,-0.61,0.34,0.19,0.13,-0.44,0.06,-0.53,0.19,0.075,0
YDL117W,0.43999997,-0.3,-0.445,-0.59,-0.68,-1.14,-0.84,0.31,0.49,1.1,0.28,-0.07,-0.39,-0.48,-0.68,-0.46,-0.17,-0.34,0.23,0.87,0.18,0.53,0.33999997,1
YDL118W,0.42000002,0.38,0.114999995,-0.15,-0.04,0.12,-0.32,0.06,-0.26,0.22,0.04,-0.28,-0.34,-0.54,-0.13,-0.61,-0.06,-0.32,-0.11,0.02,0.06,0.53,0.525,0
YDL119C,0.41,0.18,0.095000006,0.01,-0.14,-0.71,-0.3,0.16,-0.28,-0.28,0.14,0.15,0.0,0.08,0.0,-0.14,0.2,0.02,0.23,0.62,0.05,0.86,-0.75499994,0
YDL120W,0.19,0.35,0.32999998,0.31,-0.04,0.46,-0.22,0.3,-0.2,0.16,-0.96,0.03,-0.42,-0.02,-0.18,0.18,-0.02,0.19,-0.42,-0.22,-0.57,0.36,0.35500002,0
YDL121C,0.465,0.37,0.030000001,-0.31,0.1,-0.35,-0.16,0.25,-0.22,0.12,-0.47,-0.27,-0.43,-0.22,-0.13,-0.03,0.64,0.21,0.39,0.31,-0.53,-0.13,-0.155,0
YDL124W,-0.605,-0.66,-0.38000003,-0.1,-0.01,-0.48,-0.87,-1.2,-0.25,0.01,-0.43,-0.03,-0.14,0.22,0.68,-0.07,-0.78,0.39,-0.05,0.91,0.91,1.07,0.93500006,0
YDL126C,-0.495,-0.45,-0.415,-0.38,-0.24,-0.52,-0.24,-0.69,-0.17,-0.05,-0.23,-0.34,-0.24,-0.19,0.55,0.11,-0.07,0.05,0.44,1.17,0.97,0.7,0.53499997,0
YDL127W,1.225,0.47,0.075,-0.32,-0.13,-1.13,-0.58,-0.87,0.12,1.07,0.95,0.66,0.52,0.29,-0.7,-1.1,-1.58,-1.1,-0.66,0.26,0.31,0.71,0.475,1
YDL128W,-0.54499996,-0.57,-0.51,-0.45,-0.2,-0.59,-0.03,-0.54,0.11,-0.04,-0.33,0.08,-0.08,-0.11,0.47,-0.01,0.05,0.11,0.63,1.39,0.78,0.36,0.35000002,1
YDL131W,0.21000001,0.22,0.32,0.42,0.35,0.37,0.44,0.3,-0.13,0.34,0.01,0.04,-0.41,-0.1,-1.17,-0.08,-1.17,0.18,-0.5,-0.01,-0.55,0.38,0.32,0
YDL132W,-0.54499996,-0.59,-0.525,-0.46,-0.08,-0.62,0.01,-0.46,-0.03,-0.16,0.13,-0.3,0.07,0.06,0.57,-0.16,0.07,-0.11,0.62,1.08,0.77,0.3,0.19500001,0
YDL133W,-0.21,-0.16,0.005000003,0.17,0.25,0.04,0.26,0.26,-0.04,-0.14,0.04,-0.21,0.1,0.1,-0.64,0.01,-0.77,0.18,0.19,0.47,-0.1,0.26,0.155,0
YDL134C-A,-0.125,-0.19,-0.205,-0.22,0.27,0.02,0.15,0.15,0.36,0.09,-0.16,0.38,0.36,0.14,-0.14,-0.27,-0.19,-0.22,0.12,0.27,-0.07,-0.44,-0.215,0
YDL135C,0.275,0.47,0.25,0.03,-0.03,0.15,-0.05,0.03,-0.47,0.08,-0.64,0.23,0.1,0.36,-0.35,-0.05,-1.1,-0.08,-1.0,0.37,-0.13,0.59,0.515,0
YDL138W,0.08499999,-0.12,-0.275,-0.43,-0.04,-0.21,0.18,0.3,0.71,0.31,-0.14,0.0,-0.65,0.29,-0.39,-0.32,0.1,0.03,0.54,0.13,0.16,-0.09,-0.16,1
YDL140C,-0.049999997,-0.16,0.08500001,0.33,-0.31,0.16,0.01,0.06,0.24,0.1,0.01,-0.05,0.03,0.08,0.06,0.22,-0.03,0.01,0.06,-0.53,0.51,-0.25,-0.25,0
YDL142C,0.02,0.0,0.12,0.24,-0.38,0.18,-0.21,0.02,0.13,0.02,-0.29,0.05,-0.56,-0.78,0.35,0.25,0.26,0.18,-0.16,-0.05,0.6,0.18,0.11,0
YDL144C,-0.41,-0.45,-0.385,-0.32,-0.14,-0.04,-0.01,-0.05,0.34,-0.08,-0.13,-0.11,0.01,-0.19,0.33,-0.52,0.25,-0.19,0.56,0.02,0.97,0.02,0.015,0
YDL145C,0.010000005,0.4,0.25,0.1,0.28,0.07,-0.07,-0.03,0.18,0.0,-0.14,-0.03,0.25,0.07,-0.14,0.0,0.58,-0.41,0.62,-0.16,-0.1,-0.36,-0.31,0
YDL146W,-0.475,-0.51,-0.445,-0.38,0.39,-0.6,0.27,-0.49,0.85,-0.55,0.14,-0.27,0.38,-0.33,0.76,-0.22,0.27,-0.15,0.73,0.43,0.64,-0.11,-0.155,0
YDL150W,0.69,0.41,0.19,-0.03,-0.96,0.07,0.2,0.01,-0.04,0.21,-0.99,-0.21,-0.61,-0.35,-0.23,0.5,-0.29,0.32,-0.49,0.51,-0.59,0.32,0.14,0
YDL157C,0.58,0.63,0.45999998,0.29,0.52,-0.09,-0.75,-0.46,-0.39,-0.08,0.23,0.4,0.27,0.48,-0.05,0.12,-0.83,-0.03,-0.36,-0.25,-0.81,-0.03,-0.015,1
YDL171C,-0.14,0.0,0.235,0.47,0.33,0.53,0.49,0.58,0.08,0.48,0.27,0.23,0.16,0.16,-0.11,0.11,-0.24,-0.11,-0.24,-1.28,-0.06,-0.22,-0.25,0
YDL174C,-0.605,-0.48,-0.21499999,0.05,0.18,0.33,0.17,0.39,0.0,0.14,-0.49,0.37,-0.33,0.52,-0.92,0.41,0.2,0.32,-0.06,-0.35,-0.2,0.24,0.28,0
YDL177C,0.16499999,0.12,0.074999996,0.03,-0.13,0.09,0.33,0.09,-0.41,-0.17,-0.33,0.45,-0.28,0.2,0.36,-0.06,-0.01,-0.11,-0.33,-0.04,0.84,0.09,0.1,0
YDL180W,-0.66999996,-0.69,-0.31,0.07,0.35,0.23,0.55,0.36,0.5,0.22,-0.04,-0.15,-0.15,-0.39,-0.65,0.3,0.61,0.29,0.13,-0.67,0.59,-0.4,-0.075,1
YDL183C,-0.055,-0.13,-0.08,-0.03,-0.24,-0.17,0.25,0.02,-0.46,0.03,-0.3,-0.02,-0.26,-0.15,0.45,-0.2,0.17,0.03,-0.57,-0.29,0.53,0.31,0.325,0
YDL184C,-0.16000001,-0.02,-0.08,-0.14,0.46,0.12,-0.28,0.17,0.01,0.34,0.3,0.39,-0.01,0.33,-1.5,-0.06,0.05,0.13,-0.06,0.12,-0.47,0.02,0.13,0
YDL193W,0.22,0.23,0.19,0.15,0.05,0.03,-0.09,-0.04,-0.38,0.46,-0.14,0.54,0.19,0.4,-0.38,0.25,-0.38,0.25,-0.35,0.43,-0.14,0.56,0.48000002,0
YDL207W,0.25,0.33,0.305,0.28,-0.1,0.26,-0.14,0.26,-0.37,0.2,-0.48,0.36,-0.06,0.09,-0.58,0.23,-0.51,0.13,-0.56,0.43,-0.58,0.32,0.19999999,0
YDL211C,0.59499997,0.71,0.435,0.16,0.21,-0.2,0.06,-0.36,-0.36,0.45,0.34,0.78,0.45,0.34,-0.16,0.01,-0.38,-0.36,-0.23,-0.62,-0.55,-0.2,-0.225,1
YDL213C,1.02,0.84,0.45499998,0.07,-0.67,0.31,-0.32,0.37,1.73,0.43,-0.58,0.11,-0.98,-0.13,-1.67,0.07,-1.3,0.38,-0.95,1.03,-1.37,0.26,0.065,0
YDL214C,0.195,-0.06,0.08,0.22,-0.38,-0.21,-0.08,0.3,0.31,0.11,0.53,-1.08,-0.14,0.04,0.08,0.36,0.15,-0.14,0.02,-0.28,0.39,-0.33,-0.11000001,0
YDL215C,-0.34,-0.35,-0.155,0.04,0.03,-0.05,0.2,0.0,-0.4,-0.15,-0.21,-0.18,-0.09,-0.07,0.51,0.34,0.32,0.03,-0.19,-0.56,0.51,0.34,0.28,0
YDL216C,0.19500001,0.27,0.155,0.04,-0.16,0.01,0.07,0.01,-0.16,-0.09,0.1,-0.64,0.39,0.2,-0.04,0.1,0.01,-0.01,-0.42,-0.06,-0.03,0.33,0.09,0
YDL220C,0.18,-0.01,-0.06,-0.11,-0.09,-0.36,0.47,0.12,0.08,0.04,0.34,0.58,0.05,0.1,-0.27,-0.06,0.08,-0.04,0.23,0.46,0.93,-1.4,-0.76,0
YDL221W,0.15,0.07,-0.044999998,-0.16,0.23,-0.01,0.22,-0.09,0.17,0.07,0.48,0.02,0.51,0.01,-0.06,-0.42,0.04,-0.35,0.19,0.07,0.28,-0.4,-0.5,0
YDL224C,-0.05,-0.09,-0.14500001,-0.2,0.08,-0.09,0.05,-0.42,0.05,-0.19,0.55,-0.08,0.24,0.37,0.29,0.01,0.47,-0.05,0.12,0.32,0.61,-0.71,-0.66499996,0
YDL225W,0.395,0.25,0.29500002,0.34,-0.1,0.37,0.05,0.56,-0.24,0.11,-0.07,0.18,-0.22,0.38,-0.59,-0.4,-1.34,0.07,-0.2,0.81,-0.52,-0.05,0.03,0
YDL226C,0.025,0.11,0.055,0.0,-0.54,0.25,0.08,0.08,-1.0,0.22,-0.28,0.43,-0.21,0.42,-0.72,0.2,-0.45,0.27,0.02,0.09,0.2,0.41,0.315,0
YDL228C,0.11,0.01,-0.065,-0.14,0.58,-2.83,0.89,-0.21,0.45,0.05,0.54,-0.19,0.65,-0.19,0.53,-0.13,-0.16,-0.1,0.59,0.36,0.6,-0.41,-0.36,0
YDL229W,-0.16,-0.07,-0.015000001,0.04,0.34,-0.07,0.18,-0.02,-0.12,-0.01,0.58,0.52,0.07,0.05,0.31,-0.72,0.1,-0.29,0.11,0.11,0.05,-0.2,-0.225,0
YDL231C,-0.074999996,-0.21,-0.25,-0.29,0.57,-1.05,0.43,0.14,0.45,-0.19,0.12,0.32,0.08,0.37,0.38,-0.86,0.54,-0.62,0.57,-0.39,1.29,-0.86,-0.455,0
YDL232W,-0.155,-0.13,0.060000002,0.25,0.33,-0.16,1.05,-0.01,-0.88,-0.01,0.21,0.1,0.21,0.45,0.34,-0.14,-0.05,0.34,-0.34,-1.42,0.42,-0.23,-0.120000005,0
YDL233W,0.099999994,-0.09,-0.23,-0.37,0.7,-0.5,0.18,0.51,-0.01,-0.45,0.21,-0.35,0.27,-0.01,0.5,-0.74,0.59,-0.11,0.5,0.11,0.79,-0.66,-0.485,0
YDL234C,-0.245,-0.26,0.63,1.52,0.53,-0.71,-0.18,0.66,-0.32,-0.26,0.73,-0.67,0.16,1.01,0.02,-1.76,-0.02,2.25,-0.18,0.11,0.6,-1.71,-0.53000003,0
YDL235C,0.31,0.25,0.04,-0.17,0.32,-0.32,0.3,-0.4,-0.02,-0.27,-0.32,0.72,-0.32,0.02,0.21,-0.23,0.05,-0.32,-0.12,-0.42,0.56,0.02,-0.075,0
YDL236W,-0.049999997,-0.04,0.099999994,0.24,-0.18,0.09,-0.06,0.3,-0.61,0.38,0.32,0.24,-0.5,0.29,0.17,0.09,-0.18,0.43,-0.46,-0.25,0.31,-0.67,-0.37,0
YDL237W,-0.425,-0.34,-0.265,-0.19,0.1,-0.05,-0.1,0.01,0.1,0.16,0.13,0.43,0.19,0.28,-0.47,0.01,0.15,0.26,0.01,-0.65,0.16,0.12,0.15,0
YDL238C,-0.030000001,-0.09,0.145,0.38,0.68,-0.6,0.72,-0.41,0.29,-0.24,0.69,-0.13,0.36,-0.74,0.6,-0.55,-0.05,-0.07,-0.15,0.19,0.66,-0.55,-0.365,0
YDL240W,-0.48999998,-0.53,0.35500002,1.24,0.35,-0.15,0.27,0.21,-0.05,-0.35,0.46,-0.55,0.05,0.01,0.46,-0.91,-0.07,0.33,0.22,0.13,0.68,-0.57,-0.025000006,0
YDL241W,0.765,1.14,-0.68,-2.5,1.2,0.24,0.23,0.15,-0.01,0.1,-0.11,0.04,-0.25,0.26,-0.04,-0.36,-0.32,0.05,0.02,-0.44,0.5,0.02,-0.025,0
YDL242W,0.034999996,-0.05,-0.245,-0.44,-0.05,-0.07,0.41,-0.37,0.65,-0.33,0.2,-0.14,0.17,-0.26,0.17,-0.59,0.56,-0.11,0.67,0.02,0.69,-0.49,-0.345,0
YDL243C,-0.19500001,-0.37,-0.36,-0.35,0.25,-0.59,0.02,-0.14,0.39,-1.45,0.65,0.61,0.44,0.3,1.02,-0.59,0.47,-0.72,-0.02,-0.12,0.79,-0.53,-0.285,0
YDL244W,0.035,0.01,-0.155,-0.32,0.01,-1.11,1.24,-1.14,1.12,-0.99,0.17,-0.34,0.74,-0.5,0.59,-0.44,0.52,0.16,0.78,0.86,1.22,-1.21,-0.555,0
YDL245C,-0.325,-0.56,-0.485,-0.41,0.48,-0.37,0.68,-0.11,0.28,0.08,0.42,-0.03,0.45,-0.03,1.0,-0.69,0.4,-0.87,0.55,0.61,0.73,-1.0,-0.63,0
YDL246C,0.089999996,-0.14,-0.185,-0.23,0.02,-1.14,0.28,-1.22,0.63,-0.62,-0.18,0.62,0.82,-0.03,1.24,-0.16,0.02,-0.48,1.02,0.49,0.86,-1.11,-0.365,0
YDL247W,-0.22,-0.52,-0.43,-0.34,-0.2,-1.14,0.62,-0.22,0.71,0.64,0.66,0.08,0.55,0.19,0.09,-1.18,0.34,-0.32,0.68,0.2,1.04,-0.91,-0.635,0
YDL248W,-0.005000001,0.06,-0.56,-1.18,0.47,-0.84,0.69,-1.22,0.4,-0.41,-0.17,0.02,0.9,0.33,1.0,-0.89,0.64,-0.81,0.84,-0.04,1.02,-0.55,-0.34,0
YDR001C,0.035,0.08,-0.275,-0.63,0.61,-0.73,-0.21,0.16,0.16,0.32,0.67,0.4,0.6,0.3,0.27,-0.63,-0.44,-0.63,0.39,1.24,0.32,-0.9,-0.765,1
YDR002W,0.755,0.71,0.39499998,0.08,-0.38,0.27,-0.25,-0.06,-0.79,-0.05,-1.01,-0.12,-0.75,0.22,-0.38,0.29,-0.33,0.17,-0.79,0.36,-0.27,0.56,0.425,0
YDR003W,-0.024999999,-0.06,-0.04,-0.02,0.3,-0.31,-0.21,-0.21,-0.17,-1.23,0.89,0.27,0.03,0.09,-0.02,0.2,-0.59,-0.2,-0.06,0.23,-0.02,0.48,0.35999998,0
YDR005C,-0.26999998,-0.32,-0.605,-0.89,0.5,-0.73,-0.3,-0.59,1.44,0.31,0.53,0.53,0.45,0.1,0.4,-1.18,0.3,-0.49,0.54,0.73,0.24,-0.76,-0.26,0
YDR006C,-0.17,-0.17,0.43499997,1.04,0.31,-0.86,0.68,0.06,0.32,-0.19,0.69,-0.55,-0.06,0.61,0.36,-0.64,0.09,0.64,-0.04,-0.38,0.52,-1.44,-0.39000002,0
YDR007W,-0.105,-0.35,-0.385,-0.42,0.54,0.36,1.03,-1.0,0.58,-0.12,-0.17,0.14,0.18,-0.07,0.43,-1.21,0.3,-0.65,0.23,0.47,0.57,-0.27,-0.26,0
YDR008C,0.21000001,0.34,0.435,0.53,-0.49,-0.23,-0.15,0.14,-0.33,-0.12,-0.24,0.0,-0.36,0.32,0.4,0.37,0.0,0.23,0.02,-0.44,0.35,-0.28,-0.205,0
YDR009W,-0.035000004,-0.28,-0.31,-0.34,0.44,-0.88,0.56,-0.43,0.51,-0.22,-0.11,1.55,0.25,0.14,0.7,-1.48,0.28,-0.22,0.51,0.04,0.98,-0.88,-0.625,0
YDR012W,-0.275,-0.05,0.145,0.34,-0.32,0.61,0.34,0.46,-0.21,0.3,0.25,0.2,0.2,0.02,0.28,-0.21,0.35,0.26,0.35,-1.44,0.28,-0.12,-0.175,0
YDR013W,0.030000009,-0.21,-0.785,-1.36,1.12,-0.24,2.33,-0.37,-0.18,-0.13,0.1,0.75,0.27,0.18,-0.1,-0.32,-0.62,-0.37,-0.29,0.31,0.05,-0.24,-0.29,0
YDR014W,-0.24,-0.19,0.114999995,0.42,-0.05,-0.02,0.55,0.28,-0.92,-0.05,0.81,-0.09,-0.21,0.28,0.82,-1.47,0.32,0.59,0.03,-0.25,0.62,-0.45,0.02000001,0
YDR016C,-0.04500001,0.24,0.37,0.5,-0.2,0.18,-0.37,-0.39,-0.47,-0.39,0.14,0.07,-0.09,0.51,0.42,-0.59,0.18,0.39,0.12,-0.23,-0.18,-0.09,0.155,0
YDR018C,-0.35,-0.45,-0.034999996,0.38,0.34,-1.03,0.21,-0.22,0.42,-0.6,-0.15,0.19,0.59,1.58,0.8,-0.23,0.06,-1.6,0.93,0.25,0.94,-0.74,-0.31,0
YDR019C,-0.225,-0.45,-0.47,-0.49,0.32,-0.47,0.54,-0.23,0.15,-0.34,0.26,0.33,0.27,0.19,0.26,-0.51,0.07,-0.51,0.92,0.16,1.28,-0.47,-0.445,0
YDR020C,0.08,0.04,0.315,0.59,0.65,0.12,0.44,-0.35,0.35,-0.72,-0.04,-0.17,0.95,0.18,0.4,-0.08,0.44,-0.78,0.53,0.04,0.14,-1.29,-0.56,0
YDR021W,-0.045,-0.46,-0.35500002,-0.25,0.3,-0.32,0.95,-0.21,0.76,-0.85,0.39,0.15,0.12,0.31,0.3,-0.69,-0.49,-0.29,0.27,0.61,0.67,-0.85,-0.505,0
YDR023W,0.33,0.43,0.345,0.26,0.2,0.17,-0.15,0.05,-0.46,0.2,0.0,-0.07,-0.15,-0.62,-0.46,0.09,-0.83,0.14,-0.26,0.71,-0.35,0.42,0.255,0
YDR024W,0.26500002,0.2,0.15,0.1,-0.13,-0.25,0.29,-0.17,-0.19,-0.36,-0.36,-0.07,0.16,0.95,0.11,-0.21,0.3,-0.54,0.38,0.24,0.56,-0.6,-0.46,0
YDR025W,0.024999999,0.14,-0.12499999,-0.39,0.19,-1.2,0.79,-0.32,0.44,-0.13,0.31,1.33,0.08,-0.01,0.3,-1.3,0.26,-1.34,0.28,0.64,1.08,-0.07,-0.195,0
YDR026C,-0.065,-0.32,-0.39499998,-0.47,-0.18,-1.41,0.18,-0.32,0.42,-0.59,0.09,-0.75,0.67,1.64,1.01,-0.09,0.58,-0.64,1.33,0.36,0.79,-0.93,-0.54,0
YDR027C,-0.034999996,-0.25,-0.115,0.02,0.6,-0.37,0.81,0.32,0.18,-0.42,0.24,0.69,0.47,-0.81,0.75,-0.71,0.37,-0.42,0.72,0.5,0.9,-1.02,-0.92999995,0
YDR029W,-0.024999999,0.16,0.175,0.19,0.0,0.19,0.89,0.13,-0.31,-0.56,-0.26,-0.21,0.25,-0.37,-0.12,0.16,0.36,-0.54,0.13,0.37,-0.43,0.09,0.025000002,1
YDR030C,-0.13499999,0.02,0.695,1.37,-0.37,0.28,0.33,-0.11,-0.37,-0.23,-0.09,-0.14,0.08,-0.64,0.49,-1.14,-0.01,0.78,0.02,0.45,0.85,-0.86,-0.345,0
YDR031W,0.045,-0.18,-0.245,-0.31,0.39,-0.96,0.15,-0.75,-0.16,-0.47,0.17,1.29,-0.28,0.58,0.43,-0.71,0.4,-0.6,0.43,-0.11,0.56,0.0,0.0,0
YDR032C,-0.085,-0.12,-0.044999998,0.03,-0.5,-0.08,-0.56,-0.14,-0.92,0.09,0.08,0.29,-0.03,0.28,0.46,-0.07,0.18,0.49,-0.06,-1.12,-0.68,0.5,0.53999996,0
YDR033W,-2.28,-3.25,-2.28,-1.31,0.16,0.71,1.28,1.45,2.02,0.98,0.46,-0.42,-1.11,-1.57,-0.93,-0.03,0.93,1.04,1.48,-0.09,0.96,0.15,-0.21499999,1
YDR035W,-0.14,-0.35,-0.07,0.21,0.54,-0.34,-0.09,-0.17,0.12,0.21,0.17,0.96,-0.32,0.34,-0.41,-0.65,0.42,0.17,0.71,-0.34,0.57,-0.83,-0.64,0
YDR036C,-0.22999999,-0.17,0.42499998,1.02,0.01,0.07,-0.01,-0.59,-0.67,-0.01,0.18,0.17,-0.02,0.37,0.18,-0.51,-0.05,0.43,0.49,-0.2,0.11,0.11,0.025,0
YDR037W,-0.029999986,-0.53,-0.23999998,0.05,0.61,-0.6,0.23,-1.13,-0.24,-0.83,0.11,1.14,-0.05,0.79,-0.16,-1.28,0.59,-0.28,0.57,0.95,0.25,-0.28,-0.26,0
YDR038C,-0.025,-0.11,0.745,1.6,0.59,-0.2,0.4,-0.69,0.02,0.22,-1.13,0.21,0.4,0.59,-0.22,-0.82,0.41,0.86,0.12,-0.46,0.27,-0.71,-0.355,0
YDR039C,-0.16,-0.13,0.17,0.47,1.36,-0.74,1.1,-1.44,1.04,-1.51,1.21,1.92,1.03,-0.37,1.31,-1.74,1.28,-1.58,0.99,0.42,1.12,-2.66,-1.395,0
YDR040C,-0.265,-0.18,0.55999994,1.3,0.39,-0.29,0.34,-0.62,-0.33,-0.38,0.75,-1.02,0.03,-0.22,0.23,-0.77,0.19,0.91,0.59,0.19,0.75,-0.47,-0.08,0
YDR041W,-0.265,-0.37,-0.29,-0.21,-0.01,-0.23,-0.26,0.01,-0.2,0.34,-0.15,0.47,-0.38,0.39,-0.64,0.01,-0.3,0.23,-0.48,-0.15,-0.08,0.92,0.71000004,0
YDR043C,-0.45999998,-0.48,-0.375,-0.27,0.53,-0.5,-0.08,-0.28,0.19,-0.58,0.11,-0.3,0.48,-0.3,0.79,-0.67,-0.22,-0.89,0.43,0.37,2.35,-0.58,0.51,0
YDR044W,0.68,0.6,0.54,0.48,0.4,0.12,0.2,-0.01,0.05,-1.28,-0.72,-0.33,-0.54,-0.52,0.08,0.31,0.3,0.39,0.27,-0.14,0.07,-0.35,-0.415,0
YDR045C,0.505,0.39,0.06999999,-0.25,-0.08,-0.39,0.27,0.13,-0.01,0.03,-0.11,0.18,-0.53,0.05,-0.36,-0.24,-0.38,-0.04,-0.85,0.25,-0.25,0.11,0.46,0
YDR046C,0.045,-0.16,-0.18,-0.2,0.62,-0.31,0.78,-0.21,0.27,-0.55,-0.06,0.12,0.35,-0.15,0.54,-0.21,0.54,-0.35,0.51,0.52,0.56,-1.15,-0.78499997,0
YDR047W,-0.33499998,-1.0,-0.515,-0.03,0.23,-0.28,-0.06,-0.08,0.11,0.07,0.47,0.42,-0.6,0.42,-0.2,0.0,-0.58,-0.15,0.17,0.31,-0.09,0.16,0.06,0
YDR048C,0.325,0.09,0.055,0.02,-0.03,-0.16,0.42,0.13,-0.16,-1.3,-0.24,0.42,0.05,0.16,0.61,0.1,0.25,-0.48,0.13,-0.1,0.61,-0.44,-0.39499998,0
YDR049W,-0.12499999,-0.45,-0.435,-0.42,0.52,-0.88,0.93,-0.19,0.43,-0.15,0.53,-0.22,-1.67,0.16,0.82,-0.6,0.44,-0.6,0.89,0.73,1.29,-0.51,-0.375,0
YDR050C,-1.1949999,-1.09,-0.59000003,-0.09,0.05,0.51,0.55,0.44,0.25,0.33,-0.12,0.33,-0.03,0.24,0.34,0.55,0.19,0.7,0.1,-0.14,-0.47,0.09,-0.04,0
YDR051C,0.35,0.22,-0.049999997,-0.32,-0.56,-0.12,0.1,0.15,-0.14,0.04,-0.14,-0.07,-0.87,-0.22,-0.02,-0.19,-0.17,-0.08,-0.47,0.37,0.03,0.61,0.47500002,0
YDR052C,-0.695,-0.71,-0.585,-0.46,0.11,-0.09,0.69,-0.12,0.49,-0.29,0.21,0.47,0.47,0.55,0.28,0.0,0.26,0.0,0.33,-0.01,0.7,-0.27,-0.24000001,0
YDR053W,0.67,0.62,0.39,0.16,-0.41,-0.02,-0.27,0.03,-0.15,0.31,0.03,0.39,0.08,0.34,-0.43,0.12,-0.37,-0.37,-0.47,0.01,-0.49,0.12,-0.099999994,1
YDR054C,0.525,0.31,0.4,0.49,-1.17,0.39,-0.51,0.43,-0.96,0.75,-0.33,0.3,-0.6,0.06,-0.19,0.53,-0.33,0.66,-1.12,-1.08,-0.89,0.68,0.525,0
YDR055W,0.745,-0.08,-0.215,-0.35,-0.21,-0.18,-0.55,-0.48,1.08,-0.1,1.4,1.05,0.14,-1.14,-0.83,-1.26,-0.6,-0.24,0.28,0.17,1.43,-0.51,-0.53,1
YDR056C,0.53,0.22,0.215,0.21,-0.69,-0.04,-0.3,0.02,-0.52,0.56,-0.05,0.24,-0.44,0.1,-0.24,0.02,-0.38,0.26,-1.15,-0.82,-0.19,0.65,0.59,0
YDR057W,0.044999987,-0.3,-0.16000001,-0.02,0.94,-1.15,-0.02,0.35,-0.15,-0.55,0.49,1.5,-0.15,0.31,-0.44,-1.26,0.23,0.05,0.18,0.63,0.02,0.29,-0.075,0
YDR058C,0.105,-0.05,-0.18,-0.31,-0.48,-0.24,0.22,0.0,-1.0,-1.48,0.47,-0.13,-0.28,0.31,0.13,-0.2,0.2,0.55,0.42,0.03,0.66,0.23,0.245,0
YDR059C,-0.305,-0.41,-0.26,-0.11,0.36,-0.29,0.02,-0.29,-0.77,-0.2,-0.3,0.78,-0.23,0.08,-0.05,-0.16,0.47,0.01,0.6,-0.29,0.66,0.16,0.15,0
YDR060W,0.019999996,-0.22,0.5,1.22,0.33,0.22,-0.04,0.04,-0.74,-0.41,0.16,0.02,-0.2,-0.06,-0.14,-0.06,0.05,0.78,0.32,-0.12,-0.74,-0.78,0.17000002,0
YDR061W,-0.37,-0.44,0.13,0.7,0.63,-0.42,0.2,-0.28,0.16,-0.28,0.31,0.89,0.04,0.68,-0.03,-1.1,-0.08,-0.26,0.41,0.63,0.13,-0.96,-0.45999998,0
YDR062W,0.04,0.12,0.375,0.63,0.04,0.56,0.1,0.15,-1.29,0.14,-0.19,0.33,0.0,0.35,0.18,0.33,0.17,0.31,-0.56,-0.82,-0.41,-0.05,-0.060000002,0
YDR063W,-0.035,-0.05,0.21499999,0.48,-0.05,-0.36,-0.28,-0.33,-0.44,0.08,-0.35,0.87,-0.55,0.34,0.2,-0.2,0.08,-0.02,-0.13,-0.03,-0.09,0.27,0.26,0
YDR064W,-0.105000004,-0.01,0.245,0.5,0.66,0.37,0.58,0.12,-0.18,0.35,0.21,0.18,0.28,0.38,-0.31,-0.13,-0.68,0.22,-0.27,-0.73,-0.45,-0.39,-0.06999999,0
YDR065W,-0.054999992,-0.42,-0.255,-0.09,0.91,-0.72,0.08,0.11,0.39,-0.3,0.63,1.02,0.02,0.35,-0.09,-0.4,-0.09,-0.5,0.52,0.35,0.35,-1.96,-1.0450001,0
YDR067C,0.31,0.2,-0.050000004,-0.3,0.3,-0.21,-0.42,-0.03,0.0,-0.4,-0.02,-0.07,0.63,-0.05,-0.13,-0.18,-0.58,0.02,0.05,0.35,-0.18,0.25,-0.034999996,0
YDR069C,-0.13,-0.35,-0.42000002,-0.49,0.45,0.12,-0.33,-0.39,0.27,-0.44,0.15,-0.56,1.12,-0.09,0.3,-0.33,-0.01,-0.14,0.64,0.52,0.62,-0.26,-0.41,0
YDR071C,0.405,0.3,0.060000002,-0.18,-0.51,-0.09,-0.11,-0.01,-0.41,0.24,-0.17,0.15,-0.2,0.17,-0.95,0.08,-1.17,0.24,-0.57,0.56,-0.59,0.85,0.67,0
YDR072C,-0.365,-0.24,-0.08,0.08,0.4,0.47,0.23,0.36,0.63,0.44,0.25,0.31,0.13,-0.31,-0.02,0.14,0.38,0.09,0.28,-1.04,-0.37,-0.74,-0.495,0
YDR073W,0.155,0.15,0.060000002,-0.03,-0.32,0.1,-0.38,0.1,2.24,0.04,-0.57,0.05,-0.31,-0.28,0.12,-0.06,-0.29,0.04,-0.52,-0.11,-0.15,-0.02,-0.089999996,0
YDR074W,-0.675,-0.63,-0.39,-0.15,-0.45,-0.05,0.05,-0.13,0.2,0.28,-0.41,-0.07,0.07,-0.1,-0.2,-0.49,1.36,-0.34,0.36,0.32,0.22,0.49,0.495,0
YDR075W,0.38,0.29,0.065,-0.16,0.15,-0.07,0.38,0.04,0.17,-0.22,-0.03,-0.01,0.19,-0.03,-0.17,-0.19,-0.37,0.05,0.2,-0.03,-0.35,-0.16,-0.375,0
YDR076W,0.14,-0.09,-0.245,-0.4,0.45,-0.57,0.33,-0.4,0.65,-0.38,0.31,-0.28,0.15,-0.28,0.76,-0.09,0.25,-0.34,0.23,0.69,0.61,-0.52,-0.52,0
YDR077W,-1.005,-1.15,-0.96,-0.77,0.09,0.06,0.87,0.63,1.57,0.33,0.69,-0.17,0.28,-0.7,-0.74,-0.61,-0.04,0.15,1.22,0.02,0.67,-0.3,-0.39,1
YDR079W,-0.14500001,-0.2,-0.505,-0.81,-0.01,-0.13,0.41,-0.35,0.11,0.14,-0.09,0.08,0.05,-0.39,-0.39,-0.05,-0.61,0.0,-0.05,0.19,0.04,0.26,0.26,0
YDR080W,-0.725,-0.64,-0.43,-0.22,-0.2,0.02,-0.06,0.02,0.13,0.13,-0.06,0.09,0.02,-0.03,-0.11,0.04,0.57,0.19,1.01,0.28,0.61,-0.15,-0.195,0
YDR081C,0.22,0.13,-0.025000006,-0.18,-0.02,0.06,0.45,0.09,-0.44,-0.04,-0.09,0.91,0.01,-0.23,-0.14,-0.04,0.03,0.09,0.04,0.03,0.35,-0.31,-0.31,0
YDR083W,0.87,0.73,0.28,-0.17,-0.19,0.17,0.27,0.15,-0.49,0.3,-0.13,0.09,-0.46,-0.19,-0.51,-0.04,0.17,-0.03,-0.23,-0.23,-0.23,0.12,-0.075,0
YDR084C,-0.105,-0.05,0.07,0.19,-0.09,0.31,0.03,0.31,-0.1,0.19,0.06,0.23,0.07,-0.02,0.01,0.04,-0.12,0.2,0.35,-0.72,-0.25,0.03,-0.075,0
YDR085C,0.14500001,-0.08,-0.325,-0.57,-0.35,-0.43,-0.31,-0.01,0.06,0.41,0.2,0.24,0.0,-0.36,-0.55,-0.5,-0.38,-0.94,-0.11,0.35,0.41,0.71,0.525,1
YDR086C,0.38,0.23,0.13,0.03,0.05,-0.15,0.03,-0.21,-0.33,0.05,0.34,0.2,0.11,0.21,-0.02,-0.13,-0.21,0.07,-0.79,-0.28,-1.15,0.26,0.26999998,0
YDR087C,0.755,0.64,0.26999998,-0.1,-0.36,0.3,-0.08,0.22,-0.47,0.3,-0.56,0.0,-0.69,-0.03,-1.01,0.31,-0.47,0.27,-0.47,0.19,-0.92,0.39,0.24499999,0
YDR088C,0.53,0.59,0.255,-0.08,-0.14,0.04,0.33,-1.8,-0.22,0.29,0.21,0.47,-0.12,0.12,-0.12,0.14,-0.14,-0.01,0.09,-0.22,-0.12,0.24,0.22,0
YDR089W,-0.855,-0.72,-0.425,-0.13,0.69,0.5,0.55,0.19,0.28,-0.57,-0.26,0.05,0.15,0.04,-0.01,0.21,0.24,-0.01,0.88,0.61,0.3,-0.14,-0.29,1
YDR090C,-0.515,-0.35,-0.16499999,0.02,0.52,0.02,-0.21,-0.19,0.1,-0.27,0.12,-0.17,0.45,-0.23,0.47,-0.08,0.54,-0.1,0.63,0.15,0.42,-0.25,-0.24000001,0
YDR091C,-0.024999999,-0.14,0.020000003,0.18,0.61,0.13,0.44,0.1,0.68,-0.01,0.13,-0.14,-0.04,-0.15,-0.46,0.02,-0.06,0.07,0.34,-0.38,-0.19,-0.35,-0.515,0
YDR092W,-0.030000001,0.11,-0.024999999,-0.16,0.18,-0.22,-0.52,-0.19,-0.58,-0.05,-0.17,0.18,-0.33,0.47,0.45,-0.27,0.16,0.0,-0.08,0.21,0.22,0.25,0.29000002,0
YDR093W,-0.14,0.01,-0.17,-0.35,0.46,-0.31,0.31,-0.12,0.23,-0.25,-0.23,-0.09,0.41,0.15,0.35,-0.45,0.49,-0.31,1.0,-0.04,0.66,-0.66,-0.46500003,0
YDR094W,-0.15,0.06,0.215,0.37,0.63,0.08,0.28,0.08,-0.36,-0.34,-0.06,-0.2,0.29,0.03,0.7,0.03,0.27,-0.14,0.33,0.28,0.04,-0.45,-0.58500004,0
YDR095C,-0.06,-0.19,-0.21000001,-0.23,0.42,-0.45,0.51,-0.15,0.0,-0.02,-0.25,-0.43,0.48,-0.13,0.3,-0.08,0.66,-0.32,0.91,-0.32,0.84,-0.17,-0.22,0
YDR096W,-0.275,-0.47,-0.47,-0.47,0.09,-0.68,0.08,-0.17,0.1,0.06,0.44,-0.11,0.37,-0.23,0.63,-0.19,0.25,-0.44,0.35,0.55,0.85,-0.16,-0.215,0
YDR097C,1.4300001,1.57,0.64500004,-0.28,-0.94,-1.17,-1.25,-1.25,-0.49,1.01,0.9,1.28,0.9,1.0,-0.17,-0.3,-0.87,-1.01,-0.77,0.01,-0.47,0.63,0.29,1
YDR098C,0.22,0.34,0.18,0.02,-0.29,-0.4,-0.37,-0.51,-0.56,0.04,0.1,0.23,0.02,0.49,-0.01,-0.19,-0.42,-0.19,-0.61,0.54,-0.12,0.52,0.45999998,0
YDR099W,-0.635,-0.51,-0.325,-0.14,0.15,-0.06,-0.08,-0.08,0.0,-0.04,-0.03,-0.08,-0.08,0.26,-0.08,0.16,-0.47,0.32,0.33,0.53,-0.31,0.53,0.40999997,0
YDR100W,-0.43,-0.44,-0.35500002,-0.27,0.3,-0.32,0.22,-0.36,-0.07,-0.3,0.18,0.01,0.35,0.15,0.71,-0.09,-0.06,-0.01,0.53,0.11,0.5,-0.07,-0.235,0
YDR101C,0.755,0.47,0.35,0.23,0.02,0.17,0.31,0.35,0.25,0.29,-0.12,0.09,-0.43,-0.15,-0.75,0.2,-0.58,0.04,0.32,-0.33,-0.88,-0.38,-0.53999996,0
YDR103W,0.005000003,-0.22,-0.185,-0.15,0.05,-0.02,0.32,0.24,0.15,0.16,0.04,0.12,-0.1,-0.24,0.02,-0.14,0.01,-0.26,0.4,0.18,-0.02,-0.22,-0.22,0
YDR104C,0.24000001,0.17,-0.024999999,-0.22,-0.18,0.06,0.52,0.12,-0.24,-0.24,0.09,0.43,-0.18,-0.16,0.33,0.19,0.23,-0.3,0.17,0.2,0.47,-0.32,-0.465,0
YDR105C,-0.43,-0.14,-0.16499999,-0.19,0.11,0.03,0.09,0.07,0.38,-0.09,-0.14,0.11,0.51,0.0,0.11,-0.12,0.34,-0.05,0.77,-0.14,0.22,-0.03,-0.044999998,0
YDR107C,-0.255,-0.13,-0.355,-0.58,0.38,-0.44,0.42,-0.24,0.11,-0.2,-0.1,0.29,0.44,-0.17,0.75,-0.44,0.43,-0.18,0.6,0.08,0.84,-0.24,-0.32,0
YDR108W,0.385,0.47,0.225,-0.02,-0.04,0.19,0.51,0.16,-0.17,-1.23,-0.02,0.88,0.03,0.1,-0.21,0.06,0.06,0.03,0.08,-0.06,-0.28,0.14,0.060000002,0
YDR109C,0.1,0.28,-0.034999996,-0.35,-0.16,-0.7,1.49,-0.18,-0.06,-0.31,-0.06,0.3,-0.09,-0.24,0.25,-0.5,0.08,-0.65,0.41,0.2,0.33,-0.2,-0.05,0
YDR111C,0.86,1.04,0.655,0.27,0.44,0.26,0.35,-0.01,-0.02,0.2,0.23,0.35,0.18,-0.09,-0.2,-0.34,-0.09,-0.57,-0.13,-0.41,-0.24,-0.52,-0.48499998,0
YDR112W,0.97,1.11,0.83000004,0.55,0.59,0.37,0.38,0.05,0.22,0.19,0.34,0.31,0.37,0.03,-0.5,-0.22,-0.18,-0.65,-0.81,-0.71,-0.53,-0.62,-0.7,0
YDR113C,0.72999996,1.4,1.035,0.67,0.1,-0.03,-0.65,-1.23,-0.91,-0.12,-0.21,0.76,0.48,0.98,0.15,0.43,-0.12,-0.25,-0.25,-0.27,-0.34,0.04,0.065,1
YDR114C,0.049999997,0.06,-0.08,-0.22,0.18,-0.66,0.3,-0.68,0.33,-0.51,0.29,0.04,0.21,-0.32,0.48,-0.34,0.63,-0.63,0.37,0.66,0.98,-0.28,-0.40499997,0
YDR115W,-0.33,-0.33,-0.425,-0.52,0.07,-0.41,-0.03,-0.27,0.27,0.02,0.4,0.3,0.44,0.18,0.17,-0.27,-0.79,0.14,0.44,0.11,-0.12,0.26,0.19999999,0
YDR116C,-0.475,-0.63,-0.59000003,-0.55,-0.32,-0.55,-0.28,-0.18,-0.11,0.24,0.25,0.42,0.1,0.03,0.05,-0.08,-0.08,0.09,-0.54,0.96,0.23,0.53,0.375,0
YDR117C,0.185,0.29,0.105,-0.08,-0.26,-0.24,-0.29,-0.13,-0.22,-0.08,0.32,-0.08,-0.02,0.24,-0.06,0.02,-0.75,-0.06,0.17,0.5,-0.31,0.44,0.305,0
YDR118W,0.07,0.07,-0.14,-0.35,0.42,-0.42,0.53,-0.26,0.04,-0.61,0.26,0.5,0.4,-0.33,0.54,-0.73,0.09,-0.39,0.51,0.61,0.82,-0.33,-0.5,0
YDR119W,-0.14,-0.16,-0.19999999,-0.24,-0.12,0.04,-0.32,0.14,0.46,0.26,0.15,0.17,0.14,-0.03,0.26,-0.32,0.2,-0.06,0.04,-0.12,0.29,-0.1,-0.17,0
YDR120C,0.42,0.2,0.11,0.02,0.04,0.09,0.28,0.2,-0.5,-0.01,-0.17,-0.29,-0.17,-0.23,-0.57,0.06,0.12,0.21,-0.21,0.69,-0.34,-0.12,-0.37,0
YDR121W,0.36,0.36,-0.00999999,-0.38,-0.17,-0.09,0.33,0.0,1.33,0.07,-0.19,-0.24,-0.07,-0.17,-0.09,-0.01,-0.77,-0.1,-0.06,0.19,-0.52,0.04,-0.05,0
YDR122W,0.044999998,0.01,-0.205,-0.42,0.13,0.78,-0.11,-0.4,0.58,-0.25,-0.23,-0.07,0.63,-0.23,0.19,-0.6,0.03,-0.52,0.42,0.51,0.69,-0.11,-0.14,0
YDR124W,0.35500002,0.34,-0.004999995,-0.35,0.22,-0.68,0.22,-0.68,0.28,-0.7,-0.03,-0.47,0.14,0.24,0.61,-0.28,0.67,-0.39,0.61,-0.1,0.99,-0.28,-0.28,0
YDR125C,0.07,0.02,-0.29000002,-0.6,0.15,-0.37,0.03,-0.24,0.31,-0.26,0.0,-0.19,0.27,-0.1,-0.07,-0.22,0.02,-0.24,0.52,0.25,0.23,0.03,0.024999999,0
YDR126W,0.39000002,0.24,0.11,-0.02,-0.21,0.06,0.09,0.04,0.03,0.29,0.08,-0.08,0.26,-0.24,-0.19,-0.19,0.4,-0.26,-0.17,-0.34,0.16,-0.1,-0.22,0
YDR127W,-0.095,-0.06,-0.085,-0.11,0.07,-0.08,0.05,-0.06,0.31,0.02,0.02,0.04,0.17,-0.15,0.04,-0.17,-0.03,-0.04,0.16,0.13,0.41,-0.15,-0.165,0
YDR128W,-0.01,0.02,0.04,0.06,0.14,0.09,0.2,0.17,0.31,-0.04,-0.25,-0.2,-0.18,-0.07,-0.05,-0.05,0.26,-0.2,0.26,-0.23,0.55,0.01,-0.13000001,0
YDR130C,0.26,0.7,0.67499995,0.65,0.38,0.48,0.06,-0.14,-0.37,-0.65,-0.32,-0.21,0.2,0.25,-0.3,0.58,0.55,-0.21,-0.37,-0.12,-0.35,-0.23,-0.175,1
YDR131C,-0.035,-0.17,-0.44,-0.71,0.5,-0.57,0.32,-0.28,0.1,-0.19,0.28,0.14,0.39,-0.13,0.15,-0.8,0.46,-0.46,0.5,0.41,0.63,-0.37,-0.25,0
YDR133C,-0.35,-0.21,-0.13499999,-0.06,0.59,0.29,0.17,-0.13,0.23,-0.1,0.06,0.29,0.38,-0.01,-1.25,0.27,0.32,0.33,0.84,-0.46,0.15,-0.07,-0.060000002,0
YDR134C,-0.525,-0.39,-0.12499999,0.14,0.47,0.47,-0.3,0.01,0.43,-0.04,0.07,0.2,0.43,-0.1,-0.22,0.15,1.12,0.38,0.32,-0.95,0.04,-0.29,-0.29,0
YDR135C,-0.2,-0.25,-0.185,-0.12,0.08,-0.33,-0.19,-0.05,0.27,-0.07,0.24,0.49,-0.02,0.54,0.03,-0.64,0.51,-0.5,0.64,0.33,0.28,-0.37,-0.175,0
YDR137W,0.39,0.46,0.08,-0.3,-0.24,0.14,-0.43,0.19,-0.15,0.22,-0.15,0.02,-0.1,0.0,-1.01,0.02,0.02,-0.17,0.3,0.54,0.34,0.23,0.1,0
YDR138W,-0.029999997,-0.13,-0.24,-0.35,0.07,-0.19,0.21,0.06,-0.15,-0.08,-0.33,0.51,-0.19,-0.06,0.12,-0.06,0.36,-0.19,0.16,0.36,0.53,0.01,-0.16000001,0
YDR139C,0.29,0.17,-0.005000003,-0.18,0.11,-0.44,0.19,-0.12,0.11,0.04,-0.35,-0.18,-0.21,-0.03,-0.3,-0.27,-0.51,0.16,-0.05,0.27,0.14,0.12,0.11,0
YDR140W,-0.005000001,0.06,0.049999997,0.04,0.22,-0.02,0.16,0.09,0.18,-0.14,0.03,-0.18,0.12,-0.06,-0.04,-0.25,0.09,0.04,0.19,-0.01,0.07,-0.06,-0.165,0
YDR141C,0.29500002,0.31,0.085,-0.14,0.29,-0.66,0.42,0.07,-1.12,-0.1,0.09,1.33,0.4,-0.34,0.45,-1.16,0.45,-0.16,0.71,0.48,0.63,-0.16,-0.325,0
YDR142C,0.015000001,-0.07,0.010000002,0.09,0.27,-0.08,0.35,-0.03,-0.31,-0.04,0.18,0.06,0.43,-0.39,-0.06,0.01,0.43,-0.26,0.24,0.05,0.47,-0.38,-0.5,0
YDR143C,0.265,0.09,0.095,0.1,0.24,-0.35,0.27,-0.18,0.35,0.04,-0.1,-0.12,-0.05,-0.16,-0.21,-0.2,0.02,-0.46,0.61,-0.02,0.0,-0.24,-0.275,0
YDR144C,0.09,0.09,0.025000002,-0.04,0.64,-0.95,0.22,-0.52,0.39,-0.25,0.67,0.17,0.76,0.12,0.44,-0.63,0.17,-0.57,0.0,0.3,0.82,-0.63,-0.575,1
YDR145W,0.21000001,0.18,0.11,0.04,0.07,-0.14,-0.14,-0.05,-0.03,0.02,-0.03,-0.22,-0.2,0.15,-0.58,0.09,-0.43,-0.1,0.23,0.52,-0.5,0.39,0.205,0
YDR146C,-1.215,-1.46,-0.65000004,0.16,0.74,0.72,1.0,0.77,0.3,-0.56,-0.78,-1.28,-0.34,-0.69,0.19,0.51,0.66,0.34,0.34,1.49,0.75,-0.1,-0.455,1
YDR147W,0.29000002,0.36,0.305,0.25,-0.63,-0.26,0.29,0.02,-0.07,-0.39,-0.3,-0.28,0.08,0.39,-0.19,0.06,-0.07,-0.01,0.43,0.33,-0.11,0.04,-0.13000001,0
YDR148C,-0.59,-0.47,-0.29,-0.11,0.15,-0.26,0.04,-0.1,-0.19,0.07,0.05,0.12,0.11,-0.06,0.03,-0.17,0.06,0.13,-0.29,0.61,0.33,0.6,0.46,0
YDR150W,-0.16000001,-0.05,0.115,0.28,0.21,0.7,0.25,0.55,-0.21,-0.08,-0.71,-0.03,-0.36,0.25,-0.25,0.21,-0.1,0.06,0.29,0.06,-0.06,-0.14,-0.120000005,1
YDR151C,-0.1,-0.22,-0.40499997,-0.59,-0.39,-0.02,1.31,0.19,-0.42,0.04,-0.33,-0.2,-0.44,-0.47,-0.63,0.39,0.26,0.39,0.3,0.31,0.08,0.39,0.285,0
YDR152W,0.625,0.61,0.3,-0.01,-0.38,0.24,-0.53,0.33,-0.65,0.41,-0.53,0.11,-0.42,-0.01,-0.73,0.2,0.28,0.23,-0.9,0.13,-0.79,0.49,0.325,0
YDR153C,0.435,0.52,0.24999999,-0.02,-0.21,0.16,-0.25,0.19,-0.67,0.07,-0.08,-0.16,-0.56,-0.08,-0.46,0.08,-0.07,-0.01,-0.07,0.71,-0.7,0.33,0.24000001,0
YDR154C,-0.17,-0.19,-0.18,-0.17,0.0,-0.26,-0.82,-0.56,-0.44,-0.1,-0.19,0.1,0.28,-0.17,0.14,0.1,0.18,0.44,0.28,-0.65,0.28,0.5,0.49,0
YDR155C,-0.29000002,-0.27,-0.28,-0.29,0.0,-0.56,-0.56,-0.73,-0.4,-0.29,-0.14,-0.02,0.12,-0.33,0.17,0.02,0.6,0.34,1.11,0.36,0.58,0.27,0.35500002,0
YDR156W,0.48499998,0.2,0.095,-0.01,0.02,0.41,-0.33,0.4,0.32,0.36,-0.16,0.14,-0.18,-0.39,-0.32,0.13,0.09,0.37,-0.07,-0.85,-0.9,-0.26,-0.345,0
YDR157W,0.335,-0.03,-0.575,-1.12,0.18,0.06,0.11,0.0,0.67,0.28,0.05,0.09,-0.07,-0.57,-0.12,-0.33,0.58,0.18,0.8,0.08,0.32,-0.99,-0.78999996,1
YDR158W,-0.61,-0.46,-0.155,0.15,0.27,0.4,-0.34,0.29,0.08,0.13,-0.29,0.11,-0.1,-0.07,-0.08,0.33,0.43,0.51,0.13,-0.41,0.01,0.15,0.060000002,0
YDR159W,0.14,0.04,-0.135,-0.31,0.02,-0.23,0.04,-0.67,0.18,0.05,0.15,0.31,-0.1,0.0,0.1,-0.17,0.33,-0.19,0.33,0.6,0.28,-0.29,-0.22999999,0
YDR160W,0.2,0.07,-0.044999998,-0.16,-0.08,-0.27,-0.31,0.18,-0.06,-0.24,0.82,1.13,0.13,-0.04,-0.43,-0.48,0.36,-0.14,-0.2,-0.06,-0.08,-0.2,-0.2,0
YDR161W,0.725,0.66,0.18500002,-0.29,-0.29,0.15,-0.27,-1.83,-0.11,0.36,-0.2,0.25,-0.45,-0.09,-0.33,-0.03,0.6,0.06,-0.09,0.69,-0.31,0.25,0.21000001,0
YDR162C,0.385,0.39,0.17999999,-0.03,-0.34,-0.24,0.04,0.14,-0.29,0.01,-0.65,-0.05,-0.48,-0.12,0.04,0.15,-0.54,0.21,-0.32,0.39,0.24,0.4,0.25,0
YDR163W,0.32,0.29,0.125,-0.04,-0.1,-0.24,-0.11,0.1,-0.4,0.04,-0.24,0.11,-0.11,0.17,-0.46,-0.04,-0.61,0.0,-0.52,0.6,-0.27,0.48,0.355,0
YDR164C,0.29,0.24,0.065,-0.11,-0.23,-0.32,0.52,-0.01,-0.15,0.07,-0.37,-0.17,-0.23,0.02,-0.09,-0.21,-0.49,0.0,-0.03,0.51,0.58,0.11,0.05,0
YDR165W,0.55,0.36,0.125,-0.11,-0.18,0.02,0.08,0.16,-0.2,0.33,0.06,0.16,-0.11,0.02,-0.92,0.05,-0.2,0.13,-0.37,0.3,-0.77,0.06,-0.089999996,0
YDR166C,-0.37,-0.31,-0.11,0.09,-0.13,0.24,-0.24,0.21,0.14,0.14,-0.19,-0.07,-0.11,-0.01,-0.17,0.03,0.16,0.06,0.6,0.3,0.35,-0.05,-0.135,0
YDR167W,0.27,0.3,0.060000002,-0.18,-0.1,-0.15,-0.03,0.08,-0.42,0.09,-0.23,-0.15,0.2,0.13,-0.47,0.08,-0.38,-0.03,-0.42,0.74,-0.66,0.55,0.39000002,0
YDR168W,-0.01,-0.04,-0.049999997,-0.06,-0.52,-0.12,-0.58,0.07,-0.27,0.04,-0.39,0.61,-0.52,-0.47,0.27,0.23,-0.16,0.34,-0.23,0.84,-0.12,0.18,0.31,0
YDR169C,0.035,0.04,-0.04,-0.12,-0.04,-0.15,-0.14,-0.02,-0.24,0.23,0.07,0.04,0.1,0.12,-0.32,0.25,-0.65,-0.01,-0.1,0.65,-0.23,0.28,0.205,0
YDR170C,0.035,0.1,0.32500002,0.55,0.3,0.45,0.31,0.31,-0.04,0.18,-0.08,-0.1,-0.22,0.34,-0.16,0.21,-0.42,0.16,-0.55,-0.66,-0.33,0.01,-0.105,0
YDR171W,-0.69500005,-0.67,-0.675,-0.68,-0.15,-0.7,-0.31,-0.92,-0.62,-0.25,-0.3,-0.73,-0.12,-0.42,-0.21,0.41,-0.7,0.2,-0.09,1.71,0.85,2.07,1.74,0
YDR172W,0.555,0.49,0.405,0.32,-0.36,0.04,-0.66,0.16,-0.45,0.09,-0.58,-0.04,-0.66,0.17,0.06,0.41,-0.28,0.11,-0.21,0.65,-0.74,0.22,0.105,0
YDR173C,-0.08,-0.06,-0.19500001,-0.33,0.29,-0.42,-0.12,-0.22,-0.07,-0.48,0.06,0.02,0.05,0.02,0.23,-0.35,0.09,-0.17,0.58,0.91,0.74,-0.09,-0.18,0
YDR174W,-0.3,-0.2,0.29500002,0.79,-0.22,-0.2,0.01,0.04,-0.15,0.43,-0.42,0.27,-0.34,0.12,0.27,-0.1,-0.25,0.16,-0.27,0.25,0.42,0.22,0.17,0
YDR175C,-0.24000001,-0.27,-0.22500001,-0.18,-0.48,0.17,-0.24,0.44,-1.02,0.63,-0.74,0.5,-0.15,0.31,-0.64,0.42,-1.02,0.5,-0.53,0.34,-0.24,1.05,0.89,0
YDR176W,0.215,0.29,0.24,0.19,0.52,0.19,-0.72,0.01,-0.86,0.06,-0.1,-0.12,-0.4,0.29,-0.21,0.54,-0.83,0.06,-0.63,0.75,-0.28,0.52,0.39999998,0
YDR177W,0.28500003,0.27,0.125,-0.02,-0.24,0.12,-0.19,0.13,1.08,0.22,-0.91,0.01,-0.38,-0.06,-0.91,0.22,-1.14,0.35,-0.88,0.3,-0.58,0.7,0.635,0
YDR178W,-0.78499997,-0.67,-0.27,0.13,-0.24,0.24,-0.1,-0.04,0.59,0.05,-0.15,0.05,-0.04,-0.25,0.37,-0.15,-0.18,0.11,0.32,-0.31,1.32,0.13,0.07,0
YDR179W-A,0.165,0.23,0.33,0.43,0.48,0.07,0.54,-0.48,-0.05,-0.3,-0.21,0.14,0.16,0.05,0.74,-0.32,-0.05,-0.52,0.66,0.18,0.51,-0.65,-0.64,0
YDR180W,0.31,0.04,-0.11,-0.26,-0.58,-0.13,-0.2,-0.01,-0.16,0.2,0.21,0.27,0.13,-0.15,0.21,0.05,0.05,0.05,-0.04,0.17,0.41,-0.18,-0.22,0
YDR181C,0.435,0.55,0.24000001,-0.07,-0.21,0.16,0.02,0.27,-0.27,0.03,-0.31,0.05,0.1,0.03,-0.57,0.0,-0.29,-0.09,-0.07,0.31,-0.04,-0.31,-0.145,0
YDR182W,0.11,0.24,0.32999998,0.42,-0.41,0.36,-0.52,0.06,-0.54,-0.04,-0.69,0.17,-0.33,0.37,0.39,0.42,-0.08,0.24,-0.61,0.04,0.28,0.17,0.16499999,0
YDR184C,0.81500006,0.43,0.255,0.08,-0.99,0.21,-0.39,0.39,-0.23,0.42,-0.51,0.11,-0.67,0.07,-0.09,0.61,-0.07,0.35,-0.63,-0.22,-0.19,0.21,0.08499999,0
YDR185C,-0.120000005,0.09,-0.095,-0.28,-0.01,0.22,0.36,0.24,0.11,0.13,-0.01,0.02,0.14,-0.4,-0.12,-0.09,0.09,0.02,-0.02,-0.01,0.34,0.06,-0.025,0
YDR186C,0.45499998,0.21,0.059999995,-0.09,-0.08,-0.19,-0.23,0.0,-0.2,-0.04,-0.59,-0.08,-0.35,-0.04,0.29,-0.14,0.11,-0.11,0.47,0.29,-0.15,-0.09,-0.245,0
YDR187C,0.24,0.22,0.235,0.25,-0.37,0.07,0.11,0.17,-0.32,0.09,-0.02,0.02,-0.21,0.11,-0.59,0.02,-0.57,0.2,0.07,0.28,-0.19,0.07,-0.06,0
YDR188W,0.22,0.17,0.18,0.19,-0.48,-0.03,-0.12,0.19,-0.12,0.01,-1.06,-0.03,-0.44,-0.16,0.42,0.22,0.04,0.23,0.37,0.08,-0.21,0.1,-0.009999998,0
YDR189W,0.32,0.39,0.305,0.22,0.13,-0.13,-0.41,-0.15,-0.54,0.06,-0.01,0.22,-0.09,0.34,-0.31,0.06,-0.72,-0.09,-0.24,0.45,-0.38,0.46,0.235,0
YDR190C,0.33499998,0.09,-0.08,-0.25,-0.69,-0.35,-0.27,0.25,0.04,0.34,-0.55,0.13,-0.53,-0.1,0.05,0.15,-0.35,0.12,-0.02,0.59,-0.53,0.42,0.235,1
YDR191W,-0.31,-0.92,-0.985,-1.05,-0.95,-0.52,0.28,0.69,0.5,0.97,0.39,-0.14,-0.28,-0.75,-0.58,-0.58,-0.62,-0.12,0.36,0.98,0.44,0.63,0.435,1
YDR192C,0.245,0.12,-0.155,-0.43,-0.05,-0.45,-0.04,0.02,0.23,0.03,-0.05,0.16,-0.15,-0.21,0.55,-0.21,-0.1,-0.1,0.48,0.37,0.32,-0.41,-0.39999998,0
YDR193W,0.22999999,0.14,-0.17500001,-0.49,0.42,-0.49,0.42,0.0,0.64,-0.09,0.3,0.0,0.19,0.01,-0.02,-0.4,-0.37,-0.27,0.23,0.1,-0.19,-0.19,-0.26999998,0
YDR194C,-0.345,-0.56,-0.55,-0.54,-0.84,-0.56,-0.6,-0.13,-0.75,0.27,-0.28,0.08,-0.22,0.23,0.44,0.25,-0.21,0.16,0.17,1.4,-0.2,0.79,0.68,0
YDR195W,0.415,0.26,0.019999996,-0.22,-0.19,-0.24,-0.43,-0.04,-0.17,-0.08,-0.04,-0.22,-0.22,0.06,0.04,0.06,-0.1,-0.08,0.03,0.69,-0.2,0.13,-0.010000005,0
YDR196C,0.105000004,0.18,0.085,-0.01,-0.34,-0.05,-0.16,0.19,-0.87,0.19,-0.52,0.27,-0.4,0.42,0.13,0.13,-0.14,-0.22,-0.22,0.33,0.04,0.22,0.22999999,0
YDR197W,-0.185,0.19,0.004999995,-0.18,-0.12,-0.79,0.0,0.12,0.12,0.5,0.31,0.36,-0.12,0.16,-0.37,-0.12,-0.68,-0.18,-0.11,0.48,0.0,0.22,0.21000001,0
YDR198C,0.42,0.21,0.13,0.05,-0.66,0.2,-0.3,0.44,0.05,0.35,-0.38,-0.05,-0.44,-0.42,-0.11,0.21,-0.23,0.29,-0.44,-0.05,-0.06,0.19,0.030000001,0
YDR199W,0.365,0.55,0.485,0.42,0.21,0.49,0.13,0.2,-0.22,0.01,-0.24,-0.02,0.2,0.26,-0.02,0.52,0.0,0.11,-0.47,0.33,-0.49,0.34,-1.2,0
YDR200C,0.39,0.51,0.555,0.6,-0.56,0.05,-0.67,0.09,-0.67,0.09,-0.4,0.31,-0.73,0.39,-0.2,0.48,-0.2,0.16,-0.61,0.25,-0.12,0.36,0.305,0
YDR201W,-0.055000007,0.22,0.17,0.12,0.12,0.29,1.42,0.12,-0.41,-0.27,-0.6,-0.1,0.49,0.12,-0.26,0.24,-0.35,0.08,-0.39,0.05,-0.77,0.15,0.19,0
YDR202C,0.05,0.05,-0.050000004,-0.15,-0.49,-0.11,-0.25,0.02,-0.11,0.0,-0.38,0.0,-0.42,0.19,-0.38,0.07,-0.15,0.15,-0.4,0.08,0.57,0.64,0.555,0
YDR203W,-0.19,-0.21,-0.22,-0.23,-0.03,0.18,0.2,0.32,0.23,-0.05,-0.33,-0.1,-0.12,-0.25,-0.25,-0.1,-0.39,-0.1,0.0,0.3,0.37,0.46,0.425,0
YDR205W,0.06,0.06,0.089999996,0.12,0.43,0.22,0.47,0.39,-2.28,0.15,0.16,0.24,0.36,-0.15,0.03,-0.12,0.55,-0.05,0.55,-0.32,0.33,-0.24,-0.32,0
YDR206W,0.51,0.46,0.205,-0.05,-0.07,0.07,0.01,0.05,0.05,0.03,-0.16,-0.25,0.75,-0.3,-0.36,-0.78,0.01,-0.14,-0.09,0.03,0.32,-0.25,-0.24000001,0
YDR207C,0.13,0.49,0.315,0.14,-0.04,0.04,-0.34,0.25,-0.27,-0.02,-0.74,0.19,-0.08,0.25,-0.08,0.25,0.25,-0.21,0.41,0.23,-0.04,-0.01,0.024999999,0
YDR208W,-0.20500001,-0.11,0.055,0.22,0.07,0.42,-0.52,0.23,-0.18,-0.02,-0.48,-0.23,-0.18,0.14,-0.02,0.19,0.04,0.14,0.21,0.4,0.33,-0.08,-0.16499999,0
YDR209C,0.13999999,0.39,0.19999999,0.01,0.08,0.04,-0.02,0.09,-0.49,-0.11,-0.47,0.21,-0.32,0.28,-0.49,0.32,-0.38,0.46,-0.75,0.36,-0.67,0.39,0.37,0
YDR210W,0.14500001,0.33,0.20500001,0.08,0.11,-0.32,0.06,-0.32,-0.24,-0.45,-0.52,0.03,-0.16,-0.36,0.47,0.09,-0.16,0.29,-0.32,0.83,-0.52,0.25,0.115,0
YDR211W,0.43,0.35,0.25,0.15,0.01,-0.08,-0.18,0.08,-0.45,0.13,-0.01,-0.06,-0.33,0.13,-0.88,0.12,-0.7,-0.06,-0.24,0.64,-0.53,0.55,0.315,0
YDR212W,0.165,0.02,0.02,0.02,-0.12,-0.09,-0.07,0.02,-0.52,-0.02,-0.54,0.02,-0.18,-0.12,0.28,0.11,0.13,0.05,0.01,0.42,-0.04,0.11,0.0,0
YDR213W,0.78,0.72,0.40500003,0.09,0.04,-0.33,-0.23,-0.21,-0.39,-0.05,-0.05,-0.25,-0.07,0.31,0.07,-0.05,-0.27,-0.27,0.15,0.14,-0.18,-0.02,-0.215,0
YDR214W,-0.71500003,-0.75,-0.585,-0.42,-0.31,-0.61,-0.58,-0.68,-0.06,-0.68,-0.68,-0.55,-0.95,-0.42,0.37,0.23,0.26,0.66,0.74,1.27,0.73,0.98,0.895,0
YDR215C,-0.47500002,-0.85,-0.57,-0.29,0.53,-0.37,0.65,-0.21,-0.12,-0.25,0.04,-0.85,0.92,0.27,0.82,-1.14,0.16,-0.61,1.27,0.58,0.99,-0.59,-0.43,0
YDR216W,-0.32999998,-0.28,-0.08,0.12,-0.02,0.0,-0.14,0.06,0.07,0.0,-0.2,-0.32,-0.16,-0.09,0.15,0.18,0.42,-0.12,0.6,0.41,0.31,-0.04,-0.105000004,0
YDR217C,0.47,0.31,0.23,0.15,-0.41,0.11,-0.7,0.08,-0.41,0.53,0.01,0.4,-0.17,0.3,-0.5,0.12,-0.57,0.04,-0.35,-0.35,0.08,0.31,0.17,0
YDR219C,0.205,0.38,0.245,0.11,0.17,-0.01,-0.37,0.24,-0.81,0.08,-0.15,0.32,0.08,0.16,0.49,0.1,0.11,-0.18,-0.04,-0.04,0.73,-0.76,-0.53,0
YDR221W,-0.495,-0.53,-0.18499999,0.16,0.44,-0.05,0.02,-0.09,0.22,-0.28,0.0,0.16,0.26,0.49,0.68,-0.12,-0.09,-0.07,0.33,-0.05,0.0,-0.34,-0.23,0
YDR222W,0.23500001,0.3,0.31,0.32,0.07,0.14,0.12,-0.31,0.14,-0.01,0.02,-0.09,0.28,-0.15,0.04,0.4,0.17,-0.31,-0.18,-0.48,0.34,-0.34,-0.325,0
YDR223W,0.19,0.28,0.1,-0.08,0.28,-0.29,0.39,-0.26,0.59,-0.08,0.03,0.18,0.06,-0.13,0.15,-0.44,0.32,-0.24,0.59,-0.34,0.36,-0.44,-0.44,0
YDR224C,0.65500003,1.84,1.8050001,1.77,0.39,-0.09,-1.31,-1.59,-1.93,-0.88,-0.61,1.13,1.05,1.84,1.55,1.41,0.16,0.22,-1.17,-1.24,-1.5,-0.31,-0.075,1
YDR225W,0.30499998,1.56,1.655,1.75,1.11,0.05,-0.84,-1.53,-1.79,-0.82,-0.23,1.25,1.37,1.8,0.98,1.23,0.52,0.14,-0.97,-1.06,-1.7,-0.72,-0.47500002,1
YDR226W,0.055,0.17,0.28,0.39,-0.31,0.47,-0.18,0.36,-0.27,0.26,-0.61,0.21,-0.61,0.21,-0.23,0.44,-0.39,0.51,-0.64,-0.18,-0.29,0.33,0.25,0
YDR227W,0.1,0.17,0.305,0.44,0.16,0.2,-0.31,0.03,0.0,0.11,-0.21,0.36,-0.25,0.11,0.16,0.13,0.03,-0.07,0.2,-0.72,-0.02,0.13,-0.050000004,0
YDR228C,0.285,0.22,0.285,0.35,-0.25,0.27,-0.22,0.25,-0.25,0.23,-0.31,-0.04,-0.41,0.14,-0.25,0.3,-0.14,0.09,-0.36,0.03,-0.65,0.28,0.175,0
YDR229W,0.075,0.01,0.21499999,0.42,-0.11,-0.15,-0.48,0.28,-0.3,0.33,-0.05,0.22,-0.5,0.05,-0.38,-0.15,0.05,0.0,-0.18,0.25,-0.11,0.22,0.17,0
YDR230W,-0.48000002,-0.29,-0.059999995,0.17,-0.23,0.17,0.41,0.1,-0.06,0.08,-0.22,-0.2,-0.39,-0.25,0.02,0.05,-0.27,0.13,-0.13,0.23,0.02,0.58,0.58,0
YDR231C,-0.615,-0.38,-0.26,-0.14,0.05,0.18,0.05,0.22,-0.17,0.3,-0.47,0.07,-0.36,0.07,-0.41,-0.22,-0.53,0.23,-0.11,0.54,0.21,0.81,0.81,0
YDR232W,0.355,0.68,0.515,0.35,0.34,0.28,0.2,0.08,0.55,-0.05,-0.22,-0.11,0.0,-0.33,-0.55,0.03,0.43,-0.04,0.68,-0.96,-0.18,-0.44,-0.53,0
YDR233C,-0.56,-0.55,-0.29,-0.03,0.54,0.28,0.51,0.25,0.71,0.24,0.45,0.12,0.35,-0.35,-0.23,-0.03,-0.23,0.06,0.37,-0.36,0.08,-0.26,-0.37,0
YDR234W,0.07,0.1,0.375,0.65,0.26,0.46,0.24,0.43,-0.29,0.21,-0.24,-0.1,-0.33,-0.26,0.35,-0.1,0.04,-0.05,0.11,-0.08,-0.2,-0.41,-0.45999998,0
YDR235W,-0.25,-0.44,-0.145,0.15,0.06,-0.68,0.51,-0.57,-0.04,0.1,0.56,0.43,0.28,0.19,0.39,-0.21,0.11,-0.13,0.28,0.09,0.62,-0.55,-0.245,0
YDR237W,-0.42000002,-0.41,-0.425,-0.44,-0.59,-0.22,-0.31,0.01,-0.24,0.36,-0.16,0.35,-0.12,0.11,-0.03,0.18,-0.02,0.15,-0.12,-0.18,0.54,0.74,0.55,0
YDR238C,-0.255,-0.34,-0.1,0.14,0.01,-0.46,0.48,0.06,-0.09,-0.15,0.53,0.01,0.13,0.37,0.11,-0.25,-0.12,-0.34,0.38,0.51,0.43,-0.59,-0.35,0
YDR240C,0.185,-0.07,-0.125,-0.18,0.01,-0.19,-0.01,0.15,0.37,-0.23,-0.14,0.53,0.03,-0.23,0.9,-0.14,-0.11,-0.23,0.23,-0.26,0.25,-0.32,-0.29,0
YDR242W,-0.165,-0.15,-0.19,-0.23,-0.07,-0.08,0.16,0.06,0.04,-0.63,1.26,1.0,0.15,-0.23,-0.11,-0.2,-0.03,-0.36,0.15,-0.15,0.39,-0.31,-0.1,0
YDR244W,0.155,0.1,0.2,0.3,-0.05,-0.34,0.38,-0.43,-0.39,0.11,0.21,-0.07,0.17,-0.59,-0.07,-0.07,-0.05,-0.19,0.25,0.51,0.2,-0.1,0.065,0
YDR245W,-0.08,-0.05,0.050000004,0.15,0.32,-0.06,0.04,0.1,-0.08,-0.28,-0.32,0.55,0.52,0.3,0.0,-0.36,0.15,-0.08,0.18,0.01,0.51,-0.78,-0.515,0
YDR247W,0.0,0.28,0.24000001,0.2,0.24,-0.08,-0.02,-0.19,-0.22,0.2,0.07,0.43,0.51,0.12,0.46,0.21,0.13,-0.02,-0.1,-0.64,0.0,-0.26,-0.099999994,1
YDR249C,-0.135,-0.18,-0.445,-0.71,0.2,-0.28,1.6,-0.06,0.59,-0.22,0.31,-0.22,0.13,-0.53,0.37,-0.39,-0.63,-0.18,0.66,-0.09,0.48,-0.19,-0.275,0
YDR251W,-0.08,0.09,-0.065,-0.22,-0.29,-0.48,-0.18,-0.27,-0.18,0.13,0.23,0.19,0.26,0.37,0.18,-0.23,-0.7,-0.32,0.17,0.53,0.41,0.5,0.36,0
YDR252W,-0.020000003,0.23,0.21000001,0.19,0.38,-0.14,0.29,-0.16,0.21,-0.64,0.22,0.02,0.12,-0.21,1.12,-0.16,0.38,-0.14,0.13,-0.01,-0.03,-0.42,-0.42,0
YDR253C,-0.20000002,0.14,-0.005000003,-0.15,0.71,-0.23,0.11,-0.05,0.22,-0.59,0.01,-0.39,0.53,0.08,0.71,-0.19,-0.23,-0.07,0.49,0.22,0.16,-0.09,-0.205,0
YDR254W,-0.004999995,0.3,0.13000001,-0.04,-0.12,-0.26,0.02,-0.35,-0.24,-0.43,0.11,-0.15,0.19,0.19,0.96,-0.07,0.15,-0.07,-0.02,0.57,0.01,0.13,0.004999999,0
YDR255C,-0.155,0.01,-0.155,-0.32,0.01,-0.36,0.79,-0.19,0.03,-0.17,-0.14,-0.05,0.34,0.28,0.32,-0.32,-0.69,-0.14,0.07,0.2,0.17,0.33,0.2,0
YDR256C,0.029999997,-0.1,-0.255,-0.41,-0.26,-0.49,0.17,-0.24,-0.24,-0.2,0.12,-0.01,0.17,0.32,0.93,-0.09,0.52,-0.01,0.22,0.67,0.21,-0.35,-0.45,0
YDR257C,0.075,-0.35,-0.305,-0.26,-0.46,-0.35,-0.48,0.18,-0.05,0.27,-0.11,-0.13,-0.09,0.24,-0.48,0.03,-0.9,0.1,-0.13,0.67,-0.03,0.52,0.36499998,0
YDR258C,-0.325,-0.41,0.07000001,0.55,0.07,0.27,-0.29,0.16,-0.24,-0.09,-0.5,-0.41,-0.32,-0.21,-0.06,0.24,-0.24,0.29,-0.13,-0.53,0.45,0.75,0.625,0
YDR260C,0.43,0.25,0.08,-0.09,-0.61,-0.2,-0.3,0.05,-0.27,0.26,0.01,0.13,-0.06,-0.23,0.01,-0.02,-0.23,-0.01,-0.19,-0.32,0.1,0.32,0.17,0
YDR261C,0.22999999,0.52,0.53499997,0.55,0.48,0.14,-0.26,-0.2,-0.6,-0.26,-0.39,0.32,0.19,0.22,0.03,0.24,-0.37,-0.03,-0.04,-0.41,-0.51,-0.08,-0.09,1
YDR262W,-0.06,-0.13,-0.049999997,0.03,0.32,0.29,0.23,0.17,-0.4,0.32,-0.14,0.18,0.0,-0.26,-0.18,0.22,-0.36,0.11,-0.06,-0.42,-0.26,0.16,0.06,0
YDR263C,0.11500001,0.27,0.19,0.11,0.24,-0.06,0.16,-0.07,0.15,-0.35,0.04,0.02,0.11,-0.12,0.05,-0.34,0.24,-0.37,0.27,0.09,0.47,-0.04,-0.14999999,0
YDR264C,-0.285,-0.26,-0.12499999,0.01,0.45,0.13,0.3,0.29,0.36,0.13,-0.02,-0.05,0.21,-0.1,-0.1,-0.16,-0.29,-0.14,0.44,-0.1,0.35,-0.16,-0.29,0
YDR265W,0.13,0.07,0.015000001,-0.04,0.12,0.05,0.03,-0.19,0.03,-0.04,-0.23,-0.06,-0.27,0.0,0.03,-0.02,-0.06,-0.08,0.13,-0.02,0.1,0.12,0.074999996,0
YDR266C,0.205,0.07,0.095,0.12,-0.08,0.21,-0.21,-0.15,2.14,0.14,-0.46,0.02,-0.56,-0.08,-0.64,0.02,-0.42,-0.08,-0.12,0.14,-0.17,-0.13,-0.23,0
YDR267C,-0.165,-0.27,-0.055000007,0.16,0.08,0.09,0.44,0.05,0.09,-0.2,0.05,-0.24,-0.07,0.01,0.15,0.09,0.03,-0.06,0.12,0.19,0.39,-0.27,-0.345,0
YDR268W,-0.175,0.02,0.0,-0.02,-0.21,0.46,0.26,-0.16,0.12,-0.41,-0.13,-0.37,0.15,-0.23,-0.16,-0.08,-0.16,-0.53,0.32,0.11,0.65,0.41,0.25,0
YDR269C,-0.47,-0.49,-0.38,-0.27,-0.09,-0.02,0.72,0.51,0.1,-0.23,-0.04,-0.41,0.38,0.1,0.2,0.01,0.05,-0.18,0.55,0.18,0.95,-0.02,-0.155,0
YDR270W,-0.53499997,-0.5,-0.38,-0.26,-0.25,-0.15,0.34,0.12,0.16,-0.06,0.42,0.27,0.37,-0.03,0.3,-0.41,0.09,-0.35,0.77,0.41,0.68,-0.63,-0.365,0
YDR271C,-0.58500004,-0.74,-0.405,-0.07,-0.67,0.16,0.26,0.29,-0.11,-0.08,0.03,-0.25,0.32,-0.04,0.17,0.17,-0.01,0.07,0.75,0.11,0.75,-0.07,-0.155,0
YDR272W,0.07,-0.05,-0.095,-0.14,-0.78,-0.11,0.05,-0.01,-0.63,0.01,-0.18,-0.11,0.04,-0.05,-0.67,-0.23,-0.33,-0.14,-0.22,0.7,0.31,0.7,0.58,0
YDR273W,0.885,0.89,0.35999998,-0.17,0.83,-0.8,1.16,-1.69,0.68,-1.48,0.89,-0.84,0.04,-0.23,1.07,-0.88,1.05,-1.1,0.14,1.17,1.25,-3.42,-1.57,0
YDR274C,0.4,0.05,-0.195,-0.44,0.2,-0.6,0.45,-0.7,-0.32,-0.21,-0.18,0.12,-0.01,-0.08,0.01,-0.35,0.4,-0.21,-0.06,-0.53,0.45,-0.18,-0.020000003,0
YDR275W,0.11,0.04,0.02,0.0,0.37,-0.09,0.45,0.04,0.13,-0.03,-0.56,0.3,-0.3,-0.09,0.29,0.0,-0.06,0.19,0.06,-0.69,0.18,-0.07,-0.17999999,0
YDR276C,-0.78,-0.71,-0.39499998,-0.08,-0.21,0.42,0.12,0.36,-0.2,0.27,0.29,-0.09,-0.89,0.0,0.54,0.09,0.5,0.59,0.73,-0.4,0.63,-0.23,-0.305,1
YDR277C,0.029999994,-0.23,-0.44,-0.65,0.02,-0.67,0.13,0.02,0.17,0.16,-0.01,0.62,-0.47,0.1,0.14,-0.3,-0.63,-0.04,0.0,0.38,0.98,0.11,0.114999995,0
YDR279W,0.71000004,0.8,0.445,0.09,-0.11,-0.07,-0.09,-0.13,-0.57,0.44,0.16,0.63,-0.02,0.69,-0.28,-0.16,-0.16,-0.36,-0.7,-0.41,-0.01,-0.26,-0.195,1
YDR280W,0.41,0.25,0.345,0.44,-0.86,0.36,0.01,0.35,-0.66,0.59,0.02,0.28,-0.33,0.31,0.27,0.52,-0.27,0.48,-0.61,-1.29,-1.21,0.14,0.030000001,0
YDR281C,-0.3,-0.17,-0.009999998,0.15,0.42,0.43,0.53,0.37,0.1,0.01,-0.26,0.12,-0.09,0.47,0.34,0.59,0.59,0.56,0.12,-0.7,-0.73,-0.66,-0.72,0
YDR282C,-0.205,-0.44,-0.45,-0.46,0.15,-0.64,1.02,-1.34,0.14,-0.36,0.26,0.73,0.44,0.24,0.23,-0.31,0.6,-0.4,0.36,0.34,1.04,-0.36,-0.46,0
YDR284C,-0.725,-0.72,-0.29000002,0.14,0.12,-0.29,0.24,-0.24,0.24,-0.29,0.32,0.16,0.42,0.48,0.41,-0.16,-0.03,-0.18,0.48,0.23,0.73,-0.39,-0.195,0
YDR286C,-0.15,-0.22,-0.24,-0.26,-0.11,-0.34,0.17,0.08,-0.12,0.24,0.03,0.15,0.12,0.07,-0.03,-0.13,-0.02,0.14,0.28,0.05,0.64,-0.89,-0.35999998,0
YDR288W,0.375,0.13,-0.015000001,-0.16,-0.12,0.02,0.63,0.01,-0.22,-0.04,-0.01,-0.11,-0.09,0.41,-0.09,-0.39,-0.17,-0.16,0.14,0.41,0.66,-0.25,-0.16,0
YDR292C,0.31,0.2,-0.475,-1.15,-0.2,0.0,0.25,0.0,-0.22,0.02,0.05,0.12,-0.12,0.21,0.08,0.1,-0.22,-0.04,0.23,0.55,-0.65,0.03,0.024999999,0
YDR293C,0.32999998,0.47,0.195,-0.08,0.28,-0.08,-0.09,0.37,0.05,0.05,-0.04,-0.15,-0.08,-0.06,-0.04,-0.21,0.13,-0.06,-0.11,-0.11,-0.75,0.16,0.114999995,0
YDR294C,-0.155,0.04,0.235,0.43,0.21,0.22,0.11,0.13,-0.14,0.03,0.01,0.36,0.01,0.42,0.25,0.31,-0.2,0.46,-0.3,-1.12,-1.09,0.11,0.12,0
YDR295C,0.225,0.16,0.074999996,-0.01,0.8,0.24,0.32,0.03,0.6,-0.16,-0.24,0.06,0.34,0.05,-0.77,-0.8,0.12,-0.04,-0.31,0.16,-0.24,-0.42,-0.33999997,0
YDR296W,-0.11000001,-0.36,-0.080000006,0.2,0.47,-0.46,0.48,-0.51,0.43,0.1,0.48,0.43,0.29,0.29,0.44,-0.51,0.04,-0.13,0.35,-0.17,-0.34,-0.67,-0.43,0
YDR297W,0.825,1.01,0.905,0.8,0.68,-0.05,-0.23,-0.46,-0.32,0.35,0.36,0.82,-0.14,0.4,0.22,0.06,-0.06,-0.22,-0.78,-1.3,-0.45,-0.42,-0.485,1
YDR298C,-0.69,-0.36,0.07499999,0.51,-0.03,0.44,0.34,0.21,-0.23,0.46,0.34,0.38,-0.24,0.18,0.21,0.25,0.14,0.48,-0.01,-1.61,-0.13,0.22,0.16,0
YDR299W,0.34500003,0.36,0.33,0.3,0.3,-0.03,0.15,0.2,-0.07,0.2,0.0,0.45,-0.18,0.52,0.27,0.23,-0.88,0.04,0.23,0.33,-1.12,-1.33,-0.65500003,0
YDR301W,0.024999999,-0.07,-0.065,-0.06,0.2,-0.26,0.38,-0.14,0.25,0.04,-0.35,1.01,-0.14,-0.15,0.29,-0.41,0.24,-0.19,0.38,-0.29,0.71,-0.45,-0.365,0
YDR302W,-0.335,-0.13,0.120000005,0.37,0.32,0.37,0.29,0.06,-0.36,-0.04,0.1,0.17,0.43,0.22,0.7,0.39,0.33,0.4,-0.19,-1.68,-0.16,-0.41,-0.34,1
YDR303C,0.040000003,-0.07,-0.34,-0.61,0.36,-0.12,0.89,-0.43,-0.17,-0.09,-0.41,1.34,0.03,0.19,0.51,-0.04,0.13,0.13,-0.05,-0.43,-0.25,-0.45,-0.45999998,0
YDR304C,-0.105,0.0,0.035,0.07,-0.56,0.22,-0.19,0.16,-0.4,0.24,-0.07,0.38,0.07,0.34,0.16,0.13,-0.21,0.38,-0.27,-1.36,0.0,0.29,0.31,0
YDR305C,0.21000001,0.25,0.075,-0.1,0.13,-0.21,0.13,0.03,-0.09,0.05,-0.41,0.82,-0.82,0.09,0.15,-0.12,-0.19,0.11,-0.31,-0.38,0.19,0.17,0.17,0
YDR306C,0.08,0.02,-0.055,-0.13,-0.04,0.1,0.63,0.12,0.03,0.0,0.09,-0.08,0.28,0.09,0.28,0.05,-0.23,-0.83,0.14,0.0,0.17,-0.02,-0.285,0
YDR307W,0.095,0.29,0.044999994,-0.2,0.8,-0.73,-0.31,-0.45,0.0,0.2,0.39,0.95,0.4,0.27,0.0,-0.63,0.16,-0.56,0.28,-0.22,0.31,-0.27,-0.21000001,1
YDR308C,0.125,-0.13,-0.195,-0.26,-0.33,-0.36,0.87,0.12,-0.14,0.07,0.21,0.25,0.16,0.14,0.27,-0.16,-0.27,-0.57,-0.22,0.0,0.21,-0.1,-0.114999995,0
YDR311W,0.36,0.27,0.07000001,-0.13,-0.26,-0.01,0.08,0.13,-0.2,0.07,-0.4,0.65,-0.06,-0.04,-0.13,-0.32,0.0,-0.08,0.04,0.49,0.13,-0.03,-0.115,0
YDR312W,0.72999996,0.4,0.19500001,-0.01,-0.73,0.1,0.16,0.45,-0.37,0.29,-0.19,0.22,-0.55,0.17,-0.43,0.31,-0.75,-0.11,-1.18,0.6,-0.55,0.17,0.035,0
YDR316W,0.13499999,0.16,-0.21,-0.58,-0.49,-0.24,0.0,-0.32,-0.28,0.55,0.04,0.24,0.05,0.25,-0.32,0.04,-0.43,-0.11,-0.49,0.87,-0.12,0.67,0.575,0
YDR318W,0.14,0.27,0.21000001,0.15,0.45,-0.02,0.36,-0.23,0.08,-0.05,-0.19,-0.32,0.04,0.27,0.4,-0.1,-0.14,-0.16,-0.1,-0.93,0.33,-0.08,-0.049999997,0
YDR319C,-0.105,0.05,-0.004999999,-0.06,0.62,0.07,0.28,-0.05,0.36,-0.11,-0.17,0.26,0.09,0.15,0.49,-0.14,0.24,-0.2,0.07,-0.8,0.17,-0.36,-0.3,0
YDR320C,-0.13,-0.12,-0.04,0.04,0.22,-0.01,0.32,-0.21,-0.01,-0.11,0.33,-0.59,0.28,0.23,0.3,-0.57,0.09,0.06,0.1,-0.35,0.4,-0.11,0.26,0
YDR321W,0.22,0.25,0.245,0.24,0.83,0.24,0.22,0.02,0.48,-0.01,0.04,1.09,-0.08,-0.25,-0.12,-0.23,0.12,0.02,0.1,-1.21,-0.25,-0.47,-0.555,0
YDR324C,0.12,0.0,0.08,0.16,0.09,0.04,0.28,-0.05,-0.13,0.29,-0.17,0.21,-0.05,-0.05,0.04,-0.1,-0.44,0.11,0.14,-0.26,0.09,-0.13,-0.074999996,0
YDR326C,-0.125,-0.19,0.005000003,0.2,0.82,-0.31,0.68,-0.11,0.32,0.09,0.31,-0.03,0.08,0.22,0.42,-0.65,-0.2,-0.36,0.16,-0.2,0.41,-0.65,-0.32,0
YDR328C,0.39,0.43,0.26500002,0.1,-0.72,0.33,-0.13,0.33,-0.37,-0.21,-0.24,0.45,-0.43,0.31,-0.75,0.4,-0.83,0.58,-1.47,-0.67,-0.57,0.94,0.84000003,0
YDR329C,0.22,0.2,0.14,0.08,0.04,0.08,-0.23,0.13,-0.38,0.36,-0.36,0.7,-0.58,0.24,-0.01,0.17,-0.25,0.02,-0.28,-0.53,-0.42,0.53,0.32,0
YDR330W,-0.11,-0.16,-0.35500002,-0.55,-0.3,-0.16,-0.19,-0.08,-0.35,0.02,-0.09,-0.06,0.16,0.66,0.13,0.07,-0.09,-0.17,-0.04,0.25,0.4,0.45,0.33499998,0
YDR332W,0.31,0.25,0.049999997,-0.15,-0.04,0.24,0.26,0.01,-0.28,-0.11,-0.18,0.37,0.1,0.66,-0.06,0.04,-0.6,-0.34,-0.25,0.24,0.04,-0.13,-0.095,0
YDR334W,-0.16,-0.16,-0.39999998,-0.64,-0.1,-0.43,-0.13,-0.01,-0.41,-0.39,1.69,-0.19,0.26,1.52,0.06,-0.59,-0.1,-0.07,0.09,0.52,0.65,-0.88,-0.285,0
YDR342C,-0.78999996,-0.94,-0.515,-0.09,-0.14,-0.05,0.46,0.23,0.71,0.48,0.27,-0.07,-0.31,-0.55,-0.73,-0.15,0.3,0.37,0.53,-0.4,1.19,0.25,0.15,1
YDR343C,-0.87,-0.95,-0.42,0.11,0.26,0.29,0.05,0.63,0.77,0.68,0.25,-0.04,0.09,-2.07,0.66,-0.21,0.47,-2.0,0.81,-0.22,0.94,0.57,0.39499998,0
YDR345C,-0.004999999,-0.13,0.13,0.39,0.75,0.1,0.35,0.3,0.77,0.4,0.17,-0.05,-0.08,-0.37,0.19,0.05,0.81,0.04,0.48,-0.97,-0.01,-0.7,-0.865,0
YDR346C,0.095,0.12,0.345,0.57,0.16,0.55,0.37,0.37,-0.15,-0.03,-0.84,-0.4,0.0,0.19,-0.13,0.6,-0.25,0.39,-0.63,-0.58,-0.58,-0.03,-0.12,1
YDR347W,-0.32999998,-0.53,-0.355,-0.18,-0.3,-0.08,-0.46,0.02,-0.09,0.59,-0.12,0.4,-0.26,0.31,0.05,0.08,0.13,0.28,0.04,-0.34,0.06,0.2,0.120000005,0
YDR348C,0.29500002,0.3,0.29500002,0.29,0.12,-0.09,0.01,-0.13,-0.01,0.39,0.07,0.2,-0.09,0.15,0.12,0.13,-0.34,0.07,-0.56,-0.71,-0.28,0.02,-0.080000006,0
YDR349C,0.125,0.23,0.145,0.06,0.62,-0.09,-0.13,0.02,0.35,-0.06,-0.04,0.83,0.06,0.51,0.26,-0.54,-0.07,-0.32,0.17,-0.82,-0.06,-0.56,-0.41,0
YDR350C,-0.02,0.01,0.14999999,0.29,0.3,0.13,0.26,0.09,-0.13,0.24,0.02,0.14,-0.29,0.04,0.27,-0.09,-0.75,0.02,-0.33,-0.59,0.2,0.13,0.049999997,0
YDR351W,0.14999999,0.06,0.26,0.46,0.25,-0.2,-0.03,0.33,-0.3,-0.1,-0.53,1.18,-0.53,0.15,0.44,-0.85,0.1,-0.27,0.41,-0.15,0.63,-0.55,-0.53999996,0
YDR352W,-0.21000001,-0.23,-0.010000005,0.21,0.63,0.37,0.42,0.07,0.0,0.15,0.32,0.17,0.04,0.06,0.5,0.29,-0.54,0.08,-0.12,-1.21,0.21,-0.36,-0.36,0
YDR353W,0.23,0.27,0.25,0.23,-0.14,-0.3,-0.53,-0.51,-0.16,0.09,0.14,1.14,0.2,0.75,-0.08,-0.28,-0.3,-0.22,-0.49,-0.55,0.12,0.28,0.23,1
YDR354W,-0.405,-0.45,-0.22,0.01,0.22,-0.3,0.33,-0.37,0.18,0.09,0.32,0.34,0.2,-0.13,0.8,-0.04,0.23,-0.31,-0.12,0.06,0.43,-0.16,-0.11,0
YDR355C,0.375,0.69,0.755,0.82,0.34,0.04,0.12,-1.14,-0.14,-0.26,0.23,0.1,0.48,0.4,0.0,0.69,-0.45,-0.21,-0.36,-0.07,-0.51,0.25,0.009999998,1
YDR356W,0.26,0.61,0.35000002,0.09,0.51,-0.52,-0.39,-0.52,-1.34,0.0,-0.09,0.64,0.0,1.23,0.68,-0.3,0.21,-0.18,0.12,0.03,0.49,-0.39,0.08500001,1
YDR357C,0.325,0.29,0.065,-0.16,0.0,-0.41,-0.13,0.2,-0.5,0.14,-0.15,0.02,-0.07,-0.15,-0.37,-0.27,-0.66,0.05,-0.27,0.6,-0.3,0.61,0.35500002,0
YDR358W,-0.445,-0.51,-0.5,-0.49,-0.17,-0.58,0.22,-0.24,0.0,-0.02,-0.03,-0.05,-0.22,0.72,0.26,-0.34,-0.09,-0.66,-0.36,1.14,0.42,0.66,0.59000003,0
YDR359C,0.165,0.18,0.18,0.18,0.01,0.32,0.07,0.47,-0.08,0.15,-0.3,-0.14,-0.6,-0.12,-0.2,0.03,-0.26,0.24,0.13,-0.68,0.3,0.07,-0.08499999,0
YDR360W,0.03,-0.02,-0.165,-0.31,0.35,-0.12,0.77,-0.04,0.55,-0.27,-0.18,-0.18,-0.31,-0.64,0.33,-0.2,0.2,-0.02,-0.12,1.07,0.59,-0.29,-0.46499997,0
YDR361C,0.695,0.49,0.24000001,-0.01,0.01,0.08,0.42,0.25,-0.42,0.1,-0.19,-0.01,-0.5,0.01,-0.71,0.4,-0.99,0.37,-0.5,0.47,-1.09,0.13,-0.105000004,0
YDR362C,0.245,0.46,0.120000005,-0.22,0.17,-0.59,-0.17,-0.33,0.07,-0.45,-0.15,0.17,0.09,0.67,0.53,-0.13,-0.05,-0.27,0.31,0.72,0.44,-0.24,-0.325,0
YDR363W,0.275,0.05,0.0,-0.05,0.25,0.05,0.61,-0.01,-0.08,-0.31,-0.08,-0.31,0.05,-0.14,-0.58,-0.19,-0.46,0.21,0.07,0.59,-0.14,-0.19,-0.285,0
YDR364C,0.14500001,0.15,-0.18999998,-0.53,-0.16,-0.27,0.14,-0.1,0.11,-0.05,-0.16,0.05,-0.41,-0.01,0.42,-0.08,0.06,-0.02,0.05,0.75,0.46,-0.4,-0.235,0
YDR365C,1.0,0.84,0.45499998,0.07,-0.49,0.37,-0.21,0.46,-0.88,0.27,-0.24,0.02,-0.65,0.1,-1.21,0.51,-0.98,0.44,-0.69,0.84,-1.34,0.42,0.13499999,0
YDR366C,0.32,0.26,0.31,0.36,-0.42,0.22,0.0,0.3,-0.61,0.3,-0.74,-0.2,-0.85,0.04,0.08,0.24,-0.29,-0.16,-0.66,0.39,0.04,0.26,0.22,0
YDR367W,-0.125,0.0,0.035,0.07,0.69,0.35,0.82,0.39,0.35,0.07,-0.58,0.01,0.12,-0.2,-0.13,-0.02,-0.05,0.12,0.16,-0.51,0.17,-0.39,-0.48499998,0
YDR368W,-0.415,-0.48,-0.49,-0.5,-0.58,-0.64,-0.37,-0.19,-0.26,0.27,-0.11,0.34,-0.15,0.19,0.24,0.1,-0.19,0.27,-0.21,0.25,0.64,0.47,0.505,1
YDR369C,0.13,0.02,-0.21499999,-0.45,0.06,-0.35,0.5,0.2,0.08,-0.21,-0.19,0.34,-0.15,-0.03,0.35,-0.69,0.15,-0.15,0.08,0.13,1.11,-0.35,-0.26999998,0
YDR370C,0.55,0.38,0.255,0.13,-0.91,-0.1,-0.17,0.28,-0.16,-0.26,-0.33,0.15,-0.76,0.24,-0.01,0.18,-0.29,0.06,-0.69,-0.08,0.37,0.37,0.27,0
YDR371W,0.29,0.35,0.21,0.07,-0.11,0.01,-0.02,0.32,-0.05,0.3,-0.21,-0.57,-0.07,0.2,-0.35,-0.09,-0.62,0.01,-0.23,0.09,0.01,0.31,0.31,0
YDR372C,0.195,0.23,0.145,0.06,-0.76,0.13,-0.19,0.06,-0.17,0.12,-0.56,0.06,-0.4,0.1,0.26,0.19,0.04,0.19,-0.26,-0.04,0.17,0.19,0.145,0
YDR373W,0.16999999,0.26,0.29500002,0.33,0.36,0.25,0.18,0.08,-0.19,-0.13,-0.35,0.08,-0.09,0.3,-0.23,0.04,-0.5,0.1,-0.79,-0.01,-0.31,0.0,0.03,0
YDR375C,-0.395,-0.36,-0.41000003,-0.46,-0.46,-0.11,-0.49,0.25,-0.26,0.53,-0.09,0.42,-0.11,0.36,-0.22,0.06,-0.46,0.19,-0.36,0.36,0.18,0.62,0.5,0
YDR376W,-0.020000001,0.05,-0.03,-0.11,-0.7,-0.06,-0.25,0.24,-0.02,0.25,-0.25,0.33,-0.21,0.17,0.22,0.02,-0.27,0.01,-0.25,-0.21,0.41,0.21,0.215,0
YDR377W,-0.235,-0.03,0.005,0.04,0.22,0.17,0.37,0.15,0.21,0.2,0.21,0.19,0.19,0.04,-0.39,-0.16,-0.58,0.1,-0.31,0.04,-0.08,0.1,0.04,0
YDR378C,-0.19,-0.1,0.025000002,0.15,0.16,-0.15,0.1,-0.08,0.2,-0.06,-0.14,0.29,-0.31,0.02,0.41,0.08,0.02,0.16,0.11,0.36,-0.12,-0.15,-0.18,0
YDR379W,-0.005000003,-0.18,-0.29000002,-0.4,0.03,-0.55,0.03,-0.06,0.08,0.05,0.08,-0.06,-0.01,0.03,0.03,-0.22,-0.16,-0.55,0.15,1.17,0.45,0.01,-0.14,0
YDR380W,-1.64,-1.76,-1.6,-1.44,-0.55,-0.21,0.73,0.76,1.09,0.6,0.07,0.09,0.1,0.19,0.8,0.09,0.53,0.26,0.79,0.87,0.23,0.02,-0.045,1
YDR381W,-0.38,-0.27,-0.065000005,0.14,0.26,-0.01,-0.18,-0.13,-0.49,0.06,0.23,0.27,0.12,0.35,-0.23,0.55,-0.65,0.35,-0.31,0.37,-0.45,0.46,0.3,0
YDR382W,-0.565,-0.51,-0.315,-0.12,0.76,-0.04,0.74,-0.06,1.03,-0.09,-0.02,-0.04,0.58,-0.36,0.91,-0.42,0.48,-0.21,1.0,0.02,-0.04,-0.66,-0.69500005,0
YDR383C,0.045,0.11,-0.11000001,-0.33,0.39,-0.42,0.36,-0.4,0.36,-0.07,0.17,-0.27,0.11,0.15,0.07,-0.08,-0.51,-0.33,0.18,0.04,0.33,0.23,0.09,0
YDR384C,0.185,-0.06,-0.085,-0.11,0.06,0.28,0.73,-0.34,0.43,-0.15,0.16,-0.09,0.18,0.23,-0.38,0.0,0.23,0.08,0.13,-0.49,0.32,-0.57,-0.65999997,0
YDR385W,-0.42000002,-0.35,-0.030000001,0.29,0.85,0.27,0.4,0.15,0.8,0.12,0.71,-0.05,0.52,-0.1,-0.2,-0.13,-0.37,-0.28,0.65,-0.16,0.05,-0.57,-0.645,0
YDR386W,0.145,0.28,0.115,-0.05,0.14,-0.67,0.3,-0.35,0.28,-0.63,-0.16,-0.13,-0.22,0.01,0.78,-0.03,0.35,-0.51,0.24,0.76,0.37,-0.39,-0.32999998,0
YDR387C,-0.18,-0.05,-0.02,0.01,0.67,0.04,0.24,-0.12,0.32,-0.12,0.42,-0.16,0.3,-0.16,-0.19,-0.19,-0.45,-0.07,0.47,-0.12,0.31,-0.05,-0.115,0
YDR388W,0.005,-0.01,-0.02,-0.03,-0.13,-0.13,-0.27,-0.11,-0.63,0.07,-0.94,0.15,0.04,0.1,0.35,0.12,-0.13,0.01,-0.01,0.59,-0.46,0.35,0.33499998,0
YDR389W,0.030000001,-0.25,0.004999995,0.26,0.7,0.13,0.44,0.04,0.29,-0.05,0.29,-0.11,0.18,-0.23,0.33,0.26,-0.44,-0.9,0.38,0.19,-0.11,-0.37,-0.56,0
YDR390C,0.425,0.49,0.45,0.41,-0.44,0.29,-0.29,0.18,-0.38,-0.91,-0.51,0.01,-0.63,0.15,0.17,0.55,0.15,0.08,-0.56,-0.09,0.06,0.3,0.155,0
YDR391C,0.035000004,0.09,-0.009999998,-0.11,0.2,0.51,0.48,-0.13,0.06,-0.78,0.03,0.46,0.06,-0.1,-0.17,-0.75,-0.22,0.4,-0.4,0.16,0.32,-0.4,-0.095000006,0
YDR392W,0.305,0.28,0.120000005,-0.04,-0.71,-0.18,-0.31,0.14,-0.35,0.04,-0.22,0.08,-0.74,0.04,-0.33,0.24,-0.09,0.18,-0.46,0.11,0.18,0.74,0.535,0
YDR393W,-0.205,-0.04,0.11,0.26,0.44,0.32,0.35,0.24,0.27,0.16,-0.2,0.04,0.13,-0.12,-0.39,0.0,0.0,0.11,0.07,-0.32,0.11,-0.25,-0.225,0
YDR394W,-0.115,-0.14,-0.15,-0.16,-1.16,0.04,0.74,-0.07,-0.78,0.32,-0.63,0.16,-0.66,0.17,-0.69,0.46,-0.16,0.5,-0.94,-0.01,0.38,1.05,0.96,0
YDR395W,0.37,0.29,0.195,0.1,-0.02,-0.01,0.15,0.17,0.03,0.14,-0.04,0.24,-0.04,0.09,-0.68,0.1,-0.24,-0.01,-0.06,-0.04,-0.11,-0.19,-0.28,0
YDR396W,0.795,0.66,0.31500003,-0.03,-0.69,0.06,-0.49,0.02,-0.15,0.37,-0.34,0.22,-0.66,0.17,-0.79,0.03,-0.45,0.17,-0.56,0.19,-0.07,0.48,0.35999998,0
YDR397C,0.62,0.54,0.19000001,-0.16,-0.04,-0.08,-0.09,0.03,-0.45,0.35,-0.14,0.52,-0.28,0.07,-0.79,-0.25,-0.39,0.14,-0.74,-0.01,-0.37,0.45,0.295,0
YDR399W,1.105,0.96,0.615,0.27,0.15,0.42,0.21,0.42,-0.03,0.56,0.12,0.6,-0.21,-0.01,-0.7,-1.45,-0.42,0.09,-0.75,-0.55,-0.93,-0.28,-0.34,0
YDR400W,0.155,0.34,0.235,0.13,-0.48,-0.05,-0.29,-0.43,-0.22,0.13,0.2,0.68,0.5,0.46,-0.18,0.11,0.39,-0.16,-0.46,-1.02,0.2,0.08,0.04,1
YDR401W,-0.035,0.01,-0.045,-0.1,0.15,-0.23,0.24,0.06,0.15,-0.08,-0.1,-0.06,-0.06,-0.36,0.69,-0.54,0.51,-0.49,0.71,0.27,0.78,-0.65,-0.525,0
YDR403W,-0.035,-0.19,-0.21000001,-0.23,0.53,-0.46,0.63,-0.36,-0.03,-0.32,0.37,-0.5,0.33,0.13,0.48,-0.13,0.03,-0.3,0.6,-0.01,0.57,-0.32,-0.435,0
YDR405W,-0.285,-0.49,-0.44,-0.39,-0.3,-1.95,1.64,-0.08,0.27,-0.32,0.03,0.18,0.21,0.7,0.61,-0.49,0.18,-0.25,0.41,0.12,0.44,-0.01,-0.115,0
YDR407C,-0.07,0.08,-0.050000004,-0.18,0.47,-0.46,-0.01,-0.26,0.19,-0.34,0.31,0.09,0.48,0.29,0.2,-0.34,0.29,-0.43,0.17,0.38,0.28,-0.04,-0.13,0
YDR408C,-0.055,-0.22,-0.32999998,-0.44,0.26,-0.48,-0.14,-0.09,-0.36,-0.27,0.07,0.1,-0.08,-0.2,0.76,-0.34,0.29,-0.09,0.38,0.59,0.45,-0.03,-0.015,0
YDR409W,-0.185,-0.21,-0.34,-0.47,0.33,-0.75,0.04,-0.08,0.14,-0.07,0.07,0.08,-0.29,0.15,0.48,-0.85,2.72,-0.46,0.37,0.23,0.42,-0.34,-0.545,0
YDR410C,-0.345,-0.37,-0.155,0.06,0.47,-0.33,0.52,-0.35,0.23,-0.28,0.14,0.23,0.32,-0.39,0.94,-0.33,0.58,-0.1,0.4,-0.3,0.31,-0.33,-0.385,0
YDR411C,-0.64,-0.35,-0.105,0.14,0.49,-0.11,-0.18,-0.09,0.19,-0.08,0.19,0.08,0.56,0.08,-0.03,-0.16,0.07,0.14,0.56,-0.2,0.19,0.14,0.085,0
YDR412W,0.58,0.32,0.22,0.12,-0.11,0.04,-0.22,0.04,-0.36,0.05,-0.34,-0.11,-0.64,-0.05,0.07,0.26,-0.17,0.11,-0.6,0.59,-0.4,0.09,-0.099999994,0
YDR413C,0.595,0.49,0.35,0.21,0.01,0.23,0.66,0.16,-0.34,0.04,-0.17,-0.14,-0.46,-0.07,-0.55,0.37,-0.77,0.1,-0.6,0.07,-0.88,0.14,0.024999999,0
YDR414C,0.075,0.2,0.23500001,0.27,0.09,0.13,0.11,-0.16,-0.11,-0.09,0.11,0.22,0.07,-0.03,-0.03,0.13,0.32,-0.18,-0.07,-0.63,0.18,-0.05,-0.135,0
YDR415C,-0.055,-0.01,0.015,0.04,-0.01,0.18,0.24,0.18,-0.16,0.2,-0.36,0.07,-0.08,-0.03,-0.43,-0.03,-0.12,-0.03,-0.06,-0.06,0.01,0.32,0.285,0
YDR416W,0.16,0.07,0.035,0.0,-0.27,0.11,0.03,0.09,0.05,0.16,0.33,-0.06,-0.36,-0.12,-0.08,0.27,-0.1,-0.02,0.27,0.03,-0.06,-0.02,-0.03,0
YDR417C,0.114999995,0.26,0.33999997,0.42,0.12,0.57,0.19,0.33,0.2,0.31,-0.1,0.32,-0.09,0.03,-0.76,-0.11,-0.25,0.2,-0.03,-0.24,-0.64,-0.13,-0.13499999,0
YDR418W,0.049999997,0.16,0.25,0.34,0.13,0.45,0.18,0.23,0.24,0.26,0.03,0.17,-0.14,-0.07,-0.05,0.13,-0.07,0.18,-0.3,-0.18,-0.66,-0.07,-0.145,0
YDR419W,0.18,0.18,0.120000005,0.06,-0.01,-0.21,0.84,0.07,-0.21,-0.27,-0.57,0.11,-0.14,0.02,-0.17,-0.17,0.12,-0.14,0.33,0.3,0.02,-0.1,-0.1,0
YDR420W,0.29500002,0.33,0.385,0.44,0.47,0.28,0.41,-0.21,0.12,-0.04,-0.01,0.0,-0.54,-0.02,0.21,-0.04,-0.01,-0.02,-0.15,-0.83,0.18,-0.32,-0.29500002,0
YDR421W,-0.16499999,-0.07,-0.09,-0.11,0.12,-0.02,0.03,0.24,-0.13,0.03,-0.34,-0.18,-0.15,-0.15,0.65,-0.13,-0.01,-0.2,0.36,0.15,0.29,0.28,0.105000004,0
YDR422C,0.18,0.27,0.28500003,0.3,-0.31,0.49,0.03,0.35,-0.2,0.03,-0.18,-0.08,-0.33,-0.16,-0.07,0.38,0.24,0.22,0.33,-0.45,-0.12,-0.05,-0.17,0
YDR423C,0.095,0.16,0.07,-0.02,0.0,0.19,0.03,0.24,-0.2,0.27,-0.35,0.01,-0.31,-0.04,-0.24,0.09,-0.48,0.0,-0.33,0.39,0.01,0.22,0.18,0
YDR424C,0.065000005,0.37,0.18,-0.01,0.08,-0.1,-0.04,-0.43,-0.01,-0.03,0.02,-0.37,-0.12,-0.1,0.3,0.08,-0.06,-0.12,-0.12,0.28,0.16,0.05,-0.004999999,0
YDR425W,0.155,0.13,0.074999996,0.02,-0.15,0.15,0.13,0.22,-0.27,0.38,-0.34,0.19,-0.49,-0.17,-0.51,0.07,-0.67,-0.09,-0.34,0.31,0.23,0.4,0.38,0
YDR426C,0.0,-0.18,-0.2,-0.22,0.14,-0.35,0.62,-0.37,0.08,-0.08,-0.08,-0.08,0.2,-0.46,0.92,-0.15,-0.22,-0.2,-0.17,0.61,0.19,-0.01,-0.035,0
YDR427W,-0.19,-0.17,-0.04,0.09,0.17,0.0,0.01,0.0,-0.03,0.12,-0.02,0.17,-0.12,0.08,-0.5,0.24,-0.95,0.34,-0.12,0.08,-0.25,0.53,0.42499998,0
YDR428C,-0.195,-0.22,-0.22,-0.22,0.15,-0.31,0.21,-0.05,0.11,-0.21,-0.09,-0.09,0.05,-0.02,0.72,-0.4,0.24,-0.13,0.0,0.53,0.29,-0.16,-0.125,0
YDR429C,0.57500005,0.54,0.335,0.13,-0.24,0.27,0.1,0.27,-0.37,0.32,0.04,0.11,-0.52,0.1,-1.03,0.2,-1.96,0.33,-0.76,0.39,-0.79,0.72,0.535,0
YDR430C,-0.775,-0.83,-0.73,-0.63,-0.36,-0.5,-0.19,-0.07,0.01,0.1,0.08,0.27,-0.72,0.56,0.52,0.1,0.13,0.03,-0.13,1.09,0.58,0.59,0.48999998,0
YDR431W,-0.55,-0.61,-0.525,-0.44,0.23,-0.51,0.07,-0.06,0.57,-0.06,0.47,-0.35,0.21,-0.03,0.36,-0.04,-0.72,-0.13,0.42,0.68,0.45,0.27,0.050000004,0
YDR432W,-0.44,-0.47,-0.25,-0.03,-0.09,0.21,-0.06,0.15,-0.07,0.17,-0.33,0.06,-0.26,0.09,0.31,0.2,-0.07,0.3,-0.32,0.6,-0.01,0.32,0.155,1
YDR433W,-0.18,-0.21,-0.074999996,0.06,0.26,0.25,0.08,0.15,0.18,0.38,0.05,0.13,-0.07,0.12,-0.82,0.06,-1.07,0.46,-0.03,-0.01,-0.23,0.25,0.175,0
YDR434W,-0.35,-0.2,-0.040000003,0.12,0.38,0.01,0.3,-0.25,-0.44,-0.08,0.01,0.24,0.25,0.38,0.58,-0.04,0.14,-0.04,-0.16,0.05,-0.01,-0.16,-0.13499999,0
YDR435C,-0.26,-0.13,-0.074999996,-0.02,0.23,0.07,0.18,0.22,0.2,0.34,0.07,0.16,0.15,0.07,-0.25,-0.22,-0.72,0.11,-0.12,-0.25,-0.04,0.29,0.205,0
YDR436W,-0.325,-0.34,-0.34,-0.34,-0.31,-0.2,0.19,-0.02,0.3,-0.09,0.15,0.02,-0.17,0.52,0.44,-0.34,-0.23,-0.07,0.49,0.65,0.35,0.03,-0.015,0
YDR438W,-0.089999996,0.03,0.05,0.07,-0.1,-0.07,0.41,-0.07,0.2,-0.12,0.15,-0.17,0.12,0.27,0.3,0.18,0.15,-0.27,0.23,-0.61,0.25,-0.12,-0.14,0
YDR439W,0.085,0.05,-0.155,-0.36,0.3,0.0,0.63,-0.01,-0.08,-0.38,0.16,-0.4,0.24,-0.26,0.06,-0.11,-0.11,-0.19,0.23,0.47,0.29,-0.18,-0.16,0
YDR440W,0.595,0.66,0.40500003,0.15,-0.49,0.01,-0.34,-0.18,-0.29,0.48,0.25,0.51,0.01,0.24,-0.11,0.2,-0.64,0.03,-0.25,-0.64,-0.32,0.24,0.105,1
YDR442W,-0.05,-0.01,0.015,0.04,0.24,0.16,0.32,0.08,0.27,-0.03,-0.11,-0.71,-0.19,-0.09,0.11,0.18,-0.34,0.16,0.06,0.03,0.16,0.1,0.004999999,0
YDR443C,-0.01,0.01,0.024999999,0.04,0.32,0.31,0.19,0.25,0.1,-0.01,-0.34,-0.06,-0.01,0.04,-0.26,-0.04,-0.11,-0.19,0.14,0.25,0.32,-0.14,-0.25,0
YDR444W,0.185,0.27,0.42000002,0.57,-0.34,-0.08,-0.43,0.08,-0.5,0.01,-0.09,0.3,-0.32,0.37,0.16,0.1,-0.36,0.05,0.16,-0.58,0.08,0.38,0.105,0
YDR445C,0.39999998,0.51,0.37,0.23,0.38,0.17,0.07,-0.05,-0.21,-0.13,-0.51,0.22,-0.26,0.05,-0.62,0.17,-0.11,0.02,-0.02,0.0,0.04,-0.23,-0.255,0
YDR446W,0.085,0.08,0.085,0.09,0.24,0.13,0.41,0.11,0.34,-0.16,0.11,-0.41,-0.02,-0.11,0.04,0.13,0.32,-0.07,0.54,-0.62,0.71,-0.54,-0.46,0
YDR447C,0.089999996,0.19,0.19,0.19,0.15,0.4,0.18,0.41,-0.01,0.32,-0.26,0.15,-0.34,0.29,-0.81,-0.07,-0.54,0.28,-0.5,0.01,-0.41,0.16,0.16,0
YDR448W,0.31,0.44,0.605,0.77,-0.13,0.25,-0.11,0.06,-0.49,0.08,-0.15,0.3,-0.07,0.34,0.37,0.33,-0.26,0.19,-0.28,-0.69,-0.63,-0.44,-0.235,1
YDR449C,0.695,0.5,0.445,0.39,-0.22,0.54,-0.2,0.3,-0.62,0.39,-0.5,0.18,-0.72,0.03,-0.85,0.54,-0.38,0.35,-0.46,-0.4,-0.46,0.04,-0.065,0
YDR450W,-0.09,-0.22,-0.16,-0.1,0.58,-0.29,0.53,-0.17,-0.37,-0.04,0.42,0.18,-0.16,0.0,0.42,-0.4,0.07,-0.26,0.36,0.65,0.31,-0.58,-0.30499998,0
YDR451C,-0.044999998,-0.01,0.495,1.0,1.23,-0.12,0.18,-0.78,-0.41,-0.78,-0.23,0.11,0.32,0.6,0.47,0.0,-0.23,-0.07,0.19,0.5,0.24,-0.52,-0.54999995,1
YDR453C,-0.465,-0.49,-0.31,-0.13,0.53,-0.44,0.44,-0.19,0.74,-0.11,0.38,0.58,0.55,0.03,0.4,-3.42,0.04,0.03,0.89,0.17,0.87,-0.09,-0.085,0
YDR454C,-0.125,-0.13,-0.095,-0.06,0.47,-0.19,0.39,-0.18,-0.37,-0.27,0.97,0.13,0.11,0.36,0.25,-0.46,0.13,-0.15,0.6,0.27,0.34,-0.72,-0.675,0
YDR455C,-0.605,-0.55,-0.34,-0.13,0.61,-0.3,0.52,-0.26,0.87,-0.14,0.4,0.07,0.49,0.05,-0.03,-0.66,0.4,-0.23,1.07,0.08,0.75,-0.51,-0.555,0
YDR456W,-0.685,-0.75,-0.575,-0.4,0.73,-0.58,0.3,-0.11,0.39,-0.44,0.44,0.45,0.46,0.16,0.3,-0.53,0.43,0.03,0.89,0.42,1.0,-0.97,-0.83000004,0
YDR457W,-0.030000001,-0.17,-0.16,-0.15,0.52,-0.12,-0.1,0.16,0.29,0.18,0.19,-0.32,0.01,-0.04,0.16,-0.34,-0.1,-0.42,0.28,0.02,0.44,-0.23,-0.035000004,0
YDR458C,-0.17500001,-0.15,-0.2,-0.25,0.09,-0.5,-0.04,-0.12,0.46,-0.33,0.2,-0.09,-0.4,1.16,0.47,-0.68,0.4,0.23,0.14,0.27,1.25,-0.83,-0.42999998,0
YDR459C,-0.35000002,-0.37,-0.175,0.02,0.79,-0.05,0.77,0.07,0.55,-0.55,-0.05,-0.08,0.5,-0.13,0.19,-0.15,0.04,-0.08,0.87,0.06,0.3,-0.78,-0.715,0
YDR463W,0.17,-0.16,-0.009999998,0.14,0.15,-0.02,0.0,-0.13,-0.06,-0.36,-0.3,0.15,-0.32,-0.04,-0.06,-0.42,0.24,-0.26,0.71,0.25,0.25,-0.18,-0.2,0
YDR464W,0.445,0.46,0.46,0.46,0.21,0.37,-0.17,0.25,-0.49,0.08,-0.42,-0.11,-0.95,0.34,-0.11,0.1,-0.09,0.07,0.13,-0.73,-0.09,-0.13,-0.089999996,0
YDR465C,0.66999996,0.59,0.295,0.0,-0.09,-0.27,0.22,-0.09,-0.08,0.05,-0.43,0.1,-0.5,-0.33,0.05,-0.47,-0.18,-0.31,0.38,0.42,0.64,-0.25,-0.385,0
YDR467C,0.015000001,0.1,0.035,-0.03,0.03,0.03,-0.41,0.04,0.13,0.11,0.03,-0.03,-0.27,0.01,-0.25,0.1,0.13,0.04,0.04,0.67,-0.11,-0.15,-0.15,0
YDR468C,0.08,0.23,0.120000005,0.01,-0.04,0.1,0.15,-0.25,-0.33,0.22,0.0,0.34,-0.14,0.28,-0.05,0.07,-0.43,0.04,-0.27,0.07,0.41,-0.07,-0.015000001,0
YDR469W,0.16499999,0.35,-0.08499999,-0.52,0.22,-0.38,0.24,-0.49,-0.1,-0.66,-0.1,0.63,-0.26,0.05,0.26,-0.24,0.32,-0.24,0.22,0.47,0.69,-0.03,-0.205,0
YDR471W,0.265,0.28,0.075,-0.13,0.18,-0.16,1.47,0.05,-0.19,0.08,-0.13,0.2,-0.16,-0.02,-0.39,-0.43,-0.23,-0.04,-0.16,0.47,-0.08,-0.37,-0.305,0
YDR472W,0.045,-0.05,0.065000005,0.18,0.01,0.2,0.62,0.06,-0.48,0.25,-0.04,-0.02,-0.07,-0.02,-0.19,0.22,-0.16,0.09,-0.02,-0.42,0.21,-0.14,-0.15,0
YDR474C,-0.120000005,-0.14,-0.20500001,-0.27,-0.14,-0.51,0.22,-0.47,0.41,-0.45,0.15,0.0,-0.08,0.35,0.34,-0.02,0.13,-0.1,0.02,0.51,0.83,-0.27,-0.120000005,0
YDR475C,-0.11,-0.11,-0.35,-0.59,0.31,-0.79,-0.64,-0.5,0.82,-0.23,0.07,-0.24,1.05,-0.07,0.79,-0.42,0.25,-0.74,0.52,0.47,1.07,-0.12,-0.055,0
YDR476C,-0.145,-0.04,0.035,0.11,0.07,-0.06,-0.45,-0.02,-0.01,-0.21,0.05,0.07,0.32,0.34,0.38,-0.06,0.43,-0.12,0.54,0.27,0.39,-0.61,-0.42000002,0
YDR477W,-0.120000005,-0.23,-0.22,-0.21,0.31,-0.27,-0.61,-0.19,0.2,-0.17,0.14,-0.01,0.61,0.09,-0.15,-0.21,-0.13,-0.35,0.26,0.68,0.15,0.14,0.030000001,0
YDR478W,-0.09,-0.15,-0.265,-0.38,0.34,-0.81,0.04,0.09,0.55,-0.18,0.31,-0.04,0.37,0.13,0.29,-0.52,0.51,-0.36,0.58,0.47,0.91,-0.66,-0.49,0
YDR479C,0.02,0.14,0.07,0.0,-0.04,0.16,-0.04,0.14,0.03,0.02,-0.42,0.13,0.06,0.02,-0.48,0.09,-0.42,0.16,-0.06,0.18,-0.23,0.23,0.175,0
YDR480W,0.14,0.12,-0.120000005,-0.36,0.26,-0.78,-0.04,-0.59,0.16,-0.32,0.36,-0.1,-0.06,0.12,0.15,-0.39,0.04,-0.07,-0.22,0.7,0.57,-0.02,0.01,0
YDR481C,0.13499999,0.11,-0.009999998,-0.13,-0.03,-0.63,-0.63,-0.32,0.07,0.1,0.87,0.7,0.58,0.43,0.08,-0.32,-0.18,-0.21,0.4,-0.01,0.53,-0.19,-0.22,1
YDR482C,-0.255,-0.26,-0.215,-0.17,0.43,-0.52,0.61,-0.34,0.24,-0.29,0.01,-0.11,0.15,0.18,0.67,-0.41,-0.22,0.02,0.3,0.43,1.1,-0.45,-0.45,0
YDR483W,0.125,0.18,0.22,0.26,0.17,0.22,0.28,0.12,0.36,0.09,-0.08,0.11,0.08,-0.08,-0.53,-0.06,-0.34,0.05,0.26,-0.4,-0.35,-0.11,-0.155,0
YDR484W,-0.11,-0.13,-0.25,-0.37,0.25,-0.62,0.33,-0.24,-0.1,-0.19,0.49,0.21,0.47,0.27,0.39,-0.64,0.62,-0.52,0.22,1.06,0.81,-0.52,-0.495,0
YDR485C,-0.015000001,-0.1,-0.010000002,0.08,-0.22,-0.54,0.23,0.25,0.26,-0.19,0.67,0.36,0.29,0.05,0.36,-0.22,-0.37,-0.92,0.82,0.38,0.86,-0.68,-0.68,0
YDR486C,0.305,0.29,0.19999999,0.11,-0.39,0.04,0.9,0.11,-0.85,0.25,-0.31,-0.08,-0.57,0.15,-0.63,0.13,-0.59,0.12,-0.44,0.01,-0.21,0.51,0.41,0
YDR487C,0.06,0.08,-0.005000003,-0.09,0.17,-0.04,0.3,-0.12,0.12,0.08,-0.16,0.12,0.12,-0.06,-0.03,-0.1,-0.04,0.03,0.12,0.08,-0.04,-0.21,-0.22,0
YDR488C,0.16,0.39,0.31,0.23,0.39,-0.32,-0.07,-0.43,-1.15,-0.1,0.14,0.54,0.42,0.47,0.38,-0.04,0.75,-0.41,0.05,-0.01,0.39,-0.55,-0.35500002,1
YDR489W,0.615,0.51,0.31,0.11,-0.21,-0.01,-0.6,-0.15,-0.37,0.54,-0.14,0.6,0.11,0.19,-0.51,0.09,-0.39,-0.18,-0.27,-0.46,-0.27,0.04,-0.025000002,0
YDR491C,0.325,-0.16,-0.36,-0.56,-0.25,-0.68,-0.03,-0.25,0.09,-0.04,-0.23,-0.18,-0.29,-0.92,-0.14,0.37,0.68,0.41,0.92,-0.21,0.34,-0.43,-0.14,0
YDR493W,-0.375,-0.53,-0.745,-0.96,-0.56,-0.59,0.01,0.2,-0.13,0.51,-0.17,0.38,-0.39,-0.04,-0.42,-0.23,-0.63,0.31,-0.13,0.71,0.16,0.84,0.78,1
YDR494W,-0.19,-0.27,-0.32,-0.37,-0.85,0.06,-0.56,0.3,-0.85,0.74,0.1,0.35,-0.22,0.19,-1.3,0.47,-1.0,0.46,-1.06,0.71,-0.43,1.4,1.2049999,0
YDR496C,0.80999994,0.56,0.395,0.23,-0.13,0.33,-0.18,0.15,-0.47,0.41,0.06,-0.1,-0.79,-0.15,-1.11,0.34,-0.08,0.15,-0.33,0.3,-0.76,-0.2,-0.23500001,0
YDR498C,-0.345,-0.66,-0.51,-0.36,0.25,-0.56,-0.02,-0.12,-0.1,0.21,0.38,0.35,0.39,0.73,0.31,-0.37,-0.14,-0.06,0.46,0.53,0.41,-0.21,-0.285,0
YDR500C,-0.099999994,-0.16,-0.099999994,-0.04,0.54,-0.25,0.29,-0.37,0.82,-0.23,0.06,0.04,0.2,0.88,0.19,-0.73,0.03,-0.08,0.12,0.5,0.51,-0.79,-0.74,0
YDR501W,0.21000001,0.61,0.3,-0.01,0.24,-0.43,0.26,-0.78,0.04,-0.41,2.41,0.3,0.36,0.13,0.5,-0.29,-0.48,-0.46,0.27,-0.08,0.24,-0.62,-0.515,1
YDR502C,-0.31,-0.24,0.13499999,0.51,0.62,-0.38,-0.34,-0.61,0.18,-0.06,0.21,0.77,0.44,0.56,0.37,-0.61,-0.1,0.03,-0.05,0.33,0.6,-0.54,-0.46,0
YDR503C,0.28500003,0.3,-0.015000001,-0.33,-0.07,-0.97,-0.25,-0.84,0.0,0.17,0.54,0.69,0.86,0.32,0.21,-0.53,-0.55,-0.53,-0.16,-0.37,0.23,0.31,0.325,1
YDR504C,-0.405,-0.46,-0.27,-0.08,0.65,-0.19,0.47,-0.35,0.24,-0.29,0.23,-0.14,0.39,0.28,0.25,-0.52,0.46,-0.52,0.33,0.62,0.82,-0.48,-0.45,0
YDR505C,-0.565,-0.53,-0.17999998,0.17,-0.15,-0.38,0.19,-0.17,0.42,-0.21,0.51,0.02,0.26,0.23,0.1,-0.1,0.34,-0.3,0.39,0.4,0.3,-0.1,-0.195,0
YDR508C,-0.155,-0.14,0.11000001,0.36,0.93,0.12,0.55,0.01,0.57,-0.25,0.01,-0.23,0.3,-0.4,-0.15,-0.22,0.42,-0.22,0.19,-0.2,0.14,-0.64,-0.655,0
YDR509W,0.115,0.08,0.42,0.76,0.74,0.75,-0.06,0.51,0.28,0.29,-0.21,-0.01,-0.62,0.01,-0.16,0.06,0.05,-0.12,-0.57,-1.29,-0.18,-0.41,-0.39999998,0
YDR510W,-0.33,-0.04,0.11,0.26,0.46,0.47,0.42,0.21,-0.48,-0.1,-0.59,0.22,-0.16,0.22,-0.3,0.26,-0.32,0.42,-0.74,0.49,-0.3,0.05,0.015000001,0
YDR511W,-0.40499997,-0.53,-0.46999997,-0.41,-0.03,-0.24,0.15,-0.28,0.09,0.25,0.19,0.78,0.13,-0.05,-0.11,-0.24,-0.11,-0.14,0.06,0.33,0.23,0.03,0.074999996,0
YDR512C,0.125,0.12,-0.015000004,-0.15,-0.07,-0.23,-0.09,-0.21,0.1,0.02,0.13,-0.05,0.13,0.0,-0.1,-0.1,-0.76,-0.15,-0.02,-0.09,0.01,0.15,0.115,0
YDR513W,-0.885,-0.79,-0.515,-0.24,-0.06,0.06,0.0,0.1,0.24,0.36,-0.02,0.32,0.43,0.14,-0.34,0.06,-0.93,0.17,0.31,0.21,0.01,0.31,0.345,0
YDR518W,0.025000002,0.17,0.125,0.08,0.29,-0.23,-0.14,-0.43,-0.3,0.0,-0.04,0.65,0.32,0.47,0.04,0.06,-0.1,-0.35,-0.08,-0.63,0.21,-0.12,0.08499999,0
YDR519W,-0.255,-0.31,-0.285,-0.26,0.34,-0.2,0.27,-0.12,0.38,0.11,0.29,0.16,0.36,-0.31,-0.56,-0.43,0.23,-0.14,0.79,0.02,0.36,-0.43,-0.135,0
YDR524C,0.005000003,-0.08,-0.115,-0.15,0.3,-0.08,0.56,-0.02,-0.17,-0.17,-0.01,-0.58,0.03,0.02,0.09,-0.24,0.25,-0.26,0.46,0.22,0.18,-0.14,-0.25,0
YDR527W,0.19999999,0.19,-0.045,-0.28,-0.34,-0.68,0.13,-0.01,-0.04,0.05,0.19,0.36,0.04,-0.15,-0.01,-0.36,-0.3,-0.2,0.38,0.46,0.27,-0.13,-0.225,0
YDR528W,0.59999996,-0.08,-0.29,-0.5,-0.24,-1.24,-0.63,-0.79,-0.27,0.59,1.1,0.62,0.73,0.36,0.5,-0.76,0.51,-0.56,-0.13,0.12,0.58,-0.42,-0.27499998,1
YDR531W,0.19500001,0.12,-0.09,-0.3,-0.18,-0.41,0.08,-0.25,0.04,-0.06,-0.11,-0.06,0.35,0.06,-0.49,-0.22,-0.62,0.06,0.42,0.4,0.14,0.14,0.060000002,0
YDR533C,-0.074999996,-0.21,-0.36999997,-0.53,-0.36,-0.5,-0.14,-0.57,0.1,-0.43,-0.62,-0.08,-0.09,-0.03,-0.24,-0.03,-0.57,0.38,0.53,0.17,0.22,0.41,0.49,0
YDR539W,0.055,0.04,-0.27499998,-0.59,0.25,-0.93,0.36,0.11,0.12,0.19,0.56,0.46,0.34,0.26,0.71,-1.39,0.39,-0.68,0.73,0.44,0.43,-0.7,-0.69,0
YDR541C,0.195,0.21,-0.13,-0.47,0.15,-0.75,-0.01,-0.15,0.27,0.01,0.32,0.68,0.67,-0.37,0.33,-0.63,0.3,-0.56,0.46,0.25,0.44,-0.43,-0.235,0
YDR543C,-0.075,-0.23,-0.3,-0.37,0.04,-0.25,-0.09,0.04,0.27,0.38,-0.08,0.11,0.11,-0.08,0.14,-0.25,0.24,-0.22,0.51,0.14,0.45,-0.06,-0.235,0
YDR544C,0.145,-0.03,0.08,0.19,0.01,0.22,-0.3,0.46,-0.26,0.69,0.04,0.2,-0.1,0.15,0.45,-0.01,0.09,-0.08,-0.12,-0.81,0.14,-1.42,-0.715,0
YDR545W,-0.41500002,-0.6,-0.38,-0.16,-0.32,0.17,0.49,0.45,0.5,0.75,0.3,0.31,-0.26,0.01,-0.25,-0.04,-0.08,0.08,-0.05,-0.67,0.25,0.04,-0.075,1
YEL001C,-0.19,-0.19,0.33,0.85,0.74,-0.9,0.4,-0.39,0.38,-0.28,0.28,-0.13,0.52,-0.05,1.04,-0.53,0.13,-0.21,0.52,0.07,0.17,-0.74,-0.635,0
YEL002C,-0.215,-0.17,0.009999998,0.19,0.67,-0.21,-0.15,-0.15,0.14,0.03,0.3,0.22,0.57,0.06,-0.28,-0.02,-0.07,-0.07,0.17,-0.45,-0.12,-0.08,-0.145,0
YEL003W,-0.005000001,0.04,0.14999999,0.26,0.03,-0.57,0.62,-0.48,0.01,-0.17,0.17,0.07,0.01,-0.17,0.53,-0.14,-0.09,-0.16,-0.19,0.36,0.2,-0.16,-0.175,0
YEL004W,0.035,0.06,-0.125,-0.31,-0.23,-0.42,0.38,-0.17,0.12,0.26,0.18,0.15,0.24,-0.13,0.06,-0.25,-0.25,-0.01,0.37,0.06,0.01,-0.04,-0.135,0
YEL005C,0.095,0.13,-0.065,-0.26,0.06,-0.59,0.56,-0.44,0.09,-0.03,0.02,0.05,-0.38,-0.46,0.58,-0.21,0.03,-0.14,-0.44,0.58,0.73,0.12,0.085,0
YEL006W,-0.07,-0.11,0.04,0.19,0.41,0.01,-0.08,-0.06,0.01,0.04,1.18,0.26,-0.1,-0.11,0.03,-0.13,0.34,0.14,0.09,-1.26,0.0,-0.13,-0.205,0
YEL007W,-0.35,-0.53,-0.20499998,0.12,-0.09,0.24,0.15,0.3,0.18,0.51,0.12,0.31,-0.31,0.3,-0.36,0.0,-0.4,0.15,-0.38,-0.77,0.05,0.75,0.41,0
YEL009C,-0.47500002,-0.41,-0.22,-0.03,0.44,-0.11,0.48,-0.19,0.5,-0.3,-0.11,-0.27,0.16,-0.05,0.8,-0.07,0.22,0.11,0.33,0.51,0.03,-0.35,-0.36,0
YEL011W,-1.01,-0.8,-0.645,-0.49,-0.22,-1.02,-0.15,-0.76,0.01,-0.09,0.32,-0.17,-0.5,-0.01,0.59,-0.76,0.06,-0.59,0.74,1.25,1.59,0.53,0.81,0
YEL014C,0.305,0.25,0.2,0.15,0.27,0.19,0.24,-0.03,-0.29,-0.01,-0.29,-0.14,-0.18,0.13,-0.2,0.13,-0.25,-0.32,0.03,0.12,-0.14,-0.03,-0.16,0
YEL016C,-0.135,0.06,0.22,0.38,0.61,0.27,-0.08,-0.13,1.73,-0.4,-0.57,-0.38,-0.04,0.24,0.22,0.08,0.01,-0.02,-0.01,-0.44,-0.13,-0.38,-0.305,0
YEL017C-A,-1.025,-1.11,-0.565,-0.02,0.2,0.1,0.65,-0.2,0.76,0.1,0.03,0.03,0.34,-0.05,0.09,-0.14,0.13,0.29,1.17,0.34,0.82,-0.72,-0.645,0
YEL017W,-0.68,-0.07,0.27,0.61,1.2,0.67,0.38,-0.09,-0.11,-0.66,-0.61,-0.09,0.31,0.07,0.45,0.41,0.72,0.32,0.29,-0.61,-0.07,-0.36,-0.385,1
YEL019C,0.24,0.06,-0.055,-0.17,0.29,0.02,0.67,-0.09,-0.19,-0.37,0.11,-0.3,-0.05,-0.23,0.18,-0.21,0.08,-0.37,0.36,0.04,0.33,-0.07,-0.175,0
YEL021W,0.685,0.6,0.47000003,0.34,-0.12,0.48,-0.02,0.43,-0.64,0.26,-0.72,0.11,-0.67,0.05,-0.75,0.28,-0.52,0.62,-0.72,0.2,-0.57,-0.93,-0.34,0
YEL024W,-1.285,-1.06,-0.62,-0.18,0.45,0.0,-0.21,0.15,0.67,0.1,0.18,0.01,0.29,-0.26,0.89,-0.34,0.49,0.03,0.83,0.22,0.72,-0.05,-0.085,0
YEL025C,-0.68,-0.8,-0.36,0.08,0.55,-0.03,0.56,-0.7,0.3,0.02,0.38,-0.23,-0.11,-0.21,0.15,-0.18,0.41,-0.11,0.58,0.66,0.34,-0.08,-0.16999999,1
YEL026W,0.050000004,-0.05,-0.035,-0.02,0.61,0.0,-0.11,0.23,0.69,-0.04,0.02,0.09,0.21,-0.48,0.66,-0.25,0.22,0.02,0.49,-0.25,0.2,-0.71,-0.78499997,0
YEL027W,-0.95000005,-0.91,-0.595,-0.28,0.75,-0.06,0.4,-0.14,0.54,-0.28,0.24,-0.14,0.6,-0.3,0.42,-0.34,1.01,0.0,1.55,0.31,0.48,-0.53,-0.65999997,0
YEL028W,-1.305,-2.51,-1.205,0.1,0.29,-0.14,0.64,-0.11,0.37,-0.43,0.26,0.15,0.37,-0.04,0.77,-0.22,0.52,0.12,0.46,0.64,0.66,-0.36,-0.425,0
YEL029C,0.04,-0.04,0.099999994,0.24,0.28,0.2,-0.07,0.18,-0.56,0.23,0.11,0.25,-0.05,0.06,-0.46,0.18,-0.43,0.17,0.15,0.08,-0.41,-0.08,-0.14,0
YEL030W,-1.405,-1.35,-0.95000005,-0.55,-0.52,-0.46,0.2,-0.49,0.1,-0.35,-0.38,-0.27,-0.22,-0.25,0.97,0.34,0.6,0.3,1.05,1.0,1.25,0.39,0.355,0
YEL031W,-0.015,0.03,0.07,0.11,-0.18,0.52,-0.81,0.62,-0.17,0.4,-0.4,0.04,-0.81,0.07,-0.51,0.42,-0.14,0.7,-0.88,-0.35,-0.35,0.7,0.565,0
YEL032W,-0.45499998,-1.26,-1.1700001,-1.08,-1.12,-0.32,0.18,0.65,0.58,0.96,0.31,0.01,-0.24,-0.75,-0.28,-0.53,-0.46,0.01,0.29,0.61,0.4,0.67,0.445,1
YEL033W,-0.685,-0.77,-0.405,-0.04,0.95,0.24,0.55,0.18,0.37,-0.06,0.44,0.0,0.28,-0.09,-0.58,-0.07,-0.19,0.42,0.72,-0.25,0.18,-0.38,-0.45499998,0
YEL034W,-0.56,-0.66,-0.46,-0.26,0.22,-0.03,0.43,-0.14,0.78,-0.22,0.0,-0.18,0.45,-0.32,0.94,-0.24,0.48,0.22,0.59,0.0,0.15,-0.39,-0.48499998,0
YEL035C,-0.19,-0.26,-0.435,-0.61,0.73,-0.5,0.49,-0.39,0.32,-0.24,0.38,-0.56,0.35,0.06,0.35,-0.79,0.7,-0.33,0.77,0.23,1.25,-0.56,-0.635,0
YEL037C,0.035,-0.1,0.08500001,0.27,0.13,0.27,0.01,0.25,-0.44,0.27,-0.5,-0.08,-0.6,-0.06,-0.85,0.4,-0.6,0.54,-0.63,-0.03,-0.44,0.67,0.495,0
YEL039C,-0.895,-0.79,-0.635,-0.48,0.28,0.33,0.2,0.37,0.02,0.27,-0.11,0.4,-0.11,0.04,-0.4,0.04,-0.23,0.3,-0.15,0.05,0.19,0.49,0.345,0
YEL043W,0.155,0.18,0.32,0.46,0.27,0.33,0.01,0.22,-0.15,0.15,-0.31,0.01,-0.15,0.17,-0.78,0.12,-0.26,-0.01,-0.43,0.01,-0.22,0.1,0.045,0
YEL045C,-0.035000004,-0.18,-0.085,0.01,0.48,0.07,0.45,-0.24,0.29,-0.05,-0.06,-0.26,0.24,-0.06,0.12,-0.43,0.24,-0.43,0.34,-0.22,0.51,-0.43,-0.335,0
YEL047C,0.059999995,0.29,0.365,0.44,0.36,-0.2,-0.26,-0.47,-0.35,0.3,0.35,0.69,0.55,0.32,-0.04,0.04,-0.2,-0.13,-0.31,-1.15,-0.12,0.11,0.114999995,1
YEL048C,-0.17500001,-0.36,-0.23500001,-0.11,0.19,-0.18,0.44,-0.03,-0.2,-0.32,-0.26,0.02,-0.04,-0.34,0.96,0.17,0.36,0.07,0.29,0.17,0.4,-0.47,-0.54,0
YEL049W,0.265,-0.05,-0.15,-0.25,0.44,-0.51,0.24,-0.6,0.32,-0.23,0.31,-0.3,0.16,-0.32,0.09,-0.07,0.06,-0.27,0.31,-0.28,0.27,-0.15,-0.255,0
YEL050C,-0.73,-0.73,-0.59000003,-0.45,-0.41,-0.47,-0.27,-0.16,-0.21,-0.03,-0.43,0.27,0.2,0.14,0.36,0.19,0.05,0.24,0.19,0.57,0.17,0.69,0.505,0
YEL051W,0.17999999,0.24,0.215,0.19,0.02,0.08,-0.14,0.08,-0.5,0.04,-0.26,0.05,-0.37,0.36,-0.52,0.19,-0.78,0.26,-0.54,0.46,-0.76,0.59,0.515,0
YEL052W,-0.57,-0.53,-0.33999997,-0.15,0.19,-0.06,-0.26,0.14,0.28,-0.13,-0.38,0.3,0.23,0.03,0.56,-0.06,0.15,0.19,0.09,0.23,0.36,0.05,-0.004999999,0
YEL053C,-0.055,0.21,0.31,0.41,0.45,0.13,0.34,0.16,0.16,-0.19,-0.25,0.0,0.04,0.33,-0.11,0.17,-0.19,0.09,0.07,0.13,-0.34,-0.86,-0.545,0
YEL055C,0.39,0.19,0.275,0.36,0.13,0.08,-0.03,0.21,-0.24,0.12,0.02,0.02,-0.09,0.08,-0.37,0.12,-0.35,-0.22,-0.03,0.24,-0.41,-0.14,-0.33499998,0
YEL056W,-0.04,-0.13,-0.024999999,0.08,0.11,-0.2,0.06,0.03,0.16,0.0,-0.11,0.09,-0.27,0.12,0.47,-0.05,-0.18,0.11,-0.18,0.4,-0.11,0.02,-0.115,0
YEL057C,0.105000004,0.07,-0.06,-0.19,0.29,-0.43,0.06,-0.34,0.18,-0.27,0.14,-0.12,0.19,-0.15,0.35,-0.45,0.34,-0.02,0.31,-0.2,0.39,-0.19,-0.14,0
YEL058W,0.120000005,0.15,-0.019999996,-0.19,-0.07,-0.29,-0.25,-0.32,0.09,0.08,0.22,0.05,0.25,-0.01,0.37,-0.29,-0.29,-0.14,-0.3,0.02,-0.07,0.36,0.29000002,0
YEL059C-A,0.085,0.07,-0.22,-0.51,0.35,-0.26,0.04,-0.21,0.15,-0.21,-0.47,0.9,0.13,0.2,0.3,-0.56,-0.41,-0.36,0.25,0.13,0.57,0.09,0.3,0
YEL059W,0.05,0.11,-0.16999999,-0.45,0.3,-0.76,0.46,-0.7,0.38,-0.31,-0.07,-0.52,-0.07,0.12,0.34,-0.73,0.54,-0.21,0.56,0.18,1.03,-0.31,-0.135,0
YEL062W,0.195,0.22,0.29000002,0.36,-0.5,0.34,-0.08,0.31,-0.27,0.25,-0.13,0.26,-0.44,0.42,-0.03,0.28,-0.14,0.09,-0.44,-0.53,-0.36,-0.02,-0.02,0
YEL064C,0.145,0.24,-0.11000001,-0.46,-0.2,-0.74,-0.09,0.06,0.21,0.21,0.57,0.57,0.31,0.34,0.08,0.06,0.37,-0.28,-0.2,-0.67,0.35,0.01,0.05,1
YEL065W,-0.78999996,-0.93,-0.78999996,-0.65,0.09,0.27,1.29,0.89,1.08,-0.08,0.09,-0.49,0.02,-0.75,0.44,0.39,1.13,0.3,1.09,0.09,0.55,-1.41,-1.26,1
YEL066W,0.40499997,0.22,0.05,-0.12,-0.78,0.03,-0.12,0.22,-0.18,0.21,-0.06,0.27,-0.32,-0.17,-0.48,0.13,-0.36,0.17,-0.28,-0.6,0.12,0.12,0.125,0
YEL067C,0.15,0.12,-0.145,-0.41,0.19,-0.18,0.27,-0.06,0.31,0.07,-0.14,0.01,0.07,-0.36,0.36,-0.2,-0.2,-0.27,0.24,-0.23,0.6,0.01,-0.05,0
YEL068C,0.19999999,0.16,0.105,0.05,-0.51,0.03,0.29,0.01,-0.13,0.14,0.05,-0.01,-0.54,0.22,-0.45,0.14,-0.3,0.24,-0.09,-0.3,0.33,0.21,0.14,1
YEL069C,0.21000001,0.3,-0.06999999,-0.44,0.31,-0.04,0.81,-0.12,-0.02,0.15,0.05,-0.01,0.03,-0.16,-0.18,-0.14,-0.33,-0.41,0.2,0.06,0.29,-0.1,-0.060000002,0
YEL070W,-0.19,-0.29,-0.29,-0.29,-0.39,0.09,0.47,0.04,0.07,0.02,0.03,-0.29,-0.2,-0.04,0.69,0.05,0.14,0.04,0.51,-0.14,0.79,-0.23,-0.14,0
YEL071W,-0.77,-0.14,0.32,0.78,0.7,0.75,0.2,0.56,0.07,0.04,-0.58,0.15,-0.11,0.3,-0.72,0.2,-1.09,0.0,-0.65,-0.16,-0.24,0.62,0.7,0
YEL072W,-0.46,-0.17,-0.085,0.0,0.01,0.09,0.41,-0.22,-0.12,-0.4,-0.19,0.01,-0.06,0.66,0.95,0.1,0.36,-0.29,-0.19,-0.23,0.29,0.45,0.21499999,0
YEL073C,0.025,0.11,0.015000001,-0.08,0.34,-0.31,0.39,0.05,0.27,0.16,0.26,0.16,0.31,-0.24,0.13,-0.06,-0.03,-0.41,0.11,-0.28,0.08,-0.29,-0.355,0
YEL074W,-0.19,-0.52,-0.295,-0.07,-0.17,-0.23,-0.29,0.14,0.29,0.43,0.39,0.3,0.18,0.04,0.3,-0.32,0.07,-0.29,-0.11,0.01,0.42,0.08,-0.085,0
YEL075C,0.27999997,-0.28,-0.40499997,-0.53,-0.44,-0.82,-0.39,-0.17,0.33,1.36,1.32,0.86,0.67,0.24,-0.85,-0.59,-0.79,-0.7,-0.32,-0.15,0.12,0.3,0.16000001,1
YEL076C,0.14,-0.34,-0.49,-0.64,-0.57,-0.75,-0.55,-0.17,0.33,1.0,1.15,0.82,0.57,0.13,0.17,-0.75,-0.44,-0.69,-0.13,0.13,0.4,0.25,0.09,1
YEL076C-A,0.28,-0.05,-0.19000001,-0.33,-1.21,-0.33,-0.98,0.18,0.12,1.16,0.88,0.82,0.54,0.52,-0.35,-0.49,-0.7,-0.33,-0.45,-0.4,0.59,0.27,0.21000001,1
YEL077C,0.34,-0.07,-0.235,-0.4,-0.74,-0.51,-0.83,-0.14,0.24,1.02,1.0,0.53,0.51,0.2,-0.54,-0.42,-1.27,-0.22,-0.1,-0.1,0.21,0.39,0.295,1
YER001W,0.74,1.23,1.01,0.79,0.36,-0.74,-1.23,-0.92,-1.23,-0.16,0.36,1.05,1.28,1.38,1.27,0.38,-0.09,-0.56,-0.88,-0.48,-0.67,-0.22,-0.21000001,1
YER002W,0.91,0.62,0.38,0.14,-0.36,-0.18,-0.46,0.06,-0.72,0.55,-0.04,0.26,-0.46,0.55,-0.54,-0.29,-1.72,0.22,-0.77,0.32,-1.1,0.7,0.49,0
YER003C,-0.085,0.24,0.29,0.34,0.55,-0.21,-0.21,-1.02,-1.21,-0.46,-0.1,0.44,0.62,0.66,1.31,0.46,0.58,0.05,-0.04,-0.32,0.03,-0.37,-0.29,1
YER004W,-0.685,-0.73,-0.56,-0.39,0.17,-0.08,-0.11,-0.04,0.28,0.15,0.1,0.31,0.01,-0.46,-0.01,-0.04,0.58,0.27,0.82,0.04,0.66,-0.22,-0.14,0
YER005W,-0.13,-0.26,-0.074999996,0.11,0.29,0.0,0.26,-0.19,0.03,-0.17,-0.14,-0.05,-0.06,-0.16,0.8,0.15,0.16,-0.03,0.18,-0.24,0.07,-0.31,-0.31,0
YER006W,0.93,0.76,0.625,0.49,0.16,0.35,0.15,0.21,-0.27,0.39,-0.14,-0.08,-0.59,-0.19,-0.99,0.39,-1.33,0.29,-0.49,-0.15,-0.9,0.05,-0.12,0
YER007C-A,0.16,-0.03,-0.074999996,-0.12,0.02,-0.47,0.18,0.12,0.02,0.18,-0.18,0.06,-0.14,0.58,0.35,-0.51,-0.05,-0.36,0.06,0.52,0.24,-0.31,-0.345,0
YER007W,0.365,0.45,0.35,0.25,-0.17,0.11,0.25,0.06,-0.17,0.02,0.04,-0.23,-0.15,-0.19,-0.31,0.19,-0.41,-0.05,-0.25,-0.17,-0.17,0.2,0.065,0
YER009W,-0.04,0.09,0.18,0.27,0.15,0.35,0.41,0.19,0.45,0.16,0.09,0.17,0.17,-0.18,-0.02,-0.07,-0.46,0.19,0.16,-0.88,0.05,-0.25,-0.32999998,0
YER011W,-0.16499999,-0.2,0.60499996,1.41,0.38,0.07,0.21,0.09,-0.12,-0.08,-0.52,0.65,0.02,-0.02,0.14,-0.41,-0.22,-0.01,0.39,-0.72,0.33,-0.36,-0.29000002,0
YER012W,-0.05,-0.01,-0.07,-0.13,-0.33,-0.04,-0.37,-0.13,-0.52,0.27,-0.33,0.27,-0.43,0.19,-0.86,0.31,-0.8,0.05,-0.23,0.44,-0.2,1.1,0.95500004,0
YER013W,0.215,0.08,-0.075,-0.23,-0.02,-0.29,0.73,-0.56,0.07,-0.29,0.24,0.4,-0.05,-0.19,0.62,-0.98,0.37,-0.12,0.5,0.59,0.78,-0.21,-0.14,0
YER014W,0.57500005,0.85,0.39000002,-0.07,0.13,-0.18,-0.34,-0.37,-0.26,0.15,-0.18,0.24,-0.25,0.3,-0.2,-0.01,-0.25,-0.16,-0.26,0.47,0.29,-1.2,-0.39500004,0
YER015W,-0.445,-0.61,-0.34,-0.07,0.19,-0.1,0.04,0.27,0.38,0.25,0.31,0.06,-0.09,-0.38,0.19,-0.49,0.69,-0.3,0.84,-0.04,1.0,-0.32,-0.285,0
YER016W,0.52,0.79,0.56,0.33,-0.23,0.13,-0.42,-0.37,-0.8,0.37,-0.3,0.75,-0.18,0.76,-1.1,0.36,-0.7,-0.23,-0.98,0.15,-0.91,0.85,0.8,1
YER017C,-0.125,-0.18,-0.050000004,0.08,-0.13,0.22,-0.37,0.12,-0.38,0.33,-0.18,0.23,-0.2,-0.01,-0.23,0.3,-0.03,0.13,-0.26,-0.37,0.26,0.5,0.36,0
YER019C-A,0.41500002,0.47,0.54,0.61,-0.5,0.64,0.01,0.37,-1.03,-0.19,-0.03,0.48,-0.34,0.37,-0.94,0.29,-0.34,0.45,-0.88,-0.59,-0.42,0.23,0.215,0
YER019W,-0.014999993,0.23,0.7,1.17,0.67,0.54,-0.51,-0.31,-0.45,0.1,0.22,0.73,0.54,-0.17,-0.29,0.31,-0.94,-0.03,0.11,-0.78,-0.39,-0.12,-0.085,1
YER020W,0.21000001,0.05,-0.034999996,-0.12,-0.6,-0.08,-0.46,0.14,-0.55,0.54,-0.1,0.47,-0.29,-0.12,-0.12,0.11,-0.55,0.03,-0.95,0.55,-0.06,0.71,0.53999996,0
YER021W,-0.22,-0.25,0.29,0.83,-0.15,0.02,-0.31,0.01,-0.55,0.25,-0.23,0.06,-0.29,0.06,-0.71,0.28,-0.85,0.19,-0.11,0.43,-0.21,0.8,0.65,0
YER022W,0.22,0.16,0.044999998,-0.07,-0.16,-0.02,0.04,-0.05,-0.28,0.09,-0.2,0.04,0.21,0.13,-0.28,0.01,-0.49,-0.11,0.2,0.36,0.25,0.11,0.045,0
YER023W,-0.405,-0.34,0.19000001,0.72,0.32,0.14,-0.09,0.06,0.1,0.0,-0.02,0.17,0.19,0.01,-0.41,0.08,-0.39,0.13,0.41,-0.14,-0.09,0.04,0.005,0
YER024W,-0.26999998,-0.45,-0.565,-0.68,0.01,-0.19,0.1,-0.07,-0.19,-0.01,0.6,0.27,0.09,0.64,0.25,0.08,0.19,-0.41,0.46,0.03,0.95,-0.52,-0.39999998,0
YER025W,0.28,0.22,0.525,0.83,-0.08,0.14,0.03,0.05,-0.16,-0.05,0.01,-0.06,-0.32,-0.25,0.82,0.04,-0.77,-0.26,-0.1,-0.02,-0.34,0.08,-0.055,0
YER026C,-0.405,-0.08,0.11000001,0.3,0.5,0.39,0.35,0.2,2.13,0.22,-0.12,0.2,-0.11,-0.27,0.45,0.14,0.36,-0.04,-0.86,-0.69,0.12,-0.65,-0.6,0
YER027C,-0.009999998,0.1,0.35500002,0.61,-0.44,-0.13,-0.51,-0.13,-0.31,0.21,-0.17,0.37,-0.01,0.28,-0.48,0.32,-0.79,0.1,-0.17,0.07,-0.25,0.62,0.46,0
YER028C,0.71000004,0.18,0.135,0.09,-0.49,-0.08,0.24,0.02,0.0,0.11,-0.26,0.02,0.14,-0.28,-0.05,0.26,0.32,-0.28,-0.17,-0.45,0.11,-0.79,-0.765,0
YER029C,0.34,0.22,0.24,0.26,-0.55,0.15,-0.49,-0.06,-0.69,0.24,-0.53,0.31,-0.8,0.16,-0.44,0.39,-0.21,0.33,-0.36,0.45,-0.34,0.55,0.405,0
YER030W,0.185,0.2,0.205,0.21,-0.06,0.39,0.02,0.24,-1.23,-1.68,-0.21,0.29,-0.61,0.32,-0.24,0.39,-0.63,0.53,-0.78,-0.12,-0.16,0.78,0.76,0
YER031C,-0.005000001,0.04,0.045,0.05,-0.19,0.47,-0.19,0.54,-0.81,0.38,-0.48,0.34,-0.68,0.13,-0.76,0.34,-0.27,0.6,-0.45,0.22,-0.45,0.34,0.34,0
YER032W,0.015000001,0.2,0.415,0.63,0.83,0.56,0.28,-0.08,-0.19,-0.35,-0.25,-0.25,-0.51,0.56,0.3,0.39,-0.13,0.31,-0.03,-0.69,0.07,-0.23,-0.345,1
YER033C,0.12,-0.11,-0.14,-0.17,0.2,-0.12,0.35,0.19,0.05,0.06,-0.38,0.62,-0.41,-0.16,0.19,-0.39,0.1,-0.11,0.38,0.13,-0.01,-0.2,-0.14500001,0
YER034W,0.27499998,0.26,0.365,0.47,0.19,0.41,0.26,0.29,-0.56,0.16,-0.43,0.25,-0.94,-0.33,0.11,0.04,0.02,0.25,-0.48,-0.66,0.03,-0.12,-0.08,0
YER035W,-0.099999994,-0.08,-0.13499999,-0.19,0.2,-0.14,-0.51,-0.26,0.07,0.21,-0.47,-0.01,-0.36,-0.13,0.11,0.12,0.33,0.26,0.22,-0.03,0.37,-0.41,-0.08,0
YER036C,0.565,0.37,0.24000001,0.11,-0.01,0.32,0.41,0.34,-0.31,0.44,-0.19,0.02,-0.31,-0.09,-0.18,0.18,-0.37,0.17,-0.39,-1.23,-0.27,0.05,-0.09,0
YER037W,0.23499998,0.39,0.33499998,0.28,0.08,0.26,-0.17,0.4,-0.06,0.59,-0.22,0.39,-0.47,0.38,0.02,0.18,-0.17,0.41,-0.42,0.31,-0.12,-2.24,-1.205,0
YER038C,0.41,0.5,0.345,0.19,-0.33,0.13,0.33,0.4,-0.2,0.38,-0.23,0.18,-0.69,0.21,-0.42,0.19,-0.61,0.32,-0.73,-0.29,-0.09,0.13,0.004999999,0
YER039C,-0.21,-0.32,-0.11,0.1,0.5,-0.6,0.22,-0.3,0.18,-0.09,0.39,-0.34,0.33,-0.62,0.26,-0.7,0.59,-0.32,0.44,-0.16,1.09,-0.4,-0.14500001,0
YER040W,-0.020000001,-0.09,-0.015000002,0.06,-0.35,0.18,0.14,0.18,-0.5,0.4,-0.12,0.18,-0.62,0.17,0.12,0.11,-0.25,0.15,-0.35,-0.55,0.15,0.53,0.46499997,0
YER041W,0.215,0.11,-0.095000006,-0.3,0.03,-0.3,0.35,0.05,0.23,-0.05,-0.03,-0.13,-0.19,-0.1,0.72,-0.39,0.49,-0.45,0.13,-0.01,-0.19,-0.17,-0.085,0
YER042W,0.050000004,0.31,0.515,0.72,0.59,0.41,-0.12,-0.26,-0.49,-0.2,-0.45,0.21,-0.14,0.62,0.32,0.1,-0.18,0.03,-0.93,0.02,0.02,0.1,0.04,1
YER043C,-0.28,-0.2,0.52,1.24,0.78,0.3,-0.1,0.04,0.83,-0.01,0.37,0.08,0.38,-0.28,-0.44,-0.25,0.19,-0.29,0.5,-0.14,-0.19,-0.55,-0.695,0
YER045C,0.32,0.26,-0.03500001,-0.33,-0.76,-0.48,-0.9,-0.23,2.22,-0.09,-0.02,-0.01,0.03,-0.33,0.1,-0.36,-0.01,0.04,-0.12,0.52,0.14,0.09,0.055,0
YER047C,0.054999992,-0.15,-0.11,-0.07,-0.4,-0.14,0.18,0.27,-0.06,-0.01,-0.54,0.78,0.09,-0.1,-0.04,-0.32,0.07,-0.03,-0.12,0.29,0.51,-0.12,-0.205,0
YER049W,0.52,0.3,0.28500003,0.27,-0.1,0.56,-0.34,0.46,-0.17,0.15,-0.42,0.11,-0.45,0.02,-0.31,0.28,-0.04,0.12,-0.88,0.06,-0.45,-0.19,-0.275,0
YER050C,-0.114999995,-0.19,-0.44,-0.69,-0.4,-0.24,-0.13,0.09,-0.36,0.21,-0.32,0.25,-0.21,0.3,-0.61,0.04,-0.47,0.1,-0.36,0.62,-0.11,0.83,0.71,0
YER051W,0.13,0.15,-0.004999995,-0.16,-0.04,-0.24,0.17,0.09,0.0,-0.05,-0.34,0.49,0.03,-0.28,0.05,-0.28,0.17,0.01,-0.22,0.28,0.39,-0.02,-0.07,0
YER052C,-0.575,-0.62,-0.235,0.15,-0.06,-0.31,-0.02,-0.29,0.49,-0.01,0.15,0.05,0.45,-0.24,-0.2,-0.02,0.45,-0.12,0.83,-0.29,0.25,0.12,0.07,0
YER053C,-1.3900001,-1.21,-0.805,-0.4,-0.64,0.1,-1.45,0.3,-0.95,0.86,0.01,0.45,-0.18,0.34,0.47,0.1,-0.16,0.69,-0.25,-0.7,1.0,1.25,1.26,0
YER054C,-0.285,-0.37,-0.135,0.1,0.19,-0.43,0.22,0.0,-0.04,0.02,0.01,0.57,-0.12,-0.48,0.55,0.72,0.5,-0.44,0.51,-0.2,1.04,-0.53,-0.53999996,0
YER055C,0.015,0.02,-0.03,-0.08,-0.57,0.1,-0.48,0.12,0.1,0.31,-0.65,0.29,-0.28,0.3,0.87,0.16,-0.39,0.37,-0.06,-1.1,0.09,0.29,0.235,0
YER056C-A,0.16499999,0.22,0.42000002,0.62,0.37,0.08,0.25,0.28,-0.34,0.22,-0.01,0.23,-0.44,0.44,-0.4,-0.46,-0.7,0.13,-0.74,0.1,-0.25,-0.15,0.13,0
YER057C,-0.29500002,-0.22,-0.07,0.08,-0.49,0.35,-0.43,0.35,-0.29,0.48,0.15,0.38,-0.35,-0.04,0.3,0.25,0.15,0.48,-0.41,-1.13,0.72,0.21,0.13,0
YER059W,-0.030000001,-0.07,-0.085,-0.1,-0.1,0.19,-0.46,0.09,-0.22,0.45,-0.02,0.69,-0.19,0.21,-0.15,-0.13,-0.12,-0.17,-0.43,0.04,0.24,-0.03,0.11,0
YER060W,-0.35,-0.44,-0.29500002,-0.15,0.25,-0.15,0.11,-0.04,0.22,0.01,-0.02,0.03,0.11,0.49,0.33,-0.24,0.29,0.0,0.76,-0.87,0.47,-0.48,-0.35999998,0
YER060W-A,-0.575,-0.69,-0.114999995,0.46,0.32,-0.64,0.63,1.16,-0.37,0.08,0.33,-0.2,-0.25,0.12,0.1,-1.04,0.23,1.02,1.01,0.21,0.34,-1.32,-0.41500002,0
YER061C,-0.215,-0.33,-0.245,-0.16,0.03,-0.17,-0.33,0.08,0.02,0.25,-0.12,0.08,-0.33,0.16,0.14,-0.19,-0.19,-0.12,0.17,0.04,0.41,-0.02,0.105000004,0
YER062C,-0.045,-0.41,-0.054999992,0.3,0.0,0.57,-0.18,0.29,-0.54,0.28,-0.56,0.04,-0.94,0.35,-0.2,0.68,-0.15,0.56,-0.89,-0.96,-0.46,0.11,0.16499999,0
YER063W,-0.05,0.0,0.09,0.18,-0.03,-0.3,-0.55,-0.45,-0.37,0.0,-0.27,0.04,-0.17,0.29,0.06,-0.01,-0.01,0.06,-0.13,0.35,0.02,0.39,0.47,0
YER064C,0.225,0.42,0.355,0.29,0.23,0.34,0.06,0.2,-0.14,-0.04,-0.39,0.08,0.05,0.21,-0.08,0.06,-0.04,0.0,-0.55,0.17,-0.19,-0.3,-0.275,0
YER066W,-0.13,-0.01,-0.085,-0.16,0.56,-0.16,0.45,-0.2,0.47,-0.34,0.2,-0.21,0.46,-0.23,0.44,-0.16,0.34,-0.32,0.39,0.42,0.51,-1.08,-0.74,0
YER072W,-0.59000003,-0.57,-0.335,-0.1,0.2,0.26,0.22,0.22,0.53,0.18,0.01,0.23,0.32,0.08,0.14,0.13,0.48,0.36,-0.12,-0.47,0.22,-0.19,-0.29500002,0
YER073W,0.045,0.18,0.305,0.43,0.25,0.12,-0.04,0.18,0.06,-0.06,-0.24,0.08,-0.09,0.39,-0.57,0.22,-0.24,0.14,0.06,-0.01,-0.69,-0.01,-0.06,0
YER074W,0.18,0.21,0.14,0.07,0.28,0.11,0.3,0.09,0.19,0.09,-0.33,0.09,-0.02,-0.06,0.21,-0.41,0.02,0.24,-0.63,-0.28,0.08,-0.08,-0.16999999,0
YER075C,-0.080000006,-0.4,-0.025000006,0.35,-0.27,-0.01,0.1,0.05,0.14,0.19,-0.12,0.18,-0.27,0.0,-0.54,0.06,-0.01,-0.22,0.44,0.03,0.76,-0.23,-0.29500002,0
YER076C,0.010000002,0.09,0.1,0.11,0.12,0.14,-0.07,0.2,0.08,0.32,-0.01,-0.04,0.08,-0.02,-0.2,0.21,-0.28,0.08,-0.57,-1.11,0.38,0.15,0.09,0
YER077C,0.0,0.13,0.48,0.83,-0.01,0.36,-0.4,0.22,-0.5,0.24,-0.38,-0.09,-0.59,0.09,-0.13,0.62,-0.26,0.26,-0.22,-0.01,-0.22,0.2,0.155,0
YER083C,-0.125,-0.06,-0.024999999,0.01,0.22,0.23,0.06,0.14,0.16,-0.44,-0.12,0.39,0.08,0.02,-1.05,0.01,0.64,0.19,0.14,0.01,-0.05,-0.2,-0.155,0
YER086W,0.07,0.12,0.22500001,0.33,0.35,0.31,-0.05,-0.02,-0.01,0.07,0.12,0.16,-0.22,0.08,0.28,0.13,0.16,0.12,-0.21,-1.0,0.17,-0.27,-0.35500002,0
YER087C-A,-0.18,-0.06,0.215,0.49,0.66,0.0,0.22,-0.23,0.1,-0.07,-0.01,0.07,0.28,-0.09,0.25,-0.23,0.1,0.15,0.32,-0.55,0.38,-0.49,-0.52,0
YER087W,-0.11,-0.03,0.010000001,0.05,-0.11,0.19,-0.33,0.08,-0.12,0.12,-0.26,-0.22,-0.19,0.03,-0.09,-0.01,-0.03,0.09,-0.11,0.26,-0.14,0.29,0.35,0
YER088C,-0.030000001,0.14,0.43,0.72,-0.07,0.29,-0.03,0.12,0.09,0.2,-0.08,0.43,0.21,0.14,-0.67,0.07,-0.41,0.04,0.47,-0.17,-0.49,-0.14,-0.19999999,0
YER089C,0.099999994,0.12,0.11,0.1,0.39,-0.19,-0.05,0.05,0.2,-0.16,-0.06,-0.11,0.34,0.05,0.03,-0.42,0.3,-0.21,0.5,0.24,0.43,-0.61,-0.455,0
YER091C,-0.52,-0.29,0.315,0.92,0.74,-0.54,-1.36,-1.46,-0.64,0.03,0.51,0.76,1.08,0.77,0.74,-0.37,0.02,-0.77,-0.52,0.02,0.53,0.51,0.44,1
YER093C,0.015000001,-0.2,-0.225,-0.25,0.2,0.08,-0.11,0.13,-0.01,0.2,-0.13,0.14,0.27,0.14,-0.07,-0.04,-0.16,0.08,0.04,-0.06,0.42,-0.22,-0.16499999,0
YER095W,0.495,0.73,0.4,0.07,-0.05,-0.51,-0.75,-1.19,-0.66,0.49,1.02,1.34,1.09,0.51,0.52,-0.07,-0.2,-0.66,-0.8,-0.98,0.36,0.05,0.11,1
YER096W,1.065,1.13,0.575,0.02,-0.22,-0.41,-0.27,-0.12,0.02,-0.1,-0.22,-0.15,-0.07,0.08,-0.51,-0.22,-0.53,-0.44,0.57,-0.02,0.2,-0.24,-0.215,0
YER097W,-0.16499999,-0.22,-0.18,-0.14,0.22,0.07,0.51,-0.11,-0.59,-0.21,-0.22,-0.16,0.55,-0.12,0.24,-0.43,0.31,-0.45,0.36,0.0,1.65,-0.16,-0.265,0
YER098W,0.205,0.15,-0.034999996,-0.22,-0.5,-0.16,-0.05,-0.13,0.05,0.08,0.08,-0.09,0.12,0.26,-0.22,-0.23,-0.22,-0.46,0.54,0.54,-0.04,0.13,0.105,0
YER099C,0.315,0.27,0.34,0.41,-0.3,0.14,-0.26,0.28,-0.75,0.39,-0.21,0.12,-0.61,0.05,-0.02,0.35,-0.23,0.39,-0.63,-0.77,-0.13,0.27,0.20500001,0
YER100W,0.21000001,0.25,0.265,0.28,0.27,0.16,-0.46,0.07,-0.58,0.24,-0.29,0.07,-0.56,0.16,-0.84,0.32,-0.09,0.17,-0.22,-0.05,-0.36,0.49,0.405,0
YER101C,0.18,0.22,0.18,0.14,0.05,0.22,0.09,0.15,-0.23,0.05,-0.32,-0.06,-0.67,0.01,0.03,-0.06,-0.52,0.09,-0.29,-0.38,0.21,0.41,0.34,0
YER102W,-0.019999996,0.17,0.16,0.15,0.55,0.34,-0.35,0.28,0.24,0.18,0.18,0.18,-0.15,0.2,-0.99,-0.06,-0.03,0.15,0.04,0.21,-0.49,-0.03,0.010000001,0
YER103W,-0.84499997,-1.06,-0.655,-0.25,-0.86,-0.25,-0.8,-0.52,-0.74,-0.43,-0.92,-0.68,-0.86,-0.38,-0.25,0.77,-0.47,1.13,0.83,0.57,1.33,1.55,1.45,0
YER104W,0.12,0.11,0.17,0.23,0.29,0.11,-0.47,-0.05,0.11,0.06,-0.31,0.19,-0.25,0.13,0.12,0.15,0.11,0.19,0.22,-0.31,-0.08,-0.35,-0.145,0
YER105C,0.05,-0.04,0.005000001,0.05,0.43,0.21,-0.01,0.37,0.14,0.15,-0.04,-0.08,-0.28,0.07,0.05,-0.08,-0.24,-0.11,0.08,-0.57,0.13,-0.13,-0.185,0
YER106W,-0.089999996,-0.21,-0.245,-0.28,0.35,-0.1,0.41,-0.32,0.19,0.1,0.22,-0.47,-0.16,0.14,0.48,-0.26,0.58,-0.43,0.16,-0.13,0.83,-0.43,-0.35500002,0
YER107C,0.41500002,0.36,-0.16,-0.68,-0.03,0.33,-0.01,0.33,-0.16,0.46,-0.24,0.16,-0.58,0.1,-0.13,0.16,-0.79,0.32,-0.3,-0.65,-0.28,0.35,0.2,0
YER108C,0.33499998,0.51,0.32999998,0.15,0.46,0.16,-0.24,-0.24,-0.31,0.07,-0.12,-0.26,-0.19,0.33,-0.08,0.01,0.0,0.02,-0.11,-0.02,0.18,-0.08,-0.14,0
YER109C,0.46,0.43,0.425,0.42,0.1,0.24,-0.22,0.17,-0.48,0.29,-0.09,0.13,-0.66,0.22,0.0,0.36,-0.42,0.15,-0.29,-0.76,-0.4,0.04,-0.025000002,0
YER110C,0.21000001,0.24,0.35,0.46,0.86,0.47,0.19,0.43,0.62,-0.13,-0.06,-0.38,-0.3,-0.23,-0.55,-0.11,0.42,0.05,0.83,-0.69,-0.08,-0.78,-0.735,0
YER111C,0.305,0.16,0.12,0.08,-0.42,0.03,0.01,0.01,-0.04,0.59,0.13,0.22,-0.24,0.17,-0.49,-0.14,-0.59,-0.04,-0.47,-0.49,0.01,0.3,0.3,1
YER112W,0.25,0.19,0.06,-0.07,-0.02,-0.18,-0.22,-0.05,-0.34,0.2,-0.09,0.29,-0.15,0.44,-0.8,-0.13,-0.61,-0.1,0.02,0.67,-0.38,0.37,0.19,0
YER113C,-0.099999994,-0.13,0.595,1.32,0.52,-0.72,0.61,-0.15,0.39,-0.21,0.35,-0.31,-0.09,-0.03,0.45,-0.63,-0.22,-0.38,0.59,0.56,0.53,-1.04,-0.80499995,0
YER114C,-0.049999997,-0.12,-0.004999999,0.11,0.79,-0.5,0.4,-0.34,0.02,-0.24,0.1,0.64,0.34,0.51,-0.19,-0.46,0.36,-0.3,0.4,0.35,0.29,-0.69,-0.69,0
YER115C,-0.060000002,-0.02,-0.03,-0.04,0.51,-0.56,0.75,-0.18,0.3,-1.76,0.56,-0.01,0.23,0.74,0.44,-0.48,-0.05,-0.18,0.44,0.42,0.73,-0.71,-0.41,0
YER116C,-0.025000002,-0.17,-0.020000003,0.13,0.53,-0.06,0.1,-0.04,0.13,-2.75,0.01,0.22,0.46,0.48,0.41,-0.34,-0.08,-0.62,0.59,0.63,0.75,-0.26,-0.24,0
YER117W,-0.120000005,-0.07,-0.07,-0.07,0.56,-0.39,0.5,-0.02,0.36,-0.39,0.3,-0.04,0.15,0.46,0.62,-0.52,-0.08,-0.1,0.31,0.52,0.3,-0.7,-0.61,0
YER118C,0.32500002,0.54,0.425,0.31,0.75,-0.22,0.14,-0.41,-0.75,-0.12,0.49,0.59,0.67,0.46,-0.2,-0.26,-0.43,-0.31,-0.1,-0.24,-0.15,-0.35,-0.305,1
YER119C,-0.71500003,-0.56,-0.29,-0.02,0.45,-0.42,0.12,-0.45,0.19,-0.37,0.17,0.05,0.43,0.26,1.04,-0.34,0.06,-0.1,0.78,0.14,0.73,-0.38,-0.26,0
YER119C-A,-0.1,-0.03,0.27,0.57,0.46,-0.09,0.32,-0.07,-0.12,-0.86,0.01,0.22,0.21,0.15,0.17,-0.25,-0.19,-0.14,0.38,-0.67,0.44,-0.23,-0.14,0
YER120W,-0.205,-0.1,0.21,0.52,0.62,0.39,0.15,0.02,-0.57,-0.19,-0.25,0.08,-0.02,0.13,-0.44,0.36,-0.25,0.38,0.31,-0.15,-0.31,-0.02,-0.085,0
YER122C,-0.024999999,0.2,0.295,0.39,0.53,-0.08,0.06,-0.16,-0.57,-0.19,-0.43,0.18,-0.01,0.87,-0.05,0.09,-0.32,-0.17,0.02,0.54,-0.23,-0.25,-0.185,0
YER124C,0.57,0.09,-0.54499996,-1.18,0.22,-0.96,-1.33,-4.08,-1.13,1.1,1.98,1.68,1.35,0.95,0.22,-1.04,-0.13,-1.13,-0.25,-0.28,0.67,1.44,1.37,1
YER126C,0.62,0.49,0.26,0.03,0.09,0.15,0.26,0.05,-0.3,0.15,-0.22,0.03,-0.11,-0.27,-0.49,-0.02,-0.28,0.01,-0.32,-0.05,-0.49,0.13,-0.07000001,0
YER134C,-0.375,-0.28,-0.265,-0.25,0.14,0.02,0.56,-0.34,-0.43,-0.16,-0.25,0.25,0.2,0.13,0.45,-0.13,0.18,-0.08,0.5,-0.16,0.41,-0.1,0.014999997,0
YER138C,0.185,-0.26,-0.13,0.0,0.15,-0.15,0.32,-0.02,-0.3,-0.6,0.21,0.1,0.17,0.23,0.21,-0.24,-0.22,-1.87,0.32,1.06,0.43,0.08,-0.024999999,0
YER141W,-1.59,-1.46,-0.62,0.22,0.39,-0.49,0.22,-0.44,0.18,-0.19,0.37,0.02,0.65,-0.01,1.15,-0.15,0.33,-0.01,1.06,0.41,1.02,-0.01,-0.085,0
YER142C,-0.37,-0.41,-0.45,-0.49,0.23,-0.58,0.12,-0.24,0.01,-0.2,-0.02,-0.37,0.22,-0.17,-0.01,0.02,-0.12,0.02,0.43,0.66,0.49,-0.2,0.13999999,0
YER143W,-0.22,-0.32,-0.17,-0.02,-0.02,-0.63,0.26,-0.35,-0.63,-0.34,0.28,-0.3,0.24,-0.22,0.45,-0.25,0.23,0.03,0.38,0.73,0.71,0.27,0.14,0
YER144C,0.465,0.85,0.61,0.37,0.28,0.32,-0.3,0.1,-0.48,0.19,0.09,0.5,-0.44,0.41,-0.57,0.1,-1.01,-0.08,-0.22,-0.48,-0.42,0.15,0.14,0
YER145C,-1.52,-1.63,-1.435,-1.24,-0.34,-0.21,0.88,0.7,0.65,0.17,0.46,0.2,0.3,-0.09,0.92,-0.66,0.83,0.61,0.85,0.72,0.89,-0.17,-0.365,1
YER146W,0.365,0.28,0.07,-0.14,0.22,-0.55,-0.66,-0.51,0.04,-0.43,0.25,0.4,0.19,0.64,0.04,-0.66,-0.39,-0.31,0.07,0.34,0.45,-0.13,-0.13499999,0
YER148W,0.45,0.47,0.275,0.08,-0.23,0.3,-0.05,0.23,-0.52,0.32,-0.44,0.21,-0.46,0.26,-1.09,0.3,-0.54,0.39,-0.74,0.06,-0.68,0.46,0.335,0
YER150W,-0.099999994,-0.42,-0.51,-0.6,0.13,-0.3,0.43,0.17,0.79,0.46,0.41,-0.45,0.22,-0.52,-0.21,-0.94,0.27,-0.61,0.27,0.01,0.98,-0.06,-0.13499999,1
YER152C,0.004999995,0.38,0.275,0.17,0.0,0.03,-0.39,-0.21,-0.32,0.52,0.02,0.95,0.32,0.65,-0.65,0.2,-0.28,-0.04,-0.41,-0.48,-0.36,0.35,0.295,1
YER154W,-0.114999995,-0.24,-0.16,-0.08,-0.13,0.29,-0.06,0.47,-0.14,0.73,-0.08,0.66,-0.24,0.17,-1.33,0.14,-0.67,0.27,-0.67,0.01,-0.5,0.53,0.445,0
YER156C,0.565,0.49,0.375,0.26,0.06,0.38,0.1,0.33,-0.21,0.5,-0.31,0.3,-0.56,0.05,-1.11,0.29,-0.33,0.37,-0.7,-0.42,-0.51,0.25,0.08,0
YER158C,0.35000002,-0.15,-0.165,-0.18,-0.34,-0.06,0.34,0.32,0.44,0.47,0.39,0.08,-0.08,-0.68,-0.46,-0.34,0.0,-0.3,0.07,-0.49,0.07,0.03,-0.1,0
YER159C,0.22999999,0.14,-0.049999997,-0.24,-0.26,-0.2,0.13,0.02,-0.38,-0.01,0.07,-0.09,-0.24,-0.01,-0.07,-0.19,-0.78,0.18,-0.33,1.4,-0.1,0.34,0.125,0
YER160C,0.19,0.19,0.425,0.66,-1.01,0.45,0.28,0.54,-0.83,0.68,-0.3,0.3,-0.69,0.41,-0.19,0.26,-0.41,0.21,-0.98,-0.45,-0.52,0.3,0.32,0
YER166W,-0.055,-0.2,0.27,0.74,0.28,-0.18,-0.15,-0.17,-0.25,-0.14,-0.25,0.32,0.09,0.06,0.45,-0.31,0.15,-0.25,0.45,-0.06,0.1,-0.31,-0.14,0
YER169W,-0.08,-0.17,-0.215,-0.26,0.46,-0.8,0.69,-0.02,0.28,-0.58,0.43,0.56,-0.02,-0.06,0.49,-0.26,0.3,-0.12,0.25,0.31,0.71,-0.72,-0.70500004,0
YER170W,0.004999995,0.16,0.049999997,-0.06,-0.03,-0.89,-0.12,-0.17,-0.09,-0.42,0.39,0.8,0.65,0.28,0.31,-0.46,0.07,-0.5,-0.03,0.09,0.7,0.17,-0.105,1
YER172C,-0.085,-0.19,-0.04,0.11,-0.04,0.17,0.2,0.17,-0.98,0.2,-0.07,0.01,-0.02,0.45,-0.16,0.11,-0.36,-0.1,0.26,-0.1,0.17,-0.12,0.065,0
YER174C,0.19,0.34,0.235,0.13,0.32,-0.02,-0.02,-0.14,0.16,0.05,-0.17,0.29,0.2,-0.04,-0.23,-0.3,0.23,-0.12,0.11,-0.35,0.2,-0.37,-0.245,0
YER175C,-0.26,-0.33,-0.33,-0.33,-0.22,-0.24,0.24,-0.22,-0.26,-0.21,0.14,0.22,-0.04,-0.15,0.75,-0.24,0.1,0.06,0.44,0.24,0.74,-0.06,-0.044999998,0
YER178W,-0.405,-0.33,-0.215,-0.1,0.38,0.13,0.3,0.03,0.19,-0.02,0.0,0.05,0.18,-0.13,-0.23,-0.04,-0.46,0.16,0.62,-0.23,0.32,-0.09,-0.055,0
YER180C,0.135,0.04,0.135,0.23,-0.06,0.16,0.16,0.14,-0.26,0.11,-0.44,-0.22,0.04,0.2,-0.62,0.14,-0.18,0.04,-0.1,0.28,-0.06,0.01,-0.074999996,0
YER181C,0.93999994,1.06,0.59,0.12,-0.37,-0.01,0.1,-0.1,-0.43,0.33,-0.13,-1.55,-0.26,0.31,-0.49,0.1,-0.1,0.12,-0.23,-0.06,0.57,-0.08,-0.225,0
YER183C,0.185,0.21,0.114999995,0.02,-0.05,0.26,-0.39,0.24,-0.13,0.08,-0.21,-0.06,-0.08,0.02,-0.24,0.08,0.22,0.17,-0.17,-0.53,0.33,0.19,-0.08,0
YER184C,0.2,0.28,0.09,-0.1,0.5,-0.15,0.13,0.09,0.42,-0.13,0.16,-0.07,0.16,0.06,-0.23,-0.1,0.1,-0.38,0.13,-0.04,0.2,-0.27,-0.345,0
YER189W,0.030000001,-0.62,-0.595,-0.57,-0.3,-0.86,-0.5,-0.17,0.36,1.18,1.13,0.76,0.77,0.07,0.17,-0.95,-0.41,-0.95,-0.19,0.21,0.59,0.14,0.02,1
YER190W,0.34,-0.03,-0.18,-0.33,-0.66,-0.48,-0.71,0.07,0.15,1.26,1.07,0.88,0.59,0.26,-1.04,-0.39,-1.39,-0.41,-0.27,-0.08,0.12,0.25,0.215,1
YFL001W,0.63,0.31,0.195,0.08,0.02,0.02,-0.01,-0.05,-0.37,0.45,0.0,-0.05,-0.62,-0.19,-0.29,0.04,-0.12,0.1,-0.62,-0.81,0.08,0.14,0.065,0
YFL002C,0.595,0.38,0.41,0.44,0.01,0.28,-0.12,0.16,-0.35,0.4,-0.28,0.06,-0.35,0.03,-0.95,0.44,-0.85,0.21,-0.39,-0.12,-0.62,0.19,-0.024999999,0
YFL004W,0.07,0.14,0.14,0.14,0.0,0.35,0.13,0.24,-0.18,0.21,-0.2,0.0,-0.25,0.16,-0.93,0.38,-0.55,0.21,-0.25,0.37,-0.44,0.49,0.315,0
YFL005W,-0.09,-0.09,0.04,0.17,0.06,0.25,0.16,0.02,-0.09,0.05,-0.11,0.4,-0.16,0.19,-0.03,0.2,-0.3,0.03,0.05,-0.38,0.13,-0.48,-0.205,0
YFL006W,0.23499998,-0.12,-0.19500001,-0.27,0.14,-0.07,1.04,0.0,0.13,0.11,-0.07,-0.25,-0.16,-0.68,-0.44,-0.27,-0.1,-0.35,0.21,0.4,0.74,-0.29,-0.25,1
YFL007W,0.19000001,0.02,0.51,1.0,-0.7,0.04,-0.24,0.05,-0.28,0.16,0.41,-0.04,-0.08,0.02,-0.44,-0.03,-0.24,0.31,-0.11,0.07,-0.16,-0.04,0.015000001,0
YFL009W,0.01,-0.05,-0.025,0.0,0.19,0.08,0.4,-0.22,0.26,-0.3,0.08,0.49,0.19,0.0,0.28,-0.28,0.08,-0.26,0.22,-0.22,0.75,-0.58,-0.41,0
YFL010C,0.235,0.35,0.38,0.41,-0.18,0.32,-0.42,0.12,-0.71,0.11,-0.37,0.24,-0.33,0.28,-0.16,-0.23,-0.33,0.41,-0.16,-0.07,-0.12,0.06,0.24,0
YFL011W,-0.125,0.02,-0.44,-0.9,0.53,-1.09,1.16,-0.25,1.86,0.04,1.05,-0.35,0.67,-0.36,0.49,-0.86,0.38,-0.49,1.51,-0.38,0.94,-0.97,-1.0550001,1
YFL013C,0.26,0.27,0.16000001,0.05,-0.17,-0.04,0.66,-0.72,-0.67,0.21,-0.28,0.28,-0.3,0.06,-0.17,0.12,-0.31,-0.21,-0.01,0.5,0.41,0.02,-0.075,0
YFL014W,1.12,0.71,0.505,0.3,-0.21,-0.25,-0.63,-0.42,-0.86,-0.96,-0.94,-0.71,-0.94,-0.62,-0.18,-0.4,-0.61,0.22,-0.27,0.17,0.07,0.82,0.72,0
YFL016C,-1.145,-1.11,-0.94,-0.77,-0.38,-0.85,-0.34,-0.82,-0.4,-0.32,-0.38,-0.28,-0.18,-0.36,0.8,0.6,0.75,0.73,0.93,1.42,1.09,0.82,0.65999997,0
YFL018C,-0.45499998,-0.33,-0.185,-0.04,0.22,-0.14,0.08,-0.15,-0.22,-0.14,-0.11,-0.17,-0.33,-0.1,0.47,-0.15,-0.01,-0.03,0.37,1.09,0.37,0.11,0.05,0
YFL019C,-0.26,-0.34,-0.11,0.12,0.12,0.05,0.31,0.04,0.4,0.01,-0.09,-0.29,0.25,-0.12,0.15,-0.06,0.22,-0.18,0.34,-0.07,0.85,-0.32,-0.375,0
YFL020C,0.15,-0.14,-0.36499998,-0.59,0.44,-0.72,0.38,-0.72,0.56,-0.35,0.47,-0.22,0.13,-0.51,0.86,-0.19,0.0,-0.07,0.34,0.21,0.42,-0.31,-0.55,0
YFL021W,-0.365,-0.4,-0.44,-0.48,0.08,-0.45,-0.02,-0.41,0.5,0.23,0.75,0.38,0.79,0.02,0.27,-0.4,0.18,-0.35,0.7,0.19,0.21,-0.25,-0.15,0
YFL022C,0.33,0.23,0.14,0.05,0.14,-0.07,0.24,-0.02,-0.28,0.17,0.22,0.03,0.05,-0.07,0.33,-0.22,-0.99,0.03,0.23,0.88,0.14,0.05,-0.105,0
YFL023W,0.375,0.21,0.19,0.17,-0.17,-0.02,-0.1,0.05,0.01,0.11,0.02,-0.1,0.1,0.08,-0.49,0.23,-0.41,-0.05,0.25,0.1,-0.33,-0.04,-0.38000003,0
YFL024C,0.114999995,0.07,-0.095,-0.26,-0.05,0.09,-0.02,0.18,-0.19,0.27,-0.19,0.12,-0.36,-0.15,-0.19,-0.26,0.12,-0.23,0.24,0.48,0.38,-0.07,-0.16499999,0
YFL025C,0.060000002,0.31,0.07,-0.17,0.67,-0.38,0.11,-0.32,0.4,-0.36,0.36,0.14,0.76,0.16,0.42,-0.28,0.2,-0.34,0.53,-0.34,0.35,-0.53,-0.47499996,0
YFL026W,-0.12,-0.26,-0.47,-0.68,0.08,-0.47,0.2,-0.16,-0.19,-0.26,-0.22,-0.59,-0.08,-0.61,0.63,-0.4,0.42,-0.26,0.95,0.4,1.3,0.16,0.18,1
YFL027C,0.27,0.17,-0.255,-0.68,0.13,-0.02,0.75,-0.97,0.07,0.03,0.19,-0.13,0.19,-0.3,0.09,-0.25,0.13,-0.19,0.22,0.74,0.68,0.14,0.14500001,0
YFL028C,0.25,0.26,0.03999999,-0.18,-0.5,0.08,0.11,0.18,-0.67,0.27,-0.31,-0.41,-0.28,0.03,0.22,0.1,-0.5,0.11,0.01,-0.22,0.28,0.35,0.31,0
YFL029C,-0.065,0.11,0.015000001,-0.08,-0.17,-0.06,0.13,0.17,-0.14,0.37,-0.41,-0.06,-0.35,-0.26,0.17,-0.02,-0.05,0.14,-0.26,-0.31,0.43,0.55,0.485,0
YFL030W,-0.21000001,-0.15,-0.105000004,-0.06,0.17,0.13,0.53,-0.17,-0.02,-0.34,0.05,-0.35,0.08,-0.3,0.51,-0.09,0.45,-0.18,0.9,-0.08,0.19,-0.25,-0.24000001,0
YFL031W,-0.115,-0.08,0.045,0.17,0.79,0.47,0.57,-0.18,0.93,0.15,0.35,0.03,0.33,-0.3,-0.29,-0.12,-0.06,-0.11,0.14,-0.24,-0.08,-0.62,-0.74,0
YFL032W,0.07,0.09,0.155,0.22,0.43,0.4,0.61,0.27,0.38,0.27,0.15,0.13,0.18,-0.15,-0.11,-0.24,0.01,-0.2,0.36,-0.87,0.09,-0.48,-0.57,0
YFL033C,-0.24,-0.22,0.065,0.35,0.07,-0.11,0.07,-0.08,-0.33,0.14,0.27,0.06,-0.02,0.03,-0.16,-0.11,0.11,0.5,-0.89,0.24,0.45,0.04,0.105000004,0
YFL034C-B,0.13,0.09,0.1,0.11,-0.04,0.12,0.01,-0.23,-0.24,0.09,-0.28,-0.01,-0.21,-0.26,0.14,-0.02,-0.41,0.01,-0.3,0.59,0.11,0.22,0.105,0
YFL035C-B,-0.044999998,0.1,0.1,0.1,0.57,0.22,0.54,-0.21,0.02,-0.1,-0.14,-0.23,0.22,0.22,-0.46,-0.46,0.06,0.17,-0.57,-0.17,0.19,-0.12,0.114999995,0
YFL036W,-0.020000003,-0.28,-0.305,-0.33,-0.41,0.11,-0.02,0.28,0.4,0.39,0.0,0.1,-0.35,0.0,-0.52,0.16,-0.52,0.16,0.02,-0.35,-0.28,0.53,0.44,0
YFL037W,-0.435,-0.08,0.28,0.64,0.92,0.75,0.6,-0.17,0.11,-0.63,-0.82,-0.08,-0.58,0.27,-0.07,0.63,0.06,0.6,0.2,0.0,-0.1,-0.42,-0.345,1
YFL038C,0.245,0.21,0.099999994,-0.01,-0.08,-0.11,-0.2,-0.03,-0.54,0.04,-0.32,0.22,-0.36,0.35,-0.12,0.03,-1.35,0.21,-0.43,1.14,-0.44,0.42,0.39,0
YFL039C,-0.625,-0.57,-0.435,-0.3,0.39,-0.38,0.33,-0.41,0.74,-0.29,0.27,-0.23,0.37,-0.45,0.45,-0.41,0.86,-0.19,1.66,-0.08,0.91,-0.59,-0.54999995,0
YFL041W,-0.64,-0.59,-0.475,-0.36,0.17,-0.28,0.43,-0.04,0.59,-0.11,0.15,-0.14,0.22,-0.26,0.46,-0.43,0.78,-0.27,1.28,0.35,0.67,-0.41,-0.45999998,0
YFL042C,-0.095,-0.21,-0.45999998,-0.71,0.15,-0.56,0.34,-0.28,0.29,-0.26,0.08,-0.02,-0.03,-0.3,0.63,-0.58,0.37,-0.4,0.4,0.94,0.72,0.01,-0.035,0
YFL044C,-0.29500002,-0.5,-0.63,-0.76,0.05,-0.6,0.34,-0.3,0.06,-0.07,0.27,0.11,0.06,-0.36,0.08,-0.45,0.39,-0.2,0.68,0.92,0.53,-0.13,-0.13,1
YFL045C,-0.35500002,-0.09,0.024999999,0.14,0.87,-0.25,0.41,-0.73,0.49,-0.67,0.3,-0.04,0.9,0.11,0.76,-0.08,0.98,-0.19,0.71,-0.19,-0.03,-0.78,-0.735,0
YFL046W,0.145,0.21,0.054999996,-0.1,-0.04,-0.42,0.22,-0.29,-0.52,-0.46,-0.01,-0.1,0.43,0.44,0.29,-0.17,0.43,-0.13,0.19,0.69,0.32,-0.18,-0.36,0
YFL047W,-0.205,-0.13,-0.245,-0.36,-0.32,-0.52,0.06,-0.22,0.19,-0.11,-0.06,-0.36,0.09,-0.22,-0.16,-0.45,0.26,-0.28,0.72,0.89,0.32,0.52,0.45999998,0
YFL048C,0.0,0.03,-0.024999999,-0.08,-0.55,-0.16,0.19,-0.05,-0.08,-0.02,-0.02,0.07,0.0,-0.21,0.15,-0.19,0.01,-0.06,-0.02,0.6,-0.05,0.24,0.089999996,0
YFL049W,0.115,0.14,0.0,-0.14,-0.23,-0.14,0.1,0.06,0.04,-0.11,-0.12,-0.26,-0.08,-0.14,0.06,-0.14,0.14,-0.18,0.17,0.38,-0.35,0.3,0.19,0
YFL050C,0.21499999,0.01,-0.17,-0.35,-0.26,0.04,0.21,0.14,0.3,0.4,0.16,-0.28,-0.22,-0.17,-0.33,0.35,-0.37,-0.19,0.33,-0.15,-0.13,0.25,0.049999997,0
YFL051C,-0.074999996,-0.32,-0.505,-0.69,0.48,-0.45,0.81,-1.1,0.95,-0.2,-0.27,-0.84,0.16,-0.65,0.35,-0.52,0.36,-0.54,0.92,0.81,1.21,-0.72,-0.58500004,0
YFL052W,-0.09,-0.36,-0.405,-0.45,0.02,-0.27,0.25,0.05,0.27,0.15,0.24,-0.44,-0.13,-0.35,0.09,-0.01,0.23,-0.12,0.5,0.15,0.52,0.05,0.035,0
YFL053W,-0.120000005,0.06,-0.365,-0.79,0.14,-0.62,0.11,-0.89,2.11,-0.18,0.43,-0.08,0.03,-0.03,0.18,-0.46,0.24,-0.54,0.56,0.34,0.69,-0.39,-0.285,0
YFL054C,-0.17,-0.24,-0.35999998,-0.48,0.29,-0.36,0.46,-0.09,0.6,-0.07,0.21,-0.4,0.43,-0.26,0.45,-0.19,-0.07,-0.38,0.32,-0.04,0.76,-0.09,-0.05,0
YFL055W,0.035,-0.01,-0.21,-0.41,0.53,-0.51,0.64,-0.86,0.4,-0.23,0.18,-0.23,0.12,-0.29,0.3,-0.45,0.51,-0.29,0.69,0.34,0.67,-0.51,-0.435,0
YFL057C,0.0,0.12,0.0,-0.12,0.07,-0.01,0.32,-0.02,0.24,0.04,0.12,0.07,-0.01,-0.15,0.02,-0.22,0.45,-0.12,0.17,-1.0,0.73,-0.01,-0.105000004,0
YFL059W,0.24,0.13,-0.29,-0.71,0.19,-0.33,-0.05,-0.6,-0.06,0.03,0.1,0.18,0.02,0.24,0.12,-0.28,0.07,-0.32,0.35,-0.12,0.47,0.06,0.04,0
YFL060C,0.39,0.43,0.185,-0.06,0.01,-0.5,-0.06,-0.23,-0.2,0.13,0.32,0.37,0.32,-0.18,0.41,0.15,0.07,-0.25,-0.18,-0.37,0.38,-0.01,-0.11,1
YFL061W,0.034999996,-0.17,-0.435,-0.7,0.13,-0.65,0.32,-0.55,0.39,-0.17,0.3,-0.21,0.21,-0.01,0.39,-0.62,0.75,-0.39,0.83,0.19,0.72,-0.23,-0.15,0
YFL062W,-0.21,-0.13,-0.69,-1.25,0.78,-0.63,-0.66,-0.58,0.57,-0.21,0.75,0.13,1.04,0.14,0.7,-0.42,0.61,-0.54,0.36,0.18,0.57,-0.3,-0.375,0
YFL064C,0.24499999,-0.34,-0.53000003,-0.72,-0.3,-0.87,-1.06,-0.18,0.44,1.41,1.43,0.79,0.83,0.18,-0.01,-0.87,-0.08,-0.81,-0.28,0.75,0.65,0.25,-0.78,1
YFR002W,0.035000004,-0.2,-0.27,-0.34,0.19,-0.25,0.47,-0.34,0.4,0.67,0.14,0.08,0.1,-2.34,0.23,-0.44,0.18,-0.38,0.29,1.08,0.17,0.14,0.09,1
YFR003C,-0.435,-0.37,-0.345,-0.32,-0.15,-0.5,-0.43,-0.58,-0.09,-0.13,-0.17,-0.15,0.01,0.04,0.01,-0.15,0.18,0.14,0.4,1.11,0.56,0.6,0.55,0
YFR004W,-0.114999995,-0.21,-0.145,-0.08,0.05,-0.24,-0.06,-0.33,-0.91,-0.03,-0.14,-0.24,-0.26,0.01,0.38,0.04,0.17,-0.28,0.07,0.86,0.22,0.59,0.40499997,0
YFR008W,0.335,0.3,0.255,0.21,0.21,0.36,-0.02,0.12,-0.53,0.25,-0.33,0.09,-0.18,0.31,-0.83,0.24,-0.2,0.09,-0.53,-0.18,-0.59,0.14,0.115,0
YFR009W,0.14,0.01,-0.01,-0.03,0.0,0.02,0.0,-0.08,-0.18,0.27,-0.11,-0.06,-0.23,-0.18,-0.59,0.02,0.19,-0.09,0.22,0.66,-0.18,0.07,-0.040000003,0
YFR011C,-0.045,0.06,-0.255,-0.57,-0.27,-0.04,-0.21,0.0,-0.34,0.24,-0.4,-0.02,-0.35,-0.14,-0.55,0.04,-0.24,0.32,-0.02,1.14,-0.34,0.65,0.58,0
YFR013W,0.26,0.31,0.135,-0.04,-0.14,0.06,0.03,-0.06,-0.24,0.15,-0.26,-0.08,-0.16,-0.18,-0.79,0.01,0.1,-0.08,0.22,0.72,0.18,0.16,0.009999998,0
YFR015C,-0.905,-0.84,-0.75,-0.66,-0.27,-0.69,-0.26,-0.39,0.02,0.04,-0.19,-0.29,0.09,-0.25,-0.93,-0.57,-0.13,0.25,0.59,1.64,0.93,1.16,1.22,1
YFR017C,-0.11,-0.17,-0.75,-1.33,0.15,-0.46,0.05,0.18,0.07,0.05,-0.01,-0.12,0.1,-0.38,0.09,-0.42,0.25,-0.4,0.6,0.75,0.78,0.31,0.42,0
YFR018C,0.255,0.35,0.325,0.3,0.7,-0.13,0.27,-0.1,-0.06,-0.07,-0.02,0.21,0.39,-0.13,-0.34,-0.34,0.14,-0.39,0.4,-0.03,-0.14,-0.53,-0.45,0
YFR020W,-0.43,-0.49,-0.5,-0.51,0.58,-0.39,0.71,-0.28,0.25,-0.21,0.36,-0.09,0.5,-0.26,0.85,-0.63,0.76,-0.24,0.78,0.41,0.98,-0.6,-0.70000005,0
YFR024C-A,-0.57500005,-0.6,-0.445,-0.29,-0.18,-0.18,-0.09,-0.05,0.15,-0.07,-0.18,0.15,-0.16,-0.1,0.09,-0.29,0.29,-0.19,0.65,0.25,0.53,0.23,0.325,0
YFR031C-A,-0.074999996,0.06,0.165,0.27,0.12,0.45,0.45,0.38,-0.59,0.34,0.3,0.3,0.05,0.15,-0.21,-0.43,-0.12,0.35,-0.17,-0.34,0.21,-0.28,-0.275,0
YFR032C,0.050000004,-0.13,-0.15,-0.17,0.14,0.11,0.02,-0.15,-0.1,-0.13,-0.25,-0.17,-0.13,-0.46,0.01,-0.25,-0.2,-0.01,0.33,0.58,0.29,0.24,0.17999999,0
YFR034C,0.4,0.56,0.425,0.29,-0.36,0.15,-0.36,-0.09,-0.29,0.36,-0.2,0.39,-0.44,0.15,0.01,-0.03,0.03,0.15,-0.61,-0.58,-0.03,0.45,0.295,0
YFR036W,0.48499998,0.38,0.065,-0.25,-0.23,-0.31,-0.45,0.03,-0.65,0.3,-0.4,0.03,-0.45,-0.82,-0.01,-0.06,0.24,0.08,0.21,0.55,-0.01,0.08,0.14,0
YFR037C,0.495,0.57,0.48,0.39,-0.24,0.54,-0.48,0.29,-1.1,0.42,-0.63,0.33,-0.48,0.31,-0.98,0.51,-0.48,0.28,-1.02,-0.39,-0.76,0.79,0.6,0
YFR038W,0.3,0.37,0.075,-0.22,-0.13,-0.14,-0.58,0.14,-0.32,0.19,0.06,0.41,0.03,0.22,-0.05,-0.16,0.28,-0.24,0.29,0.3,-0.07,-0.3,-0.215,0
YFR040W,0.145,0.1,0.09,0.08,-0.06,0.12,0.07,0.19,-0.6,0.11,0.04,-0.14,-0.43,0.42,-0.38,0.27,0.05,0.18,-0.53,0.14,-0.19,0.17,0.120000005,0
YFR041C,0.06999999,0.26,0.089999996,-0.08,-0.18,-0.52,0.26,-0.18,-0.25,-0.08,-0.04,0.24,0.09,0.81,0.13,0.06,-0.41,0.06,-0.36,0.41,-0.16,0.16,0.08,0
YFR042W,-0.47,-0.2,-0.255,-0.31,0.4,0.01,0.32,-0.12,-0.17,-0.12,0.37,0.1,0.54,0.01,0.1,-0.35,0.37,0.02,1.07,-0.12,0.58,-0.37,-0.41,0
YFR043C,-0.1,0.08,0.13,0.18,0.03,-0.13,0.44,0.07,0.07,-0.41,0.05,-0.04,0.19,-0.31,0.45,-0.07,-0.26,0.11,0.21,-0.06,0.32,-0.2,-0.17500001,0
YFR044C,-0.53999996,-0.52,-0.265,-0.01,0.35,-0.5,0.03,-0.08,-0.25,-0.1,0.34,0.08,0.43,-0.03,-0.01,0.03,0.25,0.04,1.05,-0.25,0.57,-0.14,-0.15,0
YFR045W,-0.4,-0.36,0.049999997,0.46,-0.18,-0.46,0.26,0.06,-0.04,-0.18,0.05,0.0,0.13,-0.06,0.27,-0.3,0.12,-0.17,0.34,0.14,0.82,-0.09,-0.040000003,0
YFR046C,0.255,0.43,0.135,-0.16,-0.03,-0.19,0.16,-0.14,-0.3,-0.05,0.4,0.03,0.41,0.12,-0.32,-0.09,-0.64,-0.23,-0.14,0.21,0.43,0.4,0.215,0
YFR047C,-0.425,-0.4,0.059999987,0.52,0.24,-0.79,0.08,-0.47,0.01,-0.36,0.08,0.03,0.43,0.52,1.01,-0.22,0.11,-0.21,0.49,-0.5,0.64,-0.32,-0.26999998,0
YFR048W,0.35,0.24,0.049999997,-0.14,0.14,-0.07,-0.08,0.01,-0.52,0.04,0.12,-0.01,-0.24,0.02,-0.36,0.15,-0.07,-0.21,0.27,0.11,-0.03,0.09,-0.045,0
YFR049W,-0.59,-0.47,-0.315,-0.16,0.3,-0.75,0.57,-0.5,-0.09,-0.34,0.1,-0.06,0.12,0.07,0.94,-0.41,0.21,-0.34,0.35,0.82,0.73,-0.01,0.030000001,0
YFR050C,-0.23,-0.27,-0.19500001,-0.12,-0.25,-0.27,-0.39,-0.07,-0.43,0.18,0.04,0.28,-0.14,0.16,-0.61,0.05,-0.52,0.35,0.14,0.59,0.24,0.23,0.38500002,0
YFR051C,-0.135,0.03,0.175,0.32,-0.03,0.26,-0.07,-0.07,0.07,0.29,-0.28,0.32,-0.11,0.12,-0.05,0.29,0.09,0.29,-0.43,-1.07,-0.15,0.22,0.19,0
YFR052W,-0.45499998,-0.46,-0.31,-0.16,-0.28,-0.1,-0.5,0.06,-0.59,0.31,-0.04,0.23,-0.23,0.05,-0.68,0.38,-0.5,0.52,0.1,0.43,0.17,0.83,0.69,0
YFR056C,-0.68,-0.34,-0.47500002,-0.61,0.15,-0.32,0.55,-0.05,0.35,-0.54,0.0,-0.26,0.0,-0.11,0.52,0.5,0.35,0.23,0.37,0.01,0.61,-0.18,-0.135,0
YFR057W,0.355,0.45,0.635,0.82,0.22,0.45,0.33,0.6,-0.7,0.48,-0.25,-0.17,-0.3,0.12,-0.3,-0.12,-0.38,-0.3,-0.7,0.12,-0.25,-0.1,-0.120000005,0
YGL001C,-0.73,-0.52,-0.22,0.08,0.11,0.19,0.19,0.41,0.37,0.48,0.11,0.36,-0.12,0.2,-0.26,0.14,-0.35,0.16,-0.28,-0.42,0.04,0.1,0.21,0
YGL003C,-0.19,-0.24,-0.12,0.0,0.04,0.12,0.25,0.29,0.15,0.24,-0.11,0.21,0.11,-0.31,-0.41,0.15,-0.12,-0.05,-0.02,-0.64,0.43,0.06,-0.025,0
YGL005C,0.024999999,0.29,0.074999996,-0.14,0.08,-0.14,0.22,-0.01,-0.15,-0.01,-0.24,0.07,-0.12,0.04,-0.22,0.04,-0.15,-0.02,-0.26,-0.04,0.05,0.38,0.325,0
YGL006W,0.020000001,-0.06,0.005000001,0.07,-0.14,0.22,-0.3,0.3,-0.14,0.42,-0.04,0.14,-0.3,0.05,-0.3,0.04,-0.27,0.01,-0.21,0.27,0.17,0.1,0.055,0
YGL008C,-1.735,-1.82,-1.0,-0.18,0.83,0.24,0.99,0.73,1.48,-0.32,0.08,-0.78,0.19,-0.53,0.76,-0.01,0.83,0.3,1.59,0.46,0.81,-0.94,-1.035,1
YGL009C,-0.065,0.12,0.36,0.6,0.63,0.23,-0.45,-0.15,-0.31,-0.19,-0.19,-0.25,-0.13,0.07,-0.21,0.2,0.36,0.07,0.4,0.33,-0.04,-0.07,-0.15,0
YGL010W,-0.56,-0.66,-0.38000003,-0.1,0.3,-0.55,0.7,-0.19,0.47,-0.32,0.07,-0.28,0.02,-0.06,0.95,-0.44,0.18,-0.24,1.01,0.36,0.92,-0.4,-0.39,0
YGL011C,-0.325,-0.3,-0.14,0.02,0.09,-0.06,-0.56,-0.04,-0.41,0.2,0.05,0.27,-0.01,0.24,-0.68,0.3,-0.63,0.35,-0.12,0.17,-0.39,0.85,0.69500005,0
YGL012W,-0.37,-0.22,-0.135,-0.05,0.61,-0.52,0.65,-0.44,-0.02,-0.32,0.32,0.23,0.29,0.13,1.4,-0.26,0.59,-0.42,0.67,-0.15,0.23,-0.69,-0.66999996,0
YGL013C,0.02,0.04,-0.044999998,-0.13,0.62,0.04,0.02,0.0,0.19,-0.34,0.24,-1.31,0.65,-2.08,0.39,-0.41,0.65,-0.36,0.93,0.99,0.47,0.08,-0.08,0
YGL014W,0.015000001,-0.17,0.034999996,0.24,0.4,0.0,0.47,-0.11,0.36,-0.19,-0.12,-0.25,-0.17,-0.12,0.59,-0.05,0.5,-0.2,0.33,-0.09,0.21,-0.58,-0.58,0
YGL016W,0.0,-0.02,-0.049999997,-0.08,0.15,-0.26,0.15,-0.02,-0.11,0.01,0.08,0.04,0.11,0.19,0.46,-0.31,0.05,-0.03,0.35,0.09,0.32,-0.28,-0.33499998,0
YGL017W,0.29000002,0.27,0.14500001,0.02,0.02,0.2,-0.01,0.23,-0.25,0.28,-0.03,0.15,-0.2,-0.08,-0.38,0.0,-0.53,-0.08,-0.11,-0.05,-0.18,0.2,0.075,0
YGL018C,0.114999995,0.13,-0.120000005,-0.37,0.04,-0.45,0.27,-0.15,-0.31,-0.07,0.19,-0.05,0.19,0.16,0.29,-0.22,-0.17,-0.29,0.06,0.45,0.67,-0.13,-0.175,0
YGL019W,0.145,0.24,0.245,0.25,0.05,0.21,-0.3,0.21,-0.36,0.23,-0.26,0.28,-0.24,0.41,-0.54,0.15,-0.86,0.27,-0.12,-0.14,-0.52,0.3,0.25,0
YGL021W,-0.48,-0.83,-0.00999999,0.81,0.81,1.5,0.94,1.03,0.25,-0.43,-1.36,-0.59,-0.64,-0.21,-0.51,0.52,0.44,0.98,0.44,-0.13,-0.17,-0.46,-0.61,1
YGL022W,0.17500001,0.3,0.39,0.48,-0.44,0.5,-0.23,0.1,-0.41,0.07,-0.76,0.6,0.08,0.4,0.24,0.21,-0.13,0.17,-0.41,-0.85,0.03,0.05,-0.014999999,0
YGL023C,-0.17499998,0.17,0.23500001,0.3,0.11,0.34,-0.1,0.2,-0.2,0.4,-0.18,0.18,-0.02,0.17,-0.98,0.1,-0.39,0.1,0.17,-0.16,-0.1,0.18,0.09,0
YGL025C,0.25,0.37,0.22,0.07,0.04,0.4,0.15,0.16,-0.25,0.21,-0.31,0.13,-0.12,0.01,-0.85,0.1,-0.33,0.09,-0.53,-0.27,-0.25,0.55,0.31,0
YGL026C,-0.11,-0.13,-0.095,-0.06,-0.28,0.11,-0.16,-0.16,-0.21,-0.05,-0.57,-0.02,0.08,0.0,0.56,-0.03,0.12,-0.05,0.66,-0.39,0.88,-0.02,-0.024999999,0
YGL027C,0.26500002,0.55,0.455,0.36,0.11,0.02,-0.49,-0.21,-0.64,0.33,0.09,0.59,0.39,0.62,-0.49,0.17,-0.52,-0.26,-0.64,-0.44,-0.36,0.36,0.34,1
YGL030W,-0.175,-0.11,0.035000004,0.18,-0.03,0.44,0.43,0.25,0.25,0.25,-0.34,0.33,-0.51,0.02,0.47,-0.13,0.14,0.25,-0.03,-0.4,0.17,-0.17,-0.215,0
YGL031C,-0.024999999,0.18,0.2,0.22,0.34,0.31,0.36,0.42,-0.07,0.3,0.04,0.12,-0.13,0.17,-0.91,0.19,-0.82,0.28,-0.59,0.26,-0.73,0.05,0.165,0
YGL032C,-0.255,-0.2,-0.335,-0.47,0.35,-0.56,0.13,-0.65,0.14,-0.37,0.55,-0.37,0.67,-0.35,1.08,-0.39,-0.24,-0.41,0.65,0.32,1.34,-0.12,-0.11,1
YGL036W,0.17,0.11,0.095,0.08,-0.04,0.15,0.3,0.2,-0.58,-0.15,-0.35,-0.2,-0.54,0.55,-0.49,-0.37,-0.56,-0.26,0.2,0.01,0.52,0.27,0.23500001,0
YGL038C,0.45,0.14,-0.14500001,-0.43,-0.16,-0.85,-0.24,-0.74,-0.14,0.12,0.33,0.5,0.34,0.35,0.82,-0.49,0.25,-0.57,-0.16,0.49,0.49,-0.13,-0.16999999,1
YGL039W,0.49,0.34,0.11,-0.12,0.4,-0.36,0.22,-0.15,0.24,-0.02,0.38,0.08,0.32,-0.27,-0.3,-0.46,-0.3,-0.46,-0.15,-0.1,-0.1,-0.07,-0.095,0
YGL040C,-0.875,-0.79,-0.53000003,-0.27,0.07,-0.21,0.16,0.12,0.26,0.21,-0.11,0.1,-0.08,-0.1,0.61,0.06,0.16,0.24,0.12,0.16,0.55,0.26,0.175,0
YGL042C,-0.135,-0.2,-0.2,-0.2,-0.14,-0.22,-0.42,-0.26,2.55,-0.2,-0.14,-0.26,-0.04,-0.02,0.07,-0.02,-0.44,-0.04,-0.35,0.54,-0.13,0.07,-0.029999997,0
YGL045W,-0.06,0.1,0.15,0.2,0.1,0.13,0.1,0.04,0.1,0.2,-0.11,0.01,0.23,0.2,-0.14,-0.09,-0.37,-0.08,-0.33,-0.48,0.11,0.1,0.13,0
YGL047W,-0.2,-0.37,-0.235,-0.1,0.05,-0.09,-0.06,0.06,-0.03,-0.04,-0.07,-0.03,0.16,-0.2,-0.15,-0.41,-0.2,-0.19,0.12,-0.01,0.64,0.22,0.255,0
YGL048C,-0.105,-0.05,0.060000002,0.17,-0.42,0.15,-0.11,-0.05,-0.5,0.22,-0.47,0.17,-0.2,0.19,-0.83,0.41,-0.52,0.41,-0.35,-0.27,0.07,0.86,0.74,0
YGL049C,0.29,0.32,0.33499998,0.35,-0.24,0.48,-0.29,0.42,-0.43,0.27,-0.58,0.12,-0.31,0.3,-1.03,0.29,-0.27,0.23,-0.1,-0.14,-0.73,0.44,0.27,0
YGL050W,0.39,0.43,0.33,0.23,-0.57,0.28,-0.19,0.22,-0.86,0.23,-0.57,0.09,-0.1,0.06,-0.5,0.19,-0.21,0.22,-0.21,0.23,-0.1,0.37,0.27,0
YGL051W,0.080000006,0.18,0.095000006,0.01,0.41,0.2,0.37,0.25,0.33,0.25,0.1,0.17,0.05,-0.05,-0.32,-0.07,-0.2,-0.08,-0.16,-0.93,-0.27,-0.1,-0.135,0
YGL052W,0.22,0.21,0.21,0.21,-0.27,-0.04,0.12,-0.17,-0.27,0.15,-0.21,0.01,0.21,-0.23,-0.29,-0.01,-0.4,0.03,0.11,-0.56,0.44,0.15,0.135,0
YGL053W,0.105000004,0.2,0.075,-0.05,0.34,-0.02,0.17,0.01,0.02,0.32,0.02,0.16,0.16,-0.14,-0.5,-0.38,-0.13,-0.13,-0.31,-0.68,-0.17,0.28,0.32,0
YGL054C,-0.28,-0.33,-0.080000006,0.17,-0.16,0.45,0.28,0.32,-0.37,0.28,-0.41,0.05,-0.07,0.03,0.0,0.37,-0.48,0.55,-0.04,-0.65,0.17,0.06,0.004999999,0
YGL055W,1.845,1.16,-0.33500004,-1.83,-2.13,-2.51,-2.02,-1.66,-1.02,-0.07,-0.05,-0.18,-0.3,-1.02,-0.87,0.66,0.86,0.68,1.31,0.24,1.14,1.11,0.99,1
YGL056C,-0.06999999,-0.39,-0.054999992,0.28,-0.28,0.2,-0.32,0.36,-0.13,0.26,-0.95,0.17,-0.45,0.18,0.35,0.41,-0.02,0.25,-0.46,-0.01,-0.16,0.21,0.099999994,0
YGL057C,-0.095,0.04,0.03,0.02,0.54,-0.08,0.02,-0.06,-0.05,-0.06,-0.09,0.0,0.09,-0.06,-0.05,0.09,-0.08,0.16,0.12,-0.19,0.0,0.19,0.035,0
YGL058W,-0.060000002,-0.2,-0.13,-0.06,-0.15,-0.23,-0.1,-0.1,-0.18,0.01,-0.61,0.06,-0.2,-0.2,0.55,0.36,-0.15,0.26,-0.7,0.11,-0.12,0.64,0.485,0
YGL060W,0.24,0.32,0.034999996,-0.25,-0.04,-0.5,-0.43,-0.52,-0.22,0.07,0.1,0.55,0.43,0.47,0.57,-0.22,-0.18,-0.46,-0.39,-0.01,0.2,0.2,0.23500001,1
YGL061C,0.425,0.6,0.20000002,-0.2,0.22,-0.7,0.03,-0.8,0.31,-0.26,0.19,0.34,0.28,0.24,0.47,-0.45,-0.24,-0.4,0.28,0.0,0.19,0.05,-0.045,1
YGL062W,-0.39,-0.38,-0.21,-0.04,-0.17,0.17,-0.15,0.15,0.06,0.12,0.06,0.18,-0.03,-0.03,0.06,0.07,0.35,-0.03,0.72,0.51,0.35,0.11,0.1,0
YGL063W,0.13,0.1,0.085,0.07,0.28,0.0,-0.05,0.1,0.3,0.1,0.18,0.15,0.28,0.04,-0.53,-0.07,-0.51,0.04,0.05,-0.07,-0.26,-0.07,-0.195,0
YGL064C,-0.11,-0.21,-0.155,-0.1,-0.33,-0.14,-0.14,0.3,-0.18,0.36,-0.26,0.32,-0.22,0.17,0.0,0.15,-0.48,0.1,-0.34,0.21,-0.06,0.36,0.2,0
YGL066W,0.1,0.0,0.025,0.05,0.01,0.14,0.06,-0.11,-0.07,0.22,-0.2,0.01,0.01,0.0,-0.51,0.01,-0.28,-0.04,-0.11,0.17,0.55,0.05,0.0,0
YGL067W,-0.21000001,-0.17,-0.115,-0.06,0.28,-0.27,0.78,0.05,0.27,-0.06,-0.16,0.08,0.01,-0.16,0.44,-0.22,0.36,0.01,0.52,-1.08,0.72,-0.3,-0.29000002,0
YGL068W,-0.645,-0.56,-0.305,-0.05,-1.05,0.22,-0.43,0.3,-0.74,0.6,-0.46,0.79,-0.1,0.48,-0.15,0.79,-1.32,0.49,-0.33,-0.41,-0.06,0.93,0.925,0
YGL069C,-0.685,-0.58,-0.45999998,-0.34,-0.4,0.06,-0.32,0.19,-0.35,0.55,-0.3,0.57,-0.18,0.39,-0.94,0.34,-0.27,0.64,-0.14,0.29,-0.4,0.88,0.765,0
YGL070C,0.29,0.26,0.31,0.36,-0.31,0.16,0.18,0.21,-0.63,-1.48,-0.35,0.19,0.13,-0.12,0.12,0.44,-0.48,0.53,-0.35,-0.42,-0.33,0.38,0.285,0
YGL071W,-0.13499999,-0.16,-0.074999996,0.01,-0.21,0.19,0.2,0.31,-0.13,0.41,0.04,0.14,-0.37,0.22,-0.3,0.29,0.18,0.1,-0.33,-0.53,-0.13,0.24,0.14,0
YGL072C,0.19999999,0.24,0.16499999,0.09,-0.37,0.11,-0.24,-0.01,-0.76,-0.01,-0.45,-0.12,0.05,0.29,-0.48,0.18,-0.45,0.22,0.01,0.37,0.18,0.54,0.47000003,0
YGL073W,-0.120000005,-0.18,-0.080000006,0.02,-0.29,0.1,-0.16,0.1,-0.47,0.08,-0.42,-0.11,-0.21,0.09,1.91,0.03,0.08,0.05,-0.18,-0.31,0.24,0.02,0.0,0
YGL074C,0.11,0.12,0.099999994,0.08,0.1,0.12,-0.09,-0.09,-0.34,0.02,0.04,-0.37,0.36,-0.05,0.1,-0.16,-0.12,-0.09,0.04,-0.12,-0.07,0.16,0.11,0
YGL075C,0.19,0.23,0.235,0.24,-0.05,-0.12,0.7,-0.24,-0.22,0.41,-0.05,0.41,0.28,0.37,-0.2,-1.14,-0.05,-0.14,-0.12,-0.03,0.32,-0.09,-0.155,0
YGL076C,0.16499999,0.26,0.365,0.47,-0.35,0.59,-0.09,0.56,-0.59,0.59,-0.51,0.49,-0.23,0.35,-0.74,0.16,-0.78,0.45,-0.17,-0.56,-0.26,0.19,0.089999996,0
YGL077C,-0.22999999,-0.08,0.1,0.28,0.37,0.36,0.51,0.07,0.35,0.13,-0.12,0.13,0.16,-0.34,-0.49,0.21,0.09,0.04,0.45,-0.49,0.07,-0.36,-0.38,0
YGL078C,0.975,0.83,0.55,0.27,-0.63,0.5,0.46,0.32,-0.87,0.46,-0.43,-0.06,-0.81,-0.01,-0.63,0.29,-0.43,0.07,-0.43,0.4,-1.02,0.13,-0.060000002,0
YGL079W,0.39999998,0.38,0.12,-0.14,0.06,0.13,0.11,0.16,-0.06,0.23,-0.34,-0.16,-0.34,-0.24,-0.89,-0.16,-0.09,0.02,0.05,0.23,0.15,0.08,0.099999994,0
YGL080W,-0.2,-0.15,-0.14500001,-0.14,0.02,-0.15,0.22,-0.04,0.22,0.05,-0.04,0.08,0.07,-0.24,0.81,-0.37,-0.09,-0.03,0.09,0.25,0.5,-0.01,-0.125,0
YGL082W,-0.63,-0.43,-0.2,0.03,-0.01,-0.11,0.05,-0.04,-0.09,-0.22,-0.24,-0.06,-0.17,0.05,0.76,0.2,-0.43,0.12,-0.03,0.69,0.38,0.46,0.315,0
YGL083W,-0.09,-0.07,0.05,0.17,0.47,-0.22,-0.05,0.11,0.17,-0.35,-0.31,-0.07,0.21,0.2,0.18,-0.13,-0.11,-0.28,0.35,-0.07,0.08,-0.13,-0.12,0
YGL084C,-0.79499996,-0.63,-0.295,0.04,0.46,-0.03,0.41,0.01,0.52,-0.21,0.0,-0.03,0.31,-0.16,0.63,-0.31,0.21,-0.05,0.31,0.34,0.79,-0.29,-0.31,0
YGL085W,0.045,0.14,0.08,0.02,0.32,-0.28,0.13,0.02,0.23,-0.3,-0.15,-0.1,0.05,-0.01,0.17,-0.06,-0.08,-0.35,0.31,0.2,0.27,-0.28,-0.245,0
YGL086W,0.114999995,0.07,-0.14500001,-0.36,0.32,-0.36,0.2,-0.44,-0.2,-0.32,0.43,0.08,0.41,-0.11,0.61,-0.26,0.07,-0.22,0.4,0.47,0.28,-0.26,-0.385,0
YGL087C,-0.015,-0.03,-0.115,-0.2,0.5,-0.41,0.28,-0.11,0.31,-0.29,-0.18,-0.56,0.23,0.12,-0.13,-0.29,-0.16,0.02,0.59,-0.01,0.26,-0.15,-0.115,0
YGL089C,-1.085,-1.3,-1.615,-1.93,-1.69,-2.22,-1.48,-0.64,0.84,0.89,1.18,0.97,1.21,0.13,-0.35,-0.87,-0.75,-0.22,0.54,0.89,1.39,1.77,1.885,1
YGL090W,-0.71999997,-1.04,-0.91499996,-0.79,-1.34,-0.99,-1.04,-0.31,0.52,0.44,0.66,0.25,0.66,-0.52,0.26,-0.58,-0.68,-0.18,0.62,0.48,1.73,1.03,1.06,1
YGL091C,0.28,0.25,0.115,-0.02,0.06,0.08,0.15,0.1,0.13,0.08,-0.16,0.1,-0.08,-0.02,-0.45,-0.04,-0.54,0.38,-0.13,-0.1,-0.43,0.01,-0.015,0
YGL092W,0.19,0.01,0.055,0.1,0.09,0.22,0.33,0.09,-0.15,-0.43,0.06,0.06,0.0,0.81,0.12,-0.11,-0.18,-0.29,0.28,-0.02,0.21,-0.6,-0.425,0
YGL093W,0.445,0.87,0.545,0.22,0.28,0.12,-0.29,-0.88,-0.51,-0.22,-0.18,0.4,0.33,0.33,-0.05,0.01,0.57,-0.38,0.08,0.12,0.53,-0.26,-0.27499998,1
YGL095C,0.285,0.33,0.14,-0.05,-0.44,0.14,-0.14,0.15,-0.29,0.41,-0.35,0.17,-0.33,0.18,-0.97,0.03,-0.76,0.08,-0.27,0.47,-0.27,0.65,0.585,0
YGL097W,0.245,0.29,0.28,0.27,0.12,0.4,-0.18,0.08,-0.16,0.15,-0.35,-0.02,-0.33,0.06,-0.77,0.15,-0.18,0.16,0.15,0.26,-0.22,-0.06,-0.16,0
YGL099W,1.015,0.79,0.57,0.35,-0.34,0.46,-0.24,0.09,-0.48,0.5,-0.52,0.17,-0.7,-0.02,-1.11,0.36,-0.68,0.03,-0.39,0.25,-0.62,0.06,-0.049999997,0
YGL100W,0.35,0.46,0.41500002,0.37,-0.67,0.51,-0.26,0.39,-0.3,0.25,-0.43,0.13,-0.39,0.19,-0.57,0.29,-0.64,0.38,-0.08,-0.5,-0.39,0.32,0.195,0
YGL101W,-0.56,-0.21,0.215,0.64,0.59,0.6,-0.01,-0.39,-0.6,-0.48,-0.82,0.14,-0.01,0.55,0.01,0.95,0.17,0.63,0.04,-0.02,-0.37,-0.41,-0.095,1
YGL102C,0.004999999,0.13,0.26999998,0.41,-0.19,0.6,0.23,0.5,-0.22,0.57,-0.11,0.44,-0.24,0.32,-0.22,0.39,-0.94,0.51,-0.53,-0.73,-1.14,0.29,0.19,0
YGL103W,-0.08,0.08,0.115,0.15,0.42,0.39,0.45,0.23,0.36,0.36,-0.05,0.22,-0.13,-0.01,-0.85,-0.03,-0.39,0.16,-0.34,0.26,-0.78,0.07,0.0,0
YGL104C,-0.525,-0.43,-0.29500002,-0.16,0.31,-0.39,0.34,-0.09,0.21,-0.15,0.0,0.05,0.35,-0.12,0.51,-0.12,0.11,0.07,0.23,-0.04,0.27,0.07,-0.015000001,0
YGL105W,0.32999998,0.39,0.295,0.2,-0.19,-0.06,-0.15,0.04,-0.23,0.2,-0.29,0.17,-0.21,0.18,-0.7,0.11,-0.73,0.24,-0.29,0.42,-0.79,0.43,0.38,0
YGL106W,0.105000004,0.17,0.15,0.13,-0.03,0.02,-0.01,0.08,-0.95,0.13,-0.57,0.21,-0.41,0.52,-0.22,0.13,-1.38,0.19,-0.66,0.8,-0.57,0.83,0.74,0
YGL107C,-0.225,-0.37,-0.225,-0.08,-0.23,-0.16,-0.19,0.23,-0.03,0.38,-0.09,0.17,-0.05,0.14,-0.7,0.25,-0.43,0.1,-0.08,0.34,-0.57,0.44,0.315,0
YGL108C,0.13,0.13,0.099999994,0.07,0.2,-0.03,0.17,0.01,-0.45,-0.28,-0.26,-0.17,0.17,0.19,0.12,-0.08,-0.32,-0.01,-0.49,0.69,-0.06,0.01,-0.035,0
YGL109W,0.08,0.08,-0.16999999,-0.42,0.19,-0.11,0.27,-0.19,0.45,-0.15,0.04,-0.33,0.36,-0.17,-0.02,-0.09,-0.45,0.11,0.13,-0.13,0.19,-0.03,-0.1,0
YGL110C,0.22,0.1,-0.25,-0.6,-0.06,-0.2,0.16,0.1,-0.38,0.0,-0.2,0.07,-0.05,0.43,-0.03,-0.02,-0.05,-0.11,0.0,0.83,-0.31,0.09,-0.019999996,0
YGL111W,1.04,0.75,0.465,0.18,-0.11,-0.37,-0.03,0.23,0.02,0.35,-0.22,0.08,-0.33,0.06,-0.79,0.26,-0.67,0.0,-0.3,-0.3,-1.28,-0.11,-0.035,0
YGL112C,0.075,0.14,0.225,0.31,0.25,0.16,-0.02,-0.03,-0.53,-0.03,-0.37,0.09,-0.15,0.13,-0.03,0.34,0.01,0.19,-0.11,0.39,-0.47,-0.03,-0.09,0
YGL113W,0.36,0.27,0.09,-0.09,-0.09,-0.32,-0.01,-0.01,0.09,0.09,0.04,0.09,0.19,0.18,0.04,0.11,-0.21,-0.43,0.21,-0.43,-0.36,0.02,0.049999997,0
YGL114W,-0.33999997,-0.39,-0.24,-0.09,-0.01,0.13,0.53,0.22,0.56,-0.03,-0.08,-0.15,0.18,-0.37,0.11,-0.08,0.32,-0.01,0.37,0.06,0.09,-0.24,-0.29,0
YGL115W,-0.16,-0.15,-0.020000003,0.11,0.03,0.09,-0.02,0.07,-0.02,0.14,-0.09,0.18,0.0,0.25,-0.34,0.21,-0.28,0.2,-0.04,0.16,-0.73,0.17,0.085,0
YGL116W,-1.14,-1.64,-0.975,-0.31,-0.81,0.81,0.62,1.48,0.26,0.61,-0.56,-0.88,-0.88,-0.61,0.4,0.36,-0.91,0.91,-0.23,0.29,-0.21,0.91,0.58500004,1
YGL117W,-0.155,-0.03,-0.175,-0.32,-0.2,-0.26,-0.24,-0.66,-0.43,0.11,-0.52,0.34,0.14,0.71,-0.4,0.16,-0.01,0.0,-0.22,0.22,0.0,0.56,0.695,0
YGL119W,-0.11,-0.08,-0.065,-0.05,-0.26,0.13,-0.07,0.13,-0.05,0.31,-0.28,0.18,-0.28,-0.3,-0.7,0.15,-0.1,0.32,-0.14,0.4,-0.03,0.31,0.2,0
YGL120C,0.90999997,0.69,0.53499997,0.38,-0.65,0.31,-0.22,0.34,-0.57,0.44,-0.35,0.25,-0.59,0.08,-0.86,0.52,-0.62,0.25,-0.1,-0.4,-1.26,0.13,-0.045,0
YGL121C,1.0450001,0.77,-0.21500003,-1.2,0.4,-0.71,0.19,-0.3,-0.09,-0.18,-0.25,-0.33,-0.52,-0.44,0.04,-0.65,-0.16,-0.41,0.15,0.41,0.24,-0.24,-0.08,0
YGL122C,0.32999998,0.24,0.215,0.19,-0.62,0.51,-0.52,0.08,-0.7,0.39,-0.49,0.4,-0.4,0.19,-1.02,0.59,-0.57,0.43,-0.25,0.03,-0.88,0.59,0.46499997,0
YGL123W,-0.38,-0.19,-0.11,-0.03,0.26,0.37,0.35,0.54,0.44,0.42,0.02,0.29,0.14,0.13,-0.74,0.11,-0.27,0.26,-0.07,0.04,-0.52,0.02,-0.025,0
YGL124C,0.265,0.4,0.175,-0.05,-0.12,0.13,-0.05,-0.03,-0.14,0.01,-0.38,0.34,-0.16,-0.1,0.81,-0.27,-0.52,-0.2,0.18,-0.24,-0.31,0.22,0.175,0
YGL125W,-0.375,0.16,0.40499997,0.65,0.59,-0.05,-0.34,-0.5,1.3,-0.25,-0.25,0.21,0.49,0.24,-0.4,-0.2,0.18,-0.3,0.23,-0.3,0.24,-0.05,0.01,1
YGL126W,0.04,-0.09,-0.155,-0.22,-0.07,-0.46,0.2,-0.51,0.3,0.22,0.49,0.53,1.02,0.1,-0.81,-0.49,0.01,-0.22,0.34,-0.85,-0.03,-0.03,0.035,0
YGL127C,0.26500002,0.2,0.060000002,-0.08,-0.06,-0.13,-0.01,0.0,0.11,0.4,-0.01,0.28,-0.15,0.23,-0.72,-0.15,-0.11,0.1,-0.17,-0.34,-0.21,0.02,-0.065000005,0
YGL130W,0.155,0.15,-0.004999995,-0.16,0.09,-0.32,0.1,-0.14,-0.48,0.25,-0.24,0.62,0.07,0.67,0.1,-0.43,-0.07,-0.22,-0.3,0.4,-0.26,0.09,0.030000001,0
YGL132W,-0.17,-0.14,-0.185,-0.23,0.15,-0.29,0.15,-0.22,-0.09,0.19,0.83,0.02,0.11,-0.11,0.58,-0.61,0.24,-0.11,0.02,0.3,0.48,-0.18,-0.22500001,0
YGL135W,-0.32999998,-0.25,-0.17,-0.09,0.75,-0.4,0.95,0.06,1.19,0.04,0.42,-0.07,0.58,-0.2,-0.56,-0.54,0.43,-0.41,0.86,0.17,-0.16,-0.68,-0.565,0
YGL139W,0.014999999,0.08,0.085,0.09,0.83,0.01,0.71,-0.08,0.55,-0.44,-0.01,0.03,0.3,0.25,-0.26,-0.18,0.64,-0.26,0.85,-0.35,-0.47,-0.73,-0.56,0
YGL140C,-0.135,-0.18,-0.120000005,-0.06,0.09,0.08,0.16,0.16,0.14,-0.29,0.11,-0.27,0.06,-0.27,0.11,-0.14,0.38,-0.06,0.66,0.24,0.28,-0.2,-0.315,0
YGL143C,-0.315,-0.08,-0.27,-0.46,-0.63,-0.18,-0.21,0.29,-0.18,0.41,-0.25,0.38,-0.13,0.13,-0.55,0.33,-0.35,0.26,-0.22,0.54,-0.34,0.81,0.73,0
YGL144C,0.81,0.82,0.385,-0.05,-0.17,-1.6,-0.13,0.05,-0.68,0.27,-0.21,0.33,0.07,-0.07,0.23,0.23,0.18,-0.17,-0.15,-0.71,0.2,0.15,0.065000005,0
YGL145W,0.39499998,0.47,0.3,0.13,-0.06,0.29,-0.11,0.2,-0.36,0.05,-0.36,0.0,-0.3,0.21,-0.79,0.1,-0.48,0.17,-0.34,0.72,-0.64,0.21,0.15,0
YGL147C,0.040000003,0.18,0.125,0.07,0.15,0.39,0.24,0.48,-0.02,0.52,-0.13,0.34,-0.19,0.28,-2.2,0.07,-0.43,0.42,-0.33,0.4,-0.62,0.35,0.315,0
YGL148W,0.455,0.6,0.56,0.52,-0.11,0.42,-0.51,0.36,-0.68,0.36,-0.26,0.42,-0.24,0.29,-1.07,0.47,-0.64,0.5,-0.82,-0.75,-0.55,0.41,0.35,0
YGL149W,0.305,0.33,0.00500001,-0.32,-0.1,-0.04,-0.19,0.31,-0.32,0.3,-0.08,0.03,-0.04,0.19,-0.52,-0.14,-0.12,-0.3,0.12,0.55,-0.19,0.08,0.099999994,0
YGL151W,-0.045,-0.02,-0.14,-0.26,-0.11,0.01,-0.04,0.39,0.1,0.06,0.01,0.11,-0.18,-0.18,-0.52,-0.11,0.16,-0.28,0.5,0.66,0.17,0.11,0.03,0
YGL152C,-0.015000001,-0.05,-0.2,-0.35,-0.09,-0.53,0.33,-0.26,-0.21,0.06,-0.05,-0.3,-0.11,0.54,0.16,-0.3,0.02,-0.47,-0.05,0.81,0.2,0.42,0.33999997,0
YGL153W,0.11,0.09,-0.14,-0.37,1.56,-0.39,-0.47,-0.11,-0.11,-0.03,-0.15,-0.07,0.03,-0.18,-0.59,-0.22,-0.42,0.13,-0.07,0.36,-0.39,0.61,0.44,0
YGL155W,0.04,0.05,0.089999996,0.13,1.34,0.13,0.03,0.1,0.25,-0.14,-0.35,0.05,0.03,0.03,-0.67,0.2,-0.04,0.31,0.35,-1.4,-0.33,-0.18,-0.120000005,0
YGL156W,-0.25,-0.4,-0.235,-0.07,0.18,-0.35,0.02,-0.13,-0.19,0.1,0.1,0.09,0.25,0.1,0.29,-0.28,0.07,0.19,0.23,0.54,0.05,-0.16,-0.13499999,0
YGL159W,0.055,-0.11,-0.125,-0.14,-0.07,-0.36,0.12,0.1,0.12,0.21,-0.06,-0.04,0.05,-0.01,-0.32,-0.07,0.05,-0.3,0.35,0.3,-0.58,-0.04,-0.035,0
YGL160W,-0.605,-0.4,-0.2,0.0,0.47,-0.08,0.29,0.15,0.39,0.05,0.05,-0.1,0.34,-0.02,-0.08,-0.2,0.37,-0.1,0.14,0.29,-0.02,0.0,-0.04,0
YGL161C,-0.65,-0.64,-0.34,-0.04,0.15,0.08,0.05,0.23,0.54,0.19,0.36,0.12,0.06,-0.06,-0.6,-0.1,-0.27,0.25,0.56,-0.01,-0.12,0.2,0.115,0
YGL162W,-0.45000002,-0.67,-0.35500002,-0.04,0.26,0.19,0.35,0.44,0.35,-0.08,-0.1,-0.19,0.03,-0.23,-0.4,0.04,0.27,0.7,0.04,0.23,0.16,-0.38,-0.39,1
YGL163C,0.62,0.47,0.275,0.08,-0.28,-1.03,-0.44,-0.34,-0.34,0.11,1.76,0.36,0.36,0.49,-0.22,-0.16,0.02,-0.93,-0.04,0.17,-0.44,0.08,-0.060000002,1
YGL164C,0.645,0.52,0.17499998,-0.17,-0.46,0.23,-0.26,0.3,-0.83,0.48,-0.26,0.33,-0.15,-0.02,-0.94,0.13,-0.83,0.09,-0.94,0.04,-0.83,0.91,0.81500006,0
YGL165C,0.315,0.31,0.1,-0.11,-0.03,-0.04,-0.18,0.17,-0.24,0.29,-0.13,0.0,-0.45,-0.13,-0.54,-0.22,-0.37,0.0,-0.15,0.55,-0.18,0.36,0.285,0
YGL166W,0.655,0.72,0.455,0.19,-0.06,0.21,-0.14,0.24,-0.42,0.33,-0.36,0.05,0.09,-0.12,-0.81,0.02,-0.49,0.05,-0.51,-0.56,-0.44,0.47,0.345,0
YGL167C,0.015000001,0.07,0.045,0.02,0.4,0.07,-0.22,0.11,0.21,0.12,0.19,-0.07,0.18,-0.12,-0.18,-0.17,0.24,-0.2,0.47,0.14,-0.25,-0.2,-0.26500002,0
YGL168W,0.135,0.18,0.23,0.28,0.59,0.34,-0.07,0.24,0.01,0.21,-0.25,0.55,0.22,-0.05,-0.86,-0.01,-0.11,-0.13,0.01,-0.46,-0.11,-0.21,-0.29999998,0
YGL169W,0.2,0.05,0.05,0.05,0.22,0.05,0.17,0.29,0.25,0.18,-0.24,-0.01,-0.18,-0.33,-0.17,0.18,0.25,0.21,0.47,-0.04,-0.52,-0.41,-0.57,0
YGL171W,0.83,0.62,0.425,0.23,-0.46,0.29,-0.37,0.38,-0.62,0.44,-0.35,0.15,-0.82,-0.07,-0.54,0.37,-0.16,0.24,-0.51,0.4,-1.2,0.12,-0.06,0
YGL173C,-0.385,-0.19,-0.08,0.03,0.37,-0.07,-0.32,0.17,-0.11,-0.07,0.12,-0.15,0.03,0.15,-0.23,0.19,0.46,0.01,0.51,0.39,-0.09,-0.05,0.034999996,0
YGL174W,0.21499999,0.39,0.29,0.19,0.39,0.52,0.01,0.14,-0.49,0.08,-0.67,-0.08,0.24,0.14,-0.36,0.19,-0.38,0.04,-0.41,-0.41,0.04,0.26,0.13499999,0
YGL175C,0.135,0.25,0.049999997,-0.15,0.22,-0.6,-0.26,-0.13,-0.55,-0.37,0.31,0.04,0.52,-0.15,0.45,-0.26,1.04,-0.6,0.06,0.53,0.39,-0.24,-0.145,0
YGL176C,0.089999996,0.02,0.065,0.11,0.44,-1.17,0.51,-0.6,0.0,-0.4,0.22,0.28,0.16,1.71,0.54,-0.99,0.47,-0.7,0.41,0.29,0.94,-1.32,-0.845,0
YGL177W,0.19500001,0.06,-0.095,-0.25,0.63,-0.49,0.51,-0.53,0.45,-0.37,0.32,-0.05,0.15,0.33,0.42,-0.81,0.37,-0.63,0.82,0.05,0.3,-0.81,-0.71000004,0
YGL179C,0.39,0.26,-0.23000002,-0.72,0.51,-0.75,-0.05,-0.3,0.25,-0.38,0.2,0.74,0.47,0.22,0.41,-0.9,0.0,-0.38,0.19,-0.1,0.56,-0.57,-0.285,0
YGL181W,-0.024999999,0.01,0.080000006,0.15,0.23,-0.16,0.2,0.2,-0.29,-0.1,-0.14,0.17,-0.2,0.42,-0.34,-0.48,-0.43,-0.22,-0.14,0.44,-0.12,0.37,0.285,0
YGL184C,0.09500003,1.07,1.385,1.7,0.62,-1.0,0.0,-1.27,0.34,-1.06,-0.04,0.07,0.76,1.35,0.72,-0.93,-0.24,-1.03,0.35,-0.14,0.68,-0.17,-0.075,1
YGL185C,0.53,0.64,0.13999999,-0.36,0.1,-0.47,-0.06,0.06,-0.08,-0.1,0.34,0.48,-0.01,0.04,-0.36,-0.38,-0.4,-0.62,-0.03,0.44,0.02,0.12,0.055,1
YGL186C,-0.755,-0.77,-0.27499998,0.22,-0.25,-0.5,0.34,-0.09,0.74,-0.3,0.31,-0.14,0.31,-0.2,1.22,-0.29,0.22,-0.36,0.92,0.32,0.98,-0.44,-0.44,0
YGL187C,-1.46,-1.12,-0.575,-0.03,0.74,0.07,0.27,0.21,0.62,0.14,0.5,0.1,-0.11,-0.18,-0.04,-0.26,0.66,0.02,0.76,0.48,0.59,0.02,-0.1,0
YGL189C,0.29500002,0.43,0.46,0.49,0.44,0.47,-0.08,0.29,-0.24,0.31,-0.13,0.57,0.07,0.4,-0.93,0.27,-1.0,0.44,-1.17,-0.21,-0.84,-0.78,-0.18999998,0
YGL190C,-0.04,-0.11,0.035000004,0.18,-0.28,0.2,0.07,0.11,-0.32,0.13,-0.71,-0.19,-0.68,0.13,0.44,0.21,0.02,0.13,-0.34,-0.06,0.08,0.38,0.275,0
YGL191W,-0.495,-0.26,-0.054999992,0.15,0.27,0.6,0.31,0.38,-0.07,0.52,-0.08,0.45,-0.24,0.23,-0.46,0.27,-1.48,0.47,-0.83,-0.24,-0.41,0.59,0.515,0
YGL192W,-0.255,-0.22,-0.04,0.14,0.09,-0.03,0.18,-0.03,0.06,-0.42,-0.32,0.03,-0.06,0.33,0.75,0.15,0.73,-0.12,0.56,-0.65,0.64,-0.5,-0.45,0
YGL193C,-0.07,0.0,0.04,0.08,0.83,-0.14,0.69,-0.02,0.28,-0.24,0.11,0.11,-0.11,-0.09,0.45,-0.09,-0.12,-0.14,0.33,-0.6,0.41,-0.37,-0.38,0
YGL195W,-0.089999996,-0.06,-0.004999999,0.05,0.05,-0.3,0.57,0.46,0.43,-0.15,0.22,-0.01,0.32,1.34,-0.36,-0.13,-0.32,-0.56,0.46,-0.69,0.34,-0.51,-0.45999998,1
YGL196W,-0.485,-0.22,-0.08,0.06,-0.16,-0.01,0.28,-0.48,-0.18,-0.32,-0.2,0.16,-0.06,-0.06,0.65,0.12,0.5,0.14,0.08,-0.22,0.44,0.23,0.26,0
YGL197W,-0.095,-0.17,-0.32,-0.47,0.47,-0.45,0.49,0.01,0.25,-0.09,-0.21,0.1,0.31,-0.04,0.35,-0.7,0.72,-0.79,0.9,0.0,0.74,-0.42,-0.41,0
YGL198W,-0.28,-0.27,-0.22500001,-0.18,-0.27,-0.18,0.15,-0.38,0.27,0.04,-0.09,0.37,-0.06,0.94,0.46,-0.27,0.27,-0.22,0.58,-0.57,0.9,-0.16,-0.175,0
YGL199C,-0.21,-0.16,-0.19999999,-0.24,-0.46,0.08,0.18,-0.03,0.29,0.13,0.11,0.32,0.62,-0.17,-0.14,-0.12,-0.03,-0.17,0.32,-0.31,0.52,-0.06,-0.14999999,0
YGL200C,-0.065,0.15,0.215,0.28,0.47,-0.09,-0.06,-0.51,-0.23,-0.21,0.33,0.54,0.75,0.36,0.94,-0.17,-0.45,-0.17,-0.06,-0.63,0.09,-0.33,-0.32,1
YGL201C,-0.38,-0.95,-0.75,-0.55,-0.22,-0.14,0.02,0.39,0.29,0.2,0.46,-0.06,0.14,0.1,-0.08,-0.24,-0.14,0.0,0.31,0.32,0.26,0.0,-0.175,1
YGL202W,-0.4,-0.4,-0.27,-0.14,0.26,-0.32,0.21,-0.27,0.31,-0.19,0.16,-0.07,0.32,-0.2,0.78,-0.2,0.0,-0.17,0.62,-0.01,0.72,-0.3,-0.28500003,0
YGL203C,0.195,0.11,0.305,0.5,0.25,0.44,-0.24,0.19,-0.52,0.02,-0.35,-0.09,-0.33,0.27,-0.66,0.28,-0.15,0.16,-0.45,0.28,-0.75,0.05,-0.03,0
YGL204C,-0.08,-0.05,-0.29,-0.53,0.32,-0.72,0.58,-0.46,0.26,-1.38,0.02,-0.51,0.26,0.73,0.88,0.0,0.2,-0.25,0.75,0.12,0.98,-0.34,-0.36,0
YGL208W,-0.225,-0.35,-0.255,-0.16,-0.29,-0.11,0.12,0.02,-0.73,-0.2,-0.13,-0.2,0.1,0.74,0.62,-0.09,-0.08,-0.21,-0.06,0.5,0.77,0.18,0.1,0
YGL209W,0.09,-0.25,0.010000005,0.27,0.05,0.49,0.12,0.52,-0.02,0.22,-0.48,-0.17,-0.52,-0.11,-0.36,0.27,0.17,0.42,0.07,-0.2,0.21,-0.54,-0.54,1
YGL210W,0.22,0.32,0.16,0.0,-0.16,-0.08,-0.19,0.04,-0.44,-0.08,-0.08,0.12,-0.13,-0.11,0.35,0.13,-0.39,0.04,-0.54,0.5,0.28,0.23,0.115,0
YGL211W,0.615,0.38,0.305,0.23,0.09,0.18,0.19,0.19,-0.08,0.23,0.03,0.27,-0.35,0.05,-0.33,0.18,-0.52,-0.1,-0.27,-0.39,-1.1,-0.06,-0.16,0
YGL212W,0.285,0.45,0.34,0.23,-0.47,0.31,0.14,-0.08,-0.78,-0.38,-0.55,-0.2,-0.24,0.47,0.05,0.26,0.51,0.03,-0.28,-0.42,-0.14,0.41,0.32,1
YGL213C,-0.05,-0.01,-0.01,-0.01,0.12,0.25,0.23,0.12,0.11,0.24,-0.22,0.23,0.27,0.2,-0.33,0.07,-0.05,0.14,-0.26,-0.53,-0.1,-0.02,-0.095,0
YGL214W,0.15,0.09,0.13,0.17,-0.51,0.09,0.17,-0.1,-0.56,-0.64,0.0,0.22,-0.12,0.47,0.41,0.02,0.37,0.36,-0.22,-0.76,0.17,-0.02,0.0,0
YGL215W,0.275,0.38,0.315,0.25,-0.03,0.37,-0.08,0.25,0.02,0.05,-0.11,0.23,0.11,0.11,-0.58,-0.08,-0.08,-0.08,-0.06,0.21,-0.42,-0.32,-0.405,0
YGL216W,0.14500001,0.54,0.655,0.77,0.16,0.67,-0.15,-0.17,-1.23,-0.52,-0.52,-0.06,-0.1,0.53,0.69,0.63,0.23,0.31,0.01,-0.52,-0.13,-0.29,-0.29,1
YGL217C,-0.034999996,0.45,0.275,0.1,0.6,0.1,0.38,-0.08,-0.08,-0.32,-0.45,0.02,0.1,0.3,0.24,0.39,0.0,0.05,0.48,-0.3,0.09,-0.52,-0.475,0
YGL218W,0.105,0.21,0.255,0.3,-0.37,0.3,-0.03,-0.12,-0.51,0.09,-0.47,0.12,-0.49,-0.12,0.23,-0.18,0.17,0.19,-0.63,-0.18,-0.03,0.51,0.54999995,0
YGL219C,-0.085,0.03,0.05,0.07,0.01,0.29,0.01,0.34,-0.21,0.23,-0.32,0.25,-0.08,0.08,-0.74,0.21,-0.6,0.11,-0.54,-0.2,-0.12,0.51,0.435,0
YGL221C,-0.075,0.1,0.175,0.25,0.02,0.29,-0.01,0.24,-0.19,0.27,-0.54,0.21,-0.23,0.27,-0.96,0.27,-0.44,0.24,-0.44,-0.27,-0.23,0.37,0.29500002,0
YGL222C,-0.53499997,-0.62,-0.21000001,0.2,-0.12,0.01,0.33,-0.38,0.21,0.02,0.38,-0.08,-0.94,0.8,1.44,-0.36,0.83,0.09,0.38,-0.19,0.61,-0.59,-0.65999997,0
YGL223C,0.0,0.17,0.07,-0.03,-0.08,0.06,0.19,0.25,-0.03,0.09,-0.42,0.19,0.09,0.05,-0.22,0.05,0.0,0.09,-0.26,-0.49,0.05,0.34,0.28,0
YGL224C,-0.22,-0.09,0.009999998,0.11,0.31,0.15,0.17,0.01,0.08,-0.2,0.01,0.0,0.24,0.55,0.49,-0.26,-0.05,0.09,-0.07,-0.18,0.5,-0.42,-0.45499998,0
YGL225W,-0.29,-0.11,0.185,0.48,0.79,0.27,0.22,-0.16,0.23,-0.16,0.31,0.55,0.65,0.42,0.25,0.12,-0.01,-0.05,0.24,-1.02,-0.51,-0.53,-0.61,1
YGL226C-A,-0.19999999,-0.19,-0.19999999,-0.21,0.67,-0.53,0.45,-0.08,0.61,-0.31,-0.26,0.54,0.35,-0.11,0.1,-0.69,0.13,-0.31,0.8,0.28,0.78,-1.0,-0.63,0
YGL226W,0.215,0.16,0.015000001,-0.13,-0.21,-0.18,-0.07,-0.28,-0.21,0.41,-0.3,0.51,-0.21,0.28,0.08,-0.18,-0.07,-0.13,-0.25,-0.22,-0.07,0.31,0.135,0
YGL227W,-0.044999998,-0.16,-0.375,-0.59,0.25,-0.86,0.22,0.06,0.15,-0.22,-0.02,0.7,0.29,0.06,1.02,-0.93,-0.24,-0.52,0.31,0.25,0.65,-0.04,-0.11,0
YGL233W,-0.105000004,-0.09,0.16,0.41,0.05,0.16,0.11,0.09,-0.51,0.02,-0.19,0.3,-0.21,0.86,-0.21,-0.07,-0.29,-0.47,0.17,0.16,0.42,0.08,0.02,0
YGL234W,-0.155,-0.31,-0.205,-0.1,0.38,-0.19,0.31,0.03,0.65,-0.25,-0.06,-0.06,0.21,0.32,0.53,-0.22,0.32,-0.1,0.38,-0.2,0.37,-0.57,-0.635,0
YGL236C,-0.305,-0.33,-0.245,-0.16,-1.03,0.27,-0.33,0.54,-0.42,0.66,-0.24,0.48,-0.63,0.19,-0.33,-0.03,-0.06,0.23,-0.1,-0.27,0.24,0.59,0.475,0
YGL237C,0.175,0.25,0.225,0.2,0.11,0.26,0.07,0.13,-0.12,0.15,-0.34,-0.03,-0.32,0.05,-0.9,0.53,-0.34,-0.08,-0.47,-0.05,-0.4,0.38,0.37,0
YGL241W,0.25,0.51,0.11999999,-0.27,-0.15,-0.01,-0.05,0.02,1.58,0.0,-0.27,0.04,0.14,-0.13,-0.23,-0.31,-0.07,-0.33,0.14,0.0,-0.01,0.07,-0.10000001,0
YGL247W,0.38,0.27,0.060000002,-0.15,0.05,-0.04,0.26,0.12,0.05,0.02,-0.14,0.15,-0.1,-0.29,-0.22,-0.06,-0.07,-0.14,-0.22,-0.55,0.32,-0.22,0.034999996,0
YGL248W,0.08500001,0.33,0.32,0.31,0.07,0.01,-0.22,-0.19,0.26,-0.34,-0.31,-0.11,0.06,-0.05,0.37,-0.28,-0.48,0.04,-0.22,0.21,0.01,0.15,0.125,0
YGL249W,-0.23499998,-0.39,-0.27499998,-0.16,0.47,-0.68,0.48,-0.29,0.31,-0.23,0.28,0.46,0.46,0.0,0.52,-0.39,0.25,-0.35,0.68,-0.12,0.52,-0.73,-0.62,0
YGL250W,-0.22,-0.27,-1.03,-1.79,0.19,-0.22,0.34,-0.01,0.7,0.02,-0.2,0.08,-0.27,-0.11,0.99,-0.22,0.31,0.08,0.22,0.38,0.84,0.14,-0.375,0
YGL251C,0.0,-0.4,-0.335,-0.27,0.27,-0.11,0.46,-0.24,0.41,-0.46,0.02,0.29,0.16,0.01,0.52,-0.58,-0.09,-0.14,0.47,0.26,0.48,-0.33,-0.29000002,0
YGL252C,0.015,-0.01,0.065,0.14,-0.01,0.2,0.02,0.21,0.2,0.07,-0.84,-0.16,-0.09,-0.23,0.29,0.02,-0.31,0.16,-0.29,0.47,-0.35,0.25,0.13,0
YGL253W,-0.13,0.12,0.22500001,0.33,0.53,-0.03,0.12,0.01,0.21,0.04,0.27,0.4,0.37,0.35,-0.33,0.33,-1.22,0.11,0.27,-0.22,-0.21,0.18,0.050000004,0
YGL254W,0.01,0.03,-0.08,-0.19,0.0,-0.07,0.25,-0.1,0.14,-0.22,-0.62,-0.08,-0.14,-0.21,0.64,0.0,0.05,0.06,0.0,0.24,0.64,-0.1,-0.25,0
YGL255W,-1.235,-1.15,-0.555,0.04,0.44,0.41,0.95,0.75,1.22,0.27,0.08,-0.07,0.09,-0.21,-0.05,0.97,1.01,0.66,1.01,-1.03,-0.59,-0.99,-0.975,1
YGL256W,-0.34,-0.32,-0.12,0.08,0.49,0.01,0.6,0.07,0.16,-0.12,-0.1,0.04,-0.04,0.26,0.8,0.1,-0.23,0.04,0.16,-0.07,0.36,-0.47,-0.5,0
YGL257C,-0.16999999,-0.26,-0.13499999,-0.01,-0.33,0.15,0.0,0.11,0.13,0.14,-0.09,0.05,-0.11,0.0,-0.72,-0.01,0.0,0.25,0.21,0.44,0.17,0.1,0.030000001,0
YGL259W,-0.105,0.0,-1.35,-2.7,0.82,-1.57,0.68,-0.15,0.85,-0.29,0.55,0.09,0.7,-0.21,0.74,-0.47,0.31,-0.31,0.82,0.3,0.81,-0.55,-0.41000003,0
YGL261C,0.415,0.24,0.08,-0.08,0.27,-0.34,0.39,-0.36,0.13,0.07,0.06,-0.22,1.8,-0.48,-0.64,-0.19,0.01,-0.83,0.03,-1.0,-0.08,-0.1,-0.114999995,0
YGR002C,0.215,0.12,0.23,0.34,-0.23,0.18,-0.26,0.24,-0.28,0.33,-0.51,-0.05,-0.78,0.03,-0.62,0.3,-0.3,0.17,-0.34,0.17,-0.12,0.45,0.375,0
YGR004W,0.31,0.09,0.08,0.07,0.21,0.0,0.04,-0.04,0.42,0.23,-0.25,-0.09,-0.04,-0.15,-0.47,-0.09,0.1,-0.13,-0.27,-0.29,0.02,-0.09,-0.15,0
YGR006W,0.049999997,-0.16,-0.08,0.0,-0.18,-0.13,-0.13,-0.09,-0.24,0.03,-0.53,0.05,-0.28,0.08,-0.37,0.06,0.16,-0.05,-0.32,0.25,0.23,0.38,0.37,0
YGR008C,-0.635,-0.51,-0.49,-0.47,-0.36,-0.07,-0.7,-0.45,2.35,0.1,-0.75,0.16,-0.34,0.08,-0.37,0.12,-0.51,0.06,-0.53,0.41,0.31,0.8,0.805,0
YGR009C,-0.025000002,-0.09,-0.030000001,0.03,-0.13,-0.53,-0.23,-0.15,0.2,-0.25,-0.17,-0.19,-0.13,0.44,0.5,-0.19,-0.41,-0.02,-0.15,0.64,0.56,0.04,0.105000004,0
YGR010W,-0.1,0.11,0.0,-0.11,0.2,-0.42,-0.09,-0.09,0.35,-0.09,0.13,-0.09,0.18,0.18,-0.22,-0.09,-0.37,-0.24,0.58,0.41,0.41,-0.06,-0.13,0
YGR011W,-0.3,-0.17,-0.21000001,-0.25,0.46,-0.31,0.34,-0.25,0.35,-0.23,0.04,-0.41,0.28,-0.23,1.03,-0.05,0.11,0.02,0.17,0.51,0.5,-0.13,-0.2,0
YGR012W,0.105000004,0.06,0.145,0.23,-0.1,-0.06,1.55,-0.13,-0.41,0.15,-0.27,0.23,-0.27,0.1,-0.13,0.1,-0.45,-0.05,-0.2,-0.39,-0.18,0.06,-0.025,0
YGR013W,0.16,0.09,0.095,0.1,-0.06,-0.11,-0.13,0.1,-0.81,-0.11,-0.11,-0.08,-0.19,0.43,0.42,0.02,-0.32,0.01,0.1,0.73,0.51,0.19,-0.049999997,0
YGR014W,0.245,0.32,0.39999998,0.48,0.84,-0.51,0.04,-0.49,0.21,-0.23,0.48,0.21,0.81,0.3,0.22,-0.38,-0.03,-0.82,0.45,-0.79,0.18,0.25,-0.16,1
YGR015C,-0.065,-0.08,-0.12,-0.16,0.42,-0.47,0.33,-0.39,-0.43,-0.43,0.32,0.51,0.48,0.26,0.87,-0.11,0.07,-0.23,0.16,0.47,0.81,-0.37,-0.41,0
YGR017W,0.010000002,-0.07,0.015000001,0.1,0.12,0.17,0.18,-0.6,0.03,0.28,-0.41,0.23,-0.07,0.23,-0.25,-0.2,0.34,0.18,0.59,-0.41,-0.66,0.42,0.33999997,0
YGR018C,0.024999999,0.01,0.030000001,0.05,0.68,0.05,-0.01,0.07,0.02,0.05,-0.26,-0.04,-0.01,0.08,-0.09,0.27,-0.68,0.15,-0.31,0.02,-0.45,0.1,0.025,0
YGR019W,-0.915,-1.07,-0.545,-0.02,0.22,0.09,0.07,-0.23,0.1,-0.31,-0.3,-0.15,0.01,-0.3,0.66,0.03,0.33,0.02,0.31,0.39,0.76,0.09,-0.030000001,0
YGR020C,0.14,0.18,0.09,0.0,0.08,-0.74,-0.06,0.06,-0.08,0.18,-0.26,0.29,-0.14,0.35,-0.34,0.13,-0.53,0.33,-0.36,0.32,-0.85,0.43,0.375,0
YGR024C,0.22,0.17,0.015000001,-0.14,-0.09,0.05,-0.09,0.08,-0.09,0.35,-0.28,0.16,-0.22,-0.23,-0.82,-0.05,-0.28,0.1,-0.34,0.24,-0.05,0.32,0.325,0
YGR025W,-0.26999998,-0.26,-0.114999995,0.03,0.16,-0.07,0.48,-0.26,0.18,-0.15,0.18,-0.3,0.39,0.11,0.68,0.31,0.01,0.03,0.34,-0.55,-0.13,-0.26,-0.195,0
YGR026W,-0.515,-0.38,-0.185,0.01,0.38,0.15,-0.14,-0.17,0.01,-0.06,-0.02,0.31,0.26,0.1,-0.03,0.2,0.1,0.11,0.03,-0.06,0.07,0.0,0.06,0
YGR028W,-0.16499999,-0.13,-0.18,-0.23,-0.26,-0.04,0.0,0.01,-0.26,0.41,-0.2,0.09,-0.18,-0.04,-0.3,0.15,-0.58,-0.07,-0.2,0.44,-0.04,0.58,0.5,0
YGR030C,0.19,0.06,-0.22999999,-0.52,0.06,0.0,0.35,0.24,0.14,-0.02,-0.34,0.07,-0.26,-0.18,-0.28,0.16,0.16,-0.39,-0.11,0.31,0.15,-0.1,-0.17999999,0
YGR031W,0.215,0.2,0.05,-0.1,-0.61,0.34,0.01,0.47,0.01,0.48,-0.22,0.28,-0.32,-0.04,-0.05,0.32,-1.13,0.4,-0.59,-0.78,-0.42,0.57,0.465,0
YGR032W,0.17,0.37,0.285,0.2,0.69,0.04,0.06,-0.24,0.03,-0.21,0.09,-0.08,0.38,-0.07,0.3,-0.2,0.35,-0.41,0.39,-0.44,-0.32,-0.4,-0.385,0
YGR033C,0.095,0.1,0.225,0.35,0.33,-0.06,0.01,-0.23,-0.53,-0.15,-0.15,-0.05,0.05,-0.08,0.42,-0.01,-0.08,-0.09,-0.03,0.15,-0.06,-0.09,-0.125,0
YGR034W,-0.085,0.01,0.105000004,0.2,0.36,0.25,0.44,0.16,0.46,0.21,0.05,0.21,-0.05,0.06,-0.35,-0.2,-0.34,0.22,-0.1,-0.05,-0.81,-0.08,-0.14,0
YGR035C,-0.81,-0.77,-0.44,-0.11,0.14,0.47,0.94,0.85,-0.87,-0.07,-0.4,0.1,-0.1,0.39,0.91,0.93,0.3,0.75,-0.41,-0.14,-0.36,-0.17,-0.35,1
YGR036C,-0.16499999,-0.51,-1.28,-2.05,0.09,-0.45,0.27,-0.28,0.49,0.06,0.08,0.08,0.18,-0.13,0.21,0.33,0.65,0.4,0.55,-0.39,0.06,-0.04,-0.24499999,0
YGR037C,0.255,0.31,0.335,0.36,0.56,-0.03,0.18,-0.25,-0.85,-0.46,-0.39,-0.17,-0.21,-0.07,0.13,0.09,-0.42,0.21,-0.27,0.2,-0.31,0.18,0.22500001,0
YGR038W,-0.67,-0.43,-0.31,-0.19,0.41,-0.02,0.55,-0.02,0.85,-0.21,0.19,0.12,0.53,-0.28,0.09,-0.17,0.31,0.22,0.68,-0.54,0.05,-0.15,-0.245,0
YGR039W,0.120000005,0.01,-0.085,-0.18,0.31,-0.47,0.61,-0.54,0.09,0.07,0.1,-0.39,0.17,-0.22,1.35,-0.47,0.1,-0.5,0.71,0.06,0.88,-0.56,-0.685,0
YGR040W,0.215,0.19,0.055,-0.08,-0.13,-0.31,-0.17,-0.13,0.02,-0.02,-0.1,0.03,-0.04,0.02,2.5,-0.76,-0.11,-0.46,0.14,0.38,-0.26,-0.1,-0.145,0
YGR041W,0.505,0.0,-0.28,-0.56,-0.44,-1.1,-0.65,-1.07,0.12,0.66,1.12,0.95,0.7,0.35,0.31,-0.82,-0.46,-1.04,-0.09,-0.05,0.11,0.52,0.495,1
YGR042W,0.56,0.33,0.030000001,-0.27,-0.54,-0.49,-0.45,-0.33,-0.27,0.4,0.4,0.47,0.32,0.17,-0.76,-0.21,-0.68,-0.33,-0.41,0.16,-0.39,0.89,0.695,1
YGR044C,1.155,0.68,-0.285,-1.25,-1.6,-1.74,-1.79,-1.44,-0.24,1.64,1.35,1.63,0.89,0.68,-0.6,-0.74,-1.36,-0.97,-0.81,0.21,0.11,1.62,1.475,1
YGR046W,0.23,0.19,0.215,0.24,-0.14,0.19,0.15,0.38,-0.28,0.43,-0.56,0.03,-0.64,0.06,-0.38,0.3,-0.28,-0.01,-0.41,-0.03,-0.21,0.23,0.21000001,0
YGR048W,0.034999996,-0.25,-0.34,-0.43,-0.53,-0.33,-0.67,-0.17,-0.51,0.23,-0.27,0.29,-0.39,-0.04,-0.2,0.11,0.01,0.12,-0.02,0.66,0.41,0.7,0.495,0
YGR050C,0.089999996,-0.2,0.019999996,0.24,0.28,0.08,0.03,0.24,0.12,0.52,-0.2,0.12,-0.29,-0.05,-0.22,0.08,0.01,-0.02,-0.15,-0.25,-0.25,-0.25,-0.365,0
YGR051C,0.35500002,0.09,0.030000001,-0.03,-0.22,0.17,0.22,0.1,-0.33,0.38,-0.84,0.12,-0.4,-0.16,0.29,0.22,-0.17,-0.31,-0.03,-0.37,0.02,-0.34,-0.225,0
YGR054W,0.060000002,-0.11,-0.03,0.05,-0.01,0.15,-0.18,0.15,0.02,0.39,-0.21,0.07,-0.18,-0.06,-0.59,0.26,0.06,0.05,-0.01,-0.01,-0.4,0.02,-0.035000004,0
YGR055W,-0.030000001,0.74,0.605,0.47,-0.03,-0.13,-0.76,-0.27,0.09,0.43,0.11,1.02,0.83,0.52,-0.3,-0.8,-0.57,-0.2,0.35,-0.48,-0.15,0.31,0.25,1
YGR056W,0.195,0.01,-0.015,-0.04,0.0,-0.08,-0.08,0.24,-0.21,-0.13,-0.17,0.13,-0.31,-0.11,0.25,-0.31,-0.06,-0.17,0.4,-0.11,0.75,-0.04,-0.22,0
YGR057C,0.14,0.19,0.035,-0.12,-0.24,-0.22,0.27,-0.26,0.5,-0.48,-0.14,-0.16,0.14,-0.04,0.54,-0.16,-0.09,-0.32,0.47,0.37,0.71,-0.95,-0.505,0
YGR058W,0.355,0.42,0.205,-0.01,-0.01,-0.02,-0.05,0.17,0.14,0.19,-0.18,0.09,0.19,-0.06,-0.11,-0.05,-0.21,0.02,-0.29,-0.3,-0.55,0.3,-0.034999996,0
YGR060W,-0.115,-0.23,0.20999998,0.65,0.27,0.12,0.23,-0.12,0.16,-0.04,0.0,-0.2,0.09,0.2,0.08,-0.13,-0.36,-0.18,0.52,0.33,0.47,-0.47,-0.45499998,0
YGR061C,0.040000003,-0.07,0.029999997,0.13,-0.66,0.23,0.12,0.31,0.2,0.13,-0.05,-0.03,0.1,-0.05,-0.05,0.04,0.2,-0.1,0.0,0.07,-0.05,-0.1,-0.19,0
YGR062C,-0.08,-0.13,0.135,0.4,0.24,0.25,0.12,0.25,0.08,0.03,-0.29,-0.09,-0.11,0.05,-0.83,0.13,0.15,0.02,0.44,-0.25,0.21,-0.31,-0.255,0
YGR064W,-0.185,-0.27,-0.36,-0.45,0.13,-0.34,0.61,0.03,0.82,0.15,0.1,0.13,0.25,-0.39,-0.26,-0.32,0.2,0.06,0.54,-0.32,-0.03,-0.32,-0.29,0
YGR067C,-0.23,-0.41,-0.3,-0.19,0.2,-0.39,0.12,-0.21,0.5,-1.09,0.35,0.19,0.25,0.11,2.78,-0.69,0.35,-0.16,0.31,0.03,0.46,-0.49,-0.48000002,0
YGR068C,0.030000001,-0.17,-0.17,-0.17,-0.67,-0.06,-0.01,0.37,0.32,0.19,-0.49,-0.23,-0.33,-0.09,-0.91,-0.02,-0.11,-0.06,0.62,0.37,-0.11,0.32,0.215,0
YGR069W,0.0,-0.18,0.049999997,0.28,0.31,0.45,0.34,0.05,0.45,0.39,0.14,0.31,0.24,0.19,-0.82,-0.16,-0.54,0.75,0.03,-0.93,-0.6,-0.38,-0.315,0
YGR071C,0.065000005,-0.02,-0.01,0.0,1.51,-0.56,0.22,0.13,0.02,-0.26,-0.29,0.32,-0.04,-0.1,-0.71,0.32,-0.19,-0.17,0.22,0.13,0.24,-0.39,-0.26,0
YGR073C,-0.045,0.06,0.105000004,0.15,0.32,0.48,0.28,0.02,-0.24,-0.02,-0.29,0.25,-0.1,0.2,-0.31,0.23,-0.1,0.22,-0.29,-0.55,-0.17,-0.08,-0.04,0
YGR074W,-0.19,-0.01,-0.120000005,-0.23,0.16,0.18,0.01,0.11,-0.13,0.13,-0.35,0.01,-0.01,-0.16,-0.77,0.34,0.29,0.53,0.23,0.02,-0.13,0.11,0.13499999,0
YGR075C,-0.11,-0.05,0.025,0.1,0.02,0.64,-0.05,0.37,-0.36,0.18,-0.45,0.3,-0.47,0.3,-0.36,0.32,-0.52,0.48,-0.29,0.05,-0.36,0.15,0.11,0
YGR077C,-0.31,-0.34,-0.16,0.02,0.04,0.51,0.32,0.36,0.29,-0.69,-0.15,0.22,-0.01,-0.2,0.75,0.06,-0.28,0.13,-0.07,-0.94,0.17,0.06,-0.03,0
YGR078C,0.245,0.25,0.22999999,0.21,-0.22,0.4,-0.2,0.34,-0.51,0.35,-0.62,0.34,-0.7,0.31,-1.22,0.16,-0.54,0.47,-0.26,0.33,-0.51,0.11,0.175,0
YGR079W,0.72,0.6,0.48000002,0.36,0.08,0.19,-0.16,0.11,-0.2,0.07,-0.39,0.32,-0.45,0.21,0.0,0.09,-0.96,0.1,-0.62,0.23,-0.98,-0.18,-0.235,0
YGR080W,-0.13499999,-0.11,-0.12,-0.13,-0.18,0.07,-0.41,0.2,-0.32,0.33,-0.45,0.25,-0.43,0.05,-0.71,0.08,-0.21,0.09,0.08,0.5,0.05,0.49,0.465,0
YGR081C,0.465,0.31,0.095,-0.12,-0.08,0.04,0.14,0.14,-0.4,0.04,-0.23,-0.11,-0.26,-0.05,-0.15,0.05,-0.28,-0.08,-0.42,0.75,-0.48,0.24,-0.005000003,0
YGR082W,-0.68,-0.67,-0.5,-0.33,0.02,-0.34,-0.16,0.0,0.35,0.13,0.18,0.3,0.37,0.22,-0.74,0.07,0.21,0.13,0.8,0.27,0.02,0.09,0.045,0
YGR083C,0.78,0.63,0.435,0.24,-0.05,0.13,0.11,0.0,-0.46,0.16,-0.18,-0.07,-0.29,0.44,-0.22,0.04,-0.56,-0.02,-0.87,0.37,-1.18,0.04,-0.08,0
YGR084C,-0.14,-0.15,-0.1,-0.05,-0.55,-0.37,-0.45,0.01,-0.59,0.44,-0.37,0.26,0.02,0.34,-0.82,0.28,-0.2,0.26,-0.28,0.79,-0.43,0.73,0.62,0
YGR085C,0.245,0.34,0.385,0.43,0.29,0.35,0.49,0.38,-0.67,0.21,-0.09,0.26,-0.37,0.29,-0.43,0.14,-0.87,0.29,-0.87,0.54,-1.41,0.27,0.19500001,0
YGR086C,0.52,0.18,-0.25,-0.68,-0.79,-0.79,-0.74,-0.32,0.08,0.96,-0.09,0.66,0.34,0.24,-1.21,-0.37,-0.54,-0.24,-0.08,0.35,-0.06,0.77,0.695,1
YGR087C,-1.085,-1.16,-0.7,-0.24,-0.01,-0.16,0.19,0.01,0.44,0.24,0.27,0.4,0.36,0.18,-0.01,0.11,0.37,0.31,0.54,0.5,0.19,-0.28,-0.26,0
YGR088W,-0.45999998,-0.45,-0.41,-0.37,-0.02,-0.85,-0.02,-0.51,0.22,-0.14,-0.14,0.06,0.47,-0.07,0.53,-0.37,0.26,-0.47,0.52,0.59,0.62,0.46,0.3,0
YGR089W,-0.11000001,-0.27,-0.215,-0.16,0.72,-0.83,0.53,0.05,0.12,-0.36,0.12,0.82,0.46,0.32,0.49,-0.32,0.24,-0.75,0.5,0.32,0.06,-0.65,-0.59,0
YGR090W,0.305,0.01,-0.099999994,-0.21,0.31,-0.71,-0.21,-0.09,0.47,-0.02,0.36,-0.07,0.19,-0.02,-0.12,-0.37,0.27,-0.5,0.73,0.25,-0.05,-0.39,-0.465,0
YGR091W,0.105,-0.01,0.05,0.11,0.01,-0.05,0.15,-0.01,0.1,-0.29,-0.17,-0.17,0.47,-0.07,0.29,-0.1,0.11,-0.31,-0.01,0.45,0.32,-0.08,-0.355,0
YGR092W,-0.725,-1.09,-2.1200001,-3.15,-0.29,-0.06,0.38,0.8,0.7,0.5,-0.15,-0.23,-0.48,-0.34,-0.25,-0.15,0.12,0.25,0.8,1.11,0.03,0.83,0.575,1
YGR093W,0.42,0.25,0.195,0.14,0.05,0.23,0.26,-0.07,-0.19,0.0,-0.37,0.58,-0.11,-0.04,0.03,-0.02,-0.06,-0.17,-0.47,-0.27,-0.19,-0.19,-0.18,0
YGR094W,0.375,0.47,0.44,0.41,0.27,0.15,-0.34,0.15,-0.21,0.19,-0.1,-0.14,-0.21,-0.04,-0.34,-0.16,-0.41,-0.04,0.07,0.56,-0.02,-0.1,-0.165,0
YGR095C,0.605,0.52,0.375,0.23,0.06,0.35,0.37,0.13,-0.25,0.43,-0.57,0.26,-0.64,0.15,-1.14,0.12,-0.31,0.17,-0.5,-0.67,-0.48,0.1,-0.009999998,0
YGR096W,-0.005000001,0.04,-0.17,-0.38,0.16,-0.28,0.1,-0.13,0.35,-0.18,0.15,0.27,0.01,-0.4,0.01,-0.48,0.35,-0.21,0.73,0.34,0.45,-0.38,-0.32999998,0
YGR097W,0.08,0.12,0.255,0.39,-0.17,0.41,-0.25,0.06,-0.12,0.32,-0.12,0.09,-0.17,0.07,-0.47,0.15,-0.1,-0.12,0.12,-0.14,-0.59,0.04,0.08,0
YGR098C,-0.075,0.08,0.245,0.41,-0.13,0.47,0.54,0.21,-0.43,0.16,-0.06,0.11,-0.1,0.25,0.05,0.21,-0.12,0.21,-0.69,-0.5,-0.12,-0.06,-0.015,0
YGR100W,-0.049999997,-0.06,-0.085,-0.11,0.01,-0.5,-0.28,-0.43,-0.01,-0.23,0.33,0.19,-0.11,0.25,0.32,-0.76,0.47,-0.46,0.61,0.44,0.68,-0.15,-0.055000003,0
YGR102C,-0.03,-0.11,-0.52,-0.93,0.02,-0.15,-0.15,0.14,-0.17,-0.02,-0.33,-0.27,-0.17,-0.04,0.11,-0.04,0.1,0.26,-0.1,0.69,0.17,0.17,0.13,0
YGR103W,1.285,1.18,0.80999994,0.44,0.32,0.64,-0.08,0.42,-0.91,0.59,-0.51,0.03,-0.45,-0.03,-1.58,0.36,-1.03,0.41,-1.03,-0.42,-1.39,0.32,0.095,0
YGR104C,0.385,0.39,0.11999999,-0.15,-0.2,-0.22,-0.33,0.37,-0.51,-0.15,-0.13,-0.08,-0.31,-0.11,-0.03,-0.15,0.52,-0.31,0.18,0.49,0.22,-0.02,-0.089999996,0
YGR105W,-0.46499997,-0.41,-0.13,0.15,0.27,-0.21,0.57,-0.28,-0.1,-0.33,0.24,-0.1,-0.14,0.14,0.83,-0.07,0.3,0.04,0.0,0.22,0.54,-0.28,-0.28,0
YGR106C,-0.73,-0.69,-0.355,-0.02,0.56,0.19,0.19,0.19,0.45,0.12,0.38,0.23,-0.04,0.07,-0.08,0.1,-0.58,0.32,0.67,-0.02,-0.25,-0.08,-0.17500001,0
YGR108W,-0.95,-1.37,-0.17000002,1.03,1.13,1.27,1.04,1.0,0.07,-0.81,-1.17,-1.3,-1.16,-0.28,-0.23,0.92,0.21,0.76,0.4,0.89,-0.28,-0.4,-0.755,1
YGR109C,1.345,0.76,-0.14999998,-1.06,-0.45,-1.59,0.09,-1.63,-0.34,0.49,1.6,1.25,0.86,0.7,0.28,-0.92,-0.25,-1.12,-0.01,0.55,0.88,-0.11,-0.20500001,1
YGR110W,0.02,0.03,-0.165,-0.36,0.08,-0.8,0.41,-0.64,0.05,-0.38,0.33,-0.49,-0.12,-0.07,0.66,-0.69,0.18,-0.3,0.54,0.42,1.06,-0.09,-0.09,0
YGR111W,-0.055,0.11,0.114999995,0.12,-0.07,-0.16,0.36,-0.3,-0.52,-0.27,-0.32,-0.3,-0.19,-0.04,0.69,-0.14,-0.62,-0.13,-0.03,0.95,0.62,0.06,0.049999997,0
YGR112W,-0.15,-0.16,-0.105,-0.05,-0.1,-0.3,-0.5,0.16,-0.64,0.27,-0.13,0.29,-0.4,0.11,-0.31,0.04,-0.66,-0.1,-0.45,0.84,-0.02,0.8,0.645,0
YGR113W,-0.060000002,0.25,0.485,0.72,0.14,-0.2,0.13,-0.59,-0.46,-0.48,-0.01,0.07,-0.02,0.89,0.79,0.21,-0.16,-0.14,0.33,0.33,0.33,-0.39,-0.39,1
YGR114C,0.5,0.49,0.375,0.26,0.04,0.1,-0.24,0.2,-0.49,0.16,-0.19,0.08,-0.4,0.08,-0.59,0.16,-0.55,0.26,-0.49,0.18,-0.52,0.35,0.195,0
YGR115C,0.22999999,0.17,0.085,0.0,-0.06,-0.27,0.09,0.02,-0.36,0.02,-0.22,-0.22,-0.18,0.19,0.21,0.0,-0.2,-0.16,0.02,0.83,0.12,0.0,-0.135,0
YGR116W,0.02,-0.08,0.255,0.59,-0.25,-0.11,0.17,0.02,-0.15,-0.45,0.33,0.63,0.15,-0.13,0.1,-0.13,-0.13,-0.1,0.34,0.3,0.66,-0.81,-0.53499997,0
YGR118W,0.215,0.32,0.225,0.13,0.49,0.32,-0.37,0.32,-0.09,0.23,-0.12,0.22,0.3,0.23,-0.65,-0.14,-0.61,0.16,-0.8,0.01,-0.41,0.15,0.14500001,0
YGR120C,0.345,0.38,0.345,0.31,0.17,0.27,0.03,0.28,-0.31,0.04,-0.45,0.06,-0.33,-0.09,0.11,0.26,-0.38,0.11,-0.74,-0.47,-0.08,0.09,0.040000003,0
YGR121C,-0.86,-0.56,-0.11,0.34,-0.09,0.19,0.2,0.55,-0.06,-0.64,-0.64,0.12,-0.17,0.0,0.92,0.38,0.46,0.17,0.75,-0.77,0.84,-0.13,-0.034999996,0
YGR122W,0.19,0.21,0.13,0.05,0.1,0.11,0.16,0.13,-0.41,0.24,-0.28,0.05,-0.38,0.08,0.11,0.2,-0.52,0.02,-0.45,0.02,0.1,0.34,0.14,0
YGR123C,0.725,0.5,0.305,0.11,-0.76,0.36,-0.21,0.38,-0.57,0.34,-0.65,0.08,-0.95,-0.06,0.0,0.35,-0.33,0.31,-0.15,-0.45,-0.09,0.11,-0.030000001,0
YGR124W,0.0,0.04,0.08499999,0.13,0.16,0.1,0.04,0.01,-0.09,0.12,-0.24,0.13,0.07,-0.11,-0.22,0.21,-0.67,0.21,-0.62,-0.04,0.12,0.37,0.305,1
YGR125W,-0.045,-0.02,0.04,0.1,-0.48,0.45,-0.17,0.2,-0.54,0.09,-0.37,0.17,-0.35,-0.02,0.73,0.14,-0.05,0.2,0.38,-0.33,0.57,-0.71,-0.29,0
YGR126W,0.37,0.48,0.29,0.1,0.1,0.15,-0.04,0.18,-0.34,-0.11,-0.24,-0.07,-0.09,-0.02,-0.2,0.1,-0.18,-0.13,0.13,-0.11,-0.09,0.09,0.010000002,0
YGR127W,0.26999998,0.28,0.135,-0.01,-0.13,0.15,0.27,0.04,-0.37,-0.44,-0.21,-0.08,-0.72,-0.74,0.2,0.09,0.54,0.03,-0.09,-0.09,0.36,0.24,0.17999999,0
YGR128C,0.87,0.7,0.495,0.29,-0.42,0.54,0.14,0.41,-0.46,0.33,-0.55,0.16,-0.53,-0.12,-0.65,0.4,-0.46,0.33,-0.83,-0.17,-0.92,-0.02,-0.14,0
YGR129W,-0.14,-0.28,0.26999998,0.82,-0.13,-0.57,0.41,-0.21,-0.13,-0.21,0.4,-0.59,-0.53,0.67,0.31,-0.1,0.1,-0.13,0.49,0.55,0.38,-0.66,-0.44500002,0
YGR131W,0.48000002,0.11,-0.095000006,-0.3,-0.02,-1.19,0.29,-0.01,-0.16,-0.5,0.05,-0.11,0.47,0.56,0.92,-0.33,0.05,-0.65,0.29,0.25,1.03,-0.8,-0.71500003,0
YGR132C,-0.45999998,-0.52,-0.35,-0.18,-0.41,-0.27,-0.47,0.03,-0.66,0.34,-0.01,0.3,-0.18,0.34,-0.57,0.28,-0.57,0.43,-0.22,0.31,-0.06,0.94,0.82,0
YGR133W,0.034999996,0.32,0.82000005,1.32,-0.54,-0.6,0.2,-0.07,-0.13,-0.12,0.05,0.09,-0.38,0.09,0.26,-0.54,0.1,0.21,-0.13,-0.52,0.49,-0.34,0.16000001,0
YGR134W,0.185,0.09,0.13,0.17,0.44,-0.03,0.05,0.12,0.18,-0.1,-0.07,-0.08,0.18,0.08,0.02,-0.07,0.37,-0.23,0.28,-0.19,-0.54,-0.28,-0.385,0
YGR135W,-0.045,-0.17,-0.22999999,-0.29,-0.51,-0.38,-0.36,-0.2,-0.9,0.02,-0.43,0.15,-0.45,0.06,0.35,0.23,-0.25,0.24,0.01,0.84,0.39,0.54,0.46,0
YGR136W,0.060000002,-0.06,0.045,0.15,-0.08,-0.04,-0.59,0.1,-0.22,0.3,-0.26,0.02,-0.55,0.13,-0.61,0.15,-0.59,0.24,-0.55,0.06,-0.15,0.8,0.65,0
YGR137W,-0.065000005,-0.18,-0.18,-0.18,0.05,-0.34,-0.12,-0.18,-0.09,0.06,-0.48,-0.12,-0.1,-0.15,0.27,-0.16,-0.45,0.2,-0.41,0.61,0.43,0.44,0.375,0
YGR138C,0.065,0.85,0.84000003,0.83,0.93,0.41,0.25,0.04,0.3,-0.7,-0.69,-0.06,-0.21,0.13,-0.07,0.37,0.38,0.11,0.5,-0.7,-0.26,-0.73,-0.74,1
YGR139W,0.715,1.17,0.57,-0.03,0.54,-0.58,0.49,-0.64,-0.22,-0.53,0.18,-0.18,0.66,0.31,1.09,-0.3,0.42,-0.29,0.24,-0.29,0.66,-0.83,-0.95000005,0
YGR140W,0.58,0.69,0.565,0.44,0.41,-0.27,-0.35,-0.51,-0.15,-0.39,0.01,0.01,0.33,0.37,0.79,0.14,0.15,-0.62,0.02,-0.35,0.47,-0.55,-0.49,1
YGR145W,1.1,0.87,0.665,0.46,-1.0,0.5,-0.21,0.28,-1.37,0.31,-0.7,-0.19,-0.41,-0.02,-0.41,0.69,-0.21,0.25,-0.59,-0.05,-0.73,0.14,-0.055,0
YGR146C,-0.39,-0.34,-0.325,-0.31,-0.2,0.16,0.84,0.56,0.67,0.02,-0.18,-0.4,-0.37,-0.85,-0.02,0.06,-0.2,0.49,0.06,-0.18,0.37,0.18,0.055000003,1
YGR147C,0.08,0.02,0.02,0.02,-0.67,0.17,-0.28,0.09,-0.74,0.42,-0.39,0.21,-0.96,-0.1,0.23,0.42,0.04,0.32,0.02,-0.23,-0.12,0.47,0.32999998,0
YGR148C,0.15,0.27,0.215,0.16,0.19,0.38,0.02,0.57,-0.26,0.47,-0.15,0.36,-0.25,0.23,-0.55,0.18,-0.96,0.4,-1.09,-0.02,-0.91,0.55,0.42000002,0
YGR150C,-0.08,-0.06,-0.02,0.02,-0.03,-0.17,0.14,0.04,0.08,0.23,-0.01,0.05,-0.15,-0.05,-0.23,-0.6,0.3,-0.46,0.11,0.8,0.75,0.0,-0.145,0
YGR151C,1.5,1.53,0.905,0.28,-0.74,-0.5,-0.08,-0.81,-1.08,0.7,0.39,1.18,0.1,0.46,-0.1,-0.21,-1.17,-0.36,-1.26,-0.88,-0.61,0.28,0.15,1
YGR152C,1.48,1.54,0.83,0.12,-0.51,-0.64,-0.88,-0.79,-0.58,0.85,0.43,1.27,0.21,0.66,-0.56,-0.07,-1.25,-0.56,-1.34,-0.64,-0.82,0.58,0.405,1
YGR153W,0.555,0.63,0.4,0.17,-0.23,-0.67,-0.05,-0.71,0.22,-0.28,0.13,0.21,0.13,0.12,0.57,-0.49,-0.26,-0.32,0.0,0.18,0.91,-0.28,-0.28,1
YGR154C,0.58,0.7,0.325,-0.05,0.29,-0.68,0.23,-0.29,-0.13,-0.25,0.24,-0.18,0.21,-0.03,0.53,-0.34,-0.07,-0.57,0.18,-0.21,0.23,-0.76,-0.315,0
YGR155W,0.11,-0.02,0.13499999,0.29,-0.19,-0.02,-0.44,0.01,-0.42,0.21,-0.54,0.3,-0.16,0.06,0.11,0.21,-0.54,0.06,-0.48,0.12,0.07,0.37,0.21000001,0
YGR156W,0.33499998,0.38,0.415,0.45,-0.05,-0.03,-0.33,-0.11,-0.26,0.08,-0.33,-0.02,-0.07,0.13,0.0,0.07,-0.37,0.07,-0.07,0.0,-0.26,0.13,0.0,0
YGR157W,-0.22,0.01,0.145,0.28,0.61,-0.09,-0.24,-0.5,-0.13,-0.4,0.04,0.17,0.45,0.31,0.82,-0.19,-0.59,-0.35,-0.09,-0.24,0.54,0.12,0.08,0
YGR158C,0.175,0.22,0.29500002,0.37,0.4,0.25,-0.04,-0.08,-0.11,0.11,0.13,0.28,-0.23,0.13,-0.65,0.08,-0.57,0.16,-0.29,-0.4,-0.38,0.06,0.01,0
YGR159C,0.95500004,0.72,0.535,0.35,0.3,0.29,0.21,0.19,0.0,0.11,-0.15,-0.16,-0.42,-0.29,0.4,0.33,-0.79,0.06,-0.17,-0.34,-0.43,-0.58,-0.78,0
YGR160W,0.89,0.67,0.69,0.71,0.39,0.56,0.15,0.37,0.11,0.14,-0.03,-0.11,-0.62,-0.35,-0.85,0.49,-0.34,0.14,-0.1,-0.58,-0.73,-0.58,-0.775,0
YGR161C,-0.52500004,-0.14,0.095000006,0.33,-0.5,0.22,-0.19,-0.01,-0.74,0.23,-0.49,0.56,0.01,-0.07,0.99,0.85,-0.75,0.42,-0.56,-0.63,0.25,0.68,0.71500003,0
YGR162W,0.04,-0.03,0.15,0.33,0.4,-0.34,0.32,0.02,0.01,0.14,-0.28,-0.01,-0.48,-0.08,0.34,-0.45,0.2,-0.06,0.09,0.09,0.06,-0.28,-0.135,0
YGR163W,-0.065,-0.03,0.11,0.25,0.26,-0.11,0.31,-0.1,-0.03,-0.15,-0.41,0.13,-0.28,0.1,0.87,0.19,-0.57,0.25,-0.32,0.07,0.12,0.16,0.04,0
YGR164W,0.22,0.31,-0.125,-0.56,0.63,-0.23,0.25,0.02,0.39,-0.58,0.06,0.04,0.2,-0.34,0.25,-0.32,0.06,-0.14,0.54,0.11,0.92,-0.56,-0.6,0
YGR166W,0.305,0.55,0.41500002,0.28,0.1,0.3,0.19,0.18,-0.16,-0.05,-0.3,0.05,-0.18,0.05,-0.57,0.19,-0.04,0.09,-0.47,-0.16,-0.1,0.09,-0.030000001,0
YGR167W,0.14,0.2,0.2,0.2,-0.87,0.37,-0.7,0.14,-1.31,0.45,-0.49,0.33,-0.54,0.59,-0.11,0.41,-0.75,0.41,-1.08,0.4,-0.59,0.93,0.78999996,0
YGR168C,0.11,0.47,0.32,0.17,0.0,-0.03,0.27,0.05,-0.12,-0.09,-0.54,-0.34,-0.12,-0.04,-0.25,-0.14,-0.11,0.11,0.06,1.19,0.08,-0.03,-0.145,0
YGR169C,0.39,0.34,-0.08499999,-0.51,-0.44,0.17,0.09,0.4,-0.4,0.09,0.01,-0.32,-0.53,-0.05,0.1,0.19,-0.14,0.04,-0.7,0.03,0.16,0.23,0.13,0
YGR170W,0.120000005,0.23,0.245,0.26,0.06,0.01,-0.13,0.14,0.09,0.01,-0.34,-0.17,-0.17,-0.01,0.01,-0.09,0.29,-0.07,-0.05,0.26,0.02,0.13,-0.050000004,0
YGR171C,-0.17,-0.25,-0.205,-0.16,-0.82,0.13,-0.01,0.36,-0.53,0.62,-0.15,0.36,-0.42,0.18,0.11,0.32,-0.51,0.2,-0.73,-0.15,0.25,0.64,0.59000003,0
YGR172C,-0.13,-0.08,0.024999999,0.13,0.41,0.21,0.14,0.08,0.21,0.33,-0.05,0.49,0.28,0.25,-0.47,-0.1,0.22,-0.81,-0.12,-0.4,-0.03,-0.05,-0.125,0
YGR173W,0.73,0.65,0.40499997,0.16,-0.74,0.33,-0.25,0.26,-0.94,0.49,-0.27,0.26,-0.47,-0.04,-0.25,0.21,-1.02,0.23,-0.7,-0.18,-0.21,0.57,0.365,0
YGR174C,0.13,-0.06,-0.125,-0.19,-0.36,-0.17,-0.15,0.15,-0.41,0.44,-0.29,0.24,-0.31,-0.11,-0.86,-0.1,-0.3,0.11,-0.65,0.21,0.0,0.64,0.655,0
YGR175C,0.205,0.1,0.23,0.36,0.02,0.39,0.31,0.24,0.19,0.42,0.03,0.2,-0.08,-0.13,0.28,0.29,-0.53,0.26,-0.23,-1.15,-0.19,-0.24,-0.335,0
YGR176W,-0.33,-0.6,-0.26500002,0.07,0.7,0.24,0.84,0.66,0.81,0.25,0.0,-0.48,-0.23,-0.6,-0.5,-0.15,0.24,-0.07,0.41,-0.17,0.46,-0.38,-0.53499997,1
YGR177C,-0.565,-0.9,-0.33499998,0.23,0.51,0.56,0.81,0.76,0.78,0.33,-0.02,-0.36,-0.24,-0.84,0.2,0.0,-0.24,0.28,0.19,-0.19,0.69,-0.42,-0.65999997,1
YGR178C,0.060000002,0.15,0.26,0.37,0.15,0.31,-0.47,0.12,-0.27,0.08,-0.3,0.01,-0.42,0.29,-0.68,0.31,-0.53,0.19,0.1,0.1,-0.47,0.44,0.305,0
YGR180C,0.030000001,0.09,0.215,0.34,0.08,0.11,-0.18,0.09,-0.19,0.2,-0.13,0.26,-0.15,-0.12,-0.76,0.45,-0.51,0.49,-0.21,-0.1,-0.86,0.46,0.37,0
YGR181W,-0.32,-0.25,-0.009999998,0.23,0.16,0.08,-0.13,0.25,-0.07,0.15,-0.25,0.25,-0.17,0.0,0.27,0.31,-1.25,0.38,-0.39,0.24,0.07,0.33,0.23500001,0
YGR182C,-0.505,-0.33,-0.155,0.02,0.52,0.29,0.13,0.21,0.54,0.14,0.17,0.13,-0.04,-0.25,-0.53,-0.03,-0.5,0.4,0.11,-0.06,-0.34,0.23,0.17,0
YGR183C,-0.525,-0.46,-0.29,-0.12,0.28,-0.01,0.42,0.1,0.45,0.22,-0.64,0.0,0.04,-0.32,0.65,-0.14,-0.62,0.12,0.12,0.35,0.72,0.16,0.0,0
YGR184C,-0.035,-0.02,0.095,0.21,0.4,-0.12,-0.02,0.03,-0.32,0.12,0.32,-0.22,0.06,0.92,-0.34,-0.16,-0.2,-0.12,-0.34,-0.09,0.09,0.05,0.04,0
YGR185C,0.295,0.35,0.385,0.42,0.05,0.38,0.02,0.2,-0.26,0.09,-0.43,0.07,-0.36,-0.08,0.43,0.32,-1.26,0.22,-0.32,0.21,0.02,0.05,-0.095,0
YGR186W,0.3,0.29,0.31,0.33,-0.25,0.16,-0.48,0.21,-0.66,0.37,-0.34,-0.07,-0.43,-0.29,-0.8,0.42,-0.45,0.26,-0.55,0.54,-1.0,0.96,0.76,0
YGR187C,0.69,0.33,0.11000001,-0.11,-0.25,0.12,0.12,0.17,-0.09,0.26,-0.66,-0.19,-0.38,-0.25,0.02,0.07,-1.5,0.1,-0.31,0.51,-0.33,0.26,0.095,0
YGR189C,1.625,1.63,1.09,0.55,-0.8,-0.55,-1.53,-1.07,-0.64,0.89,1.1,1.48,1.18,0.69,0.08,-0.64,-1.37,-1.04,-1.2,-1.66,-0.06,0.21,0.255,1
YGR190C,-0.065,-0.41,-0.17999999,0.05,0.5,0.22,0.33,0.17,0.56,0.1,0.02,-0.05,0.03,-0.3,-0.57,-0.07,0.28,-0.11,0.52,-0.61,-0.04,-0.57,-0.62,0
YGR191W,0.030000001,-0.32,-0.205,-0.09,-0.04,0.06,0.3,0.17,0.44,0.17,-0.01,-0.01,-0.2,-0.2,0.09,0.07,-0.32,0.02,0.17,-0.98,0.32,-0.37,-0.42000002,0
YGR192C,-1.5550001,-1.44,-0.96000004,-0.48,0.04,0.06,0.32,0.42,0.63,0.41,0.04,0.16,0.27,-0.14,-0.29,0.46,0.76,0.58,0.66,-0.37,0.42,0.11,0.11,0
YGR193C,0.075,0.05,0.125,0.2,-0.96,0.25,-0.44,0.16,-0.81,0.37,-0.46,0.02,-0.68,0.29,-0.11,0.28,-0.71,0.28,-0.46,0.38,0.21,0.79,0.64,0
YGR194C,-0.605,-0.33,-0.13000001,0.07,-0.04,-0.09,-0.1,-0.18,-0.23,0.32,-0.3,-0.03,-0.03,0.18,-0.38,-0.08,-0.03,-0.01,-0.18,0.51,0.46,0.82,0.75,0
YGR195W,0.64,0.61,0.465,0.32,-0.77,0.42,-0.21,0.34,-0.75,0.46,-0.16,0.24,-0.7,0.13,-0.49,0.51,-0.91,0.43,-0.85,-0.27,-0.72,0.42,0.295,0
YGR196C,0.26,0.17,0.19,0.21,-0.23,0.03,-0.17,-0.05,-0.48,0.05,-0.55,-0.05,-0.46,-0.01,-0.31,0.11,0.16,-0.05,-0.19,0.5,-0.1,0.38,0.305,0
YGR198W,0.325,0.24,0.24,0.24,-0.05,0.01,-0.1,0.07,-0.19,-0.24,-0.35,-0.04,-0.35,-0.07,-0.59,0.2,0.29,0.11,-0.07,0.49,-0.07,-0.02,-0.13,0
YGR199W,-0.29500002,-0.1,-0.04,0.02,-0.54,0.15,0.06,-0.08,-0.18,0.15,0.55,0.31,0.12,0.22,0.09,-0.23,-0.08,-0.03,0.18,-0.41,0.71,0.22,0.105,0
YGR200C,0.36499998,0.21,0.22,0.23,0.14,0.36,0.14,0.24,0.0,0.37,-0.3,-0.05,-0.5,-0.17,-1.05,0.24,-0.19,0.16,-0.19,0.23,-0.41,-0.01,-0.16499999,0
YGR201C,-0.505,-0.62,-0.48000002,-0.34,0.39,-0.36,0.35,-0.2,0.5,-0.38,0.11,-0.12,0.49,-0.28,0.7,-0.26,0.42,-0.29,0.81,0.13,1.0,-0.34,-0.18,0
YGR202C,-0.175,-0.37,-0.11,0.15,-0.35,0.01,-0.39,0.22,-0.26,0.29,-0.26,0.09,-0.34,-0.15,-0.19,0.49,-0.45,0.16,-0.49,0.45,-0.18,0.69,0.5,0
YGR203W,0.035000004,-0.08,-0.15,-0.22,0.37,-0.27,0.31,-0.2,-0.34,-0.15,0.05,0.42,0.47,-0.27,0.58,-0.26,0.02,-0.34,0.8,-0.04,0.85,-0.5,-0.485,0
YGR207C,-0.09,-0.17,-0.42000002,-0.67,-0.05,-0.52,0.04,0.01,-0.33,-0.05,-0.1,0.25,-0.41,0.3,0.31,-0.04,-0.26,0.02,-0.33,0.92,0.04,0.75,0.49,0
YGR209C,-0.51,-0.5,-0.425,-0.35,0.27,-0.52,0.23,-0.49,-0.12,-0.7,-0.35,-0.11,0.23,0.25,0.66,0.0,0.65,0.09,-0.12,-0.07,0.5,0.09,0.14,0
YGR210C,0.25,0.21,0.21,0.21,-0.03,0.13,-0.14,0.2,-0.12,0.18,-0.32,0.06,-0.36,-0.32,-0.65,0.26,-0.49,0.49,-0.1,-0.19,-0.49,0.41,0.245,0
YGR211W,0.3,0.09,-0.08,-0.25,-0.4,-0.36,-0.11,-0.13,-1.03,-0.07,-0.4,-0.21,-0.55,0.12,-0.07,0.34,0.2,0.3,0.07,0.55,0.49,0.38,0.13499999,0
YGR213C,0.24999999,0.53,0.525,0.52,0.44,0.16,0.57,0.03,0.24,-0.06,-0.28,-0.17,-0.28,0.07,0.12,-0.56,0.17,-0.53,0.38,-0.08,0.34,-0.4,-0.525,0
YGR214W,-0.17500001,-0.05,0.12,0.29,0.59,0.38,0.27,0.26,0.49,0.24,-0.09,0.17,-0.07,-0.15,-0.36,-0.24,0.11,0.01,0.21,0.14,0.02,-0.46,-0.47,0
YGR215W,-0.114999995,-0.12,-0.114999995,-0.11,-0.32,-0.01,0.09,0.19,-0.05,0.29,-0.15,0.04,-0.32,0.51,-0.32,-0.11,-0.08,0.22,-0.13,-0.13,-0.06,0.28,0.035000004,0
YGR216C,-0.015000001,0.16,0.11,0.06,0.49,0.27,0.42,0.16,0.4,-0.04,-0.14,0.15,0.31,-0.27,-0.1,0.06,0.39,-0.09,0.62,0.07,0.32,-2.33,-1.27,0
YGR217W,0.26,0.26,0.195,0.13,0.37,-0.2,0.28,-0.11,-0.1,0.42,0.15,0.32,-0.06,-0.15,0.6,-0.37,0.4,-0.37,0.2,0.05,0.92,-0.33,-0.29500002,0
YGR220C,-0.145,-0.22,-0.44,-0.66,-0.59,-0.26,-0.24,0.19,-0.24,0.52,-0.1,0.4,-0.22,0.12,-0.5,0.08,-0.51,0.31,-0.33,0.49,0.13,0.56,0.525,0
YGR221C,1.12,1.12,0.325,-0.47,-0.43,-0.64,-0.23,-0.74,-0.61,0.26,0.87,1.15,0.73,0.64,0.27,-0.52,-0.04,-0.69,-0.39,-0.57,0.48,-0.29,-0.195,1
YGR222W,0.31,0.16,-0.265,-0.69,-0.32,-0.42,-0.19,-0.07,-0.07,0.17,-0.09,0.25,-0.16,-0.25,-0.02,-0.42,0.08,0.02,0.05,0.41,0.37,0.4,0.34,0
YGR223C,0.195,0.26,0.08,-0.1,-0.54,0.21,-0.16,0.22,-0.4,0.33,-0.23,-0.06,-0.21,-0.11,-0.42,0.26,-0.5,0.17,-0.23,-0.52,0.54,0.74,0.575,0
YGR224W,-0.39999998,-0.41,-0.275,-0.14,0.13,-0.27,0.26,0.15,0.54,0.3,0.2,0.2,-0.21,0.24,0.61,-0.38,0.28,-0.68,0.61,0.06,0.74,-0.59,-0.5,0
YGR228W,0.42000002,0.34,0.28,0.22,-0.01,-0.17,0.28,-0.01,0.13,0.17,0.09,0.07,0.01,-0.22,-0.37,0.01,-0.29,0.17,-0.48,0.19,-0.71,-0.14,-0.285,0
YGR229C,0.195,0.04,-0.065,-0.17,-0.1,-0.06,-0.05,-0.15,-0.19,0.08,-0.13,0.17,0.11,0.13,0.17,-0.06,-0.43,0.05,-0.15,0.69,0.11,-0.19,-0.19999999,0
YGR231C,-0.53499997,-0.7,-0.65999997,-0.62,-0.52,-0.55,-0.31,-0.28,-0.11,0.09,0.26,0.25,0.04,0.33,-0.32,-0.18,-0.62,0.11,-0.12,0.93,0.27,0.81,0.76,0
YGR232W,-0.20500001,-0.3,-0.18,-0.06,-0.09,-0.02,-0.08,0.15,0.21,0.23,-0.15,0.16,0.07,-0.19,-0.08,-0.17,-0.11,0.09,0.16,0.3,-0.19,0.13,0.034999996,0
YGR234W,-0.035,0.0,-0.075,-0.15,-0.35,-0.22,0.01,0.15,0.28,0.4,0.55,0.45,0.29,-0.32,-0.42,-0.24,-0.65,-0.45,-0.17,1.18,-0.52,0.34,0.26,1
YGR235C,0.045,-0.01,-0.04,-0.07,-0.22,-0.16,0.03,0.03,-0.08,0.27,0.07,0.4,-0.22,0.34,0.13,0.03,-0.48,-0.44,-0.16,0.28,-0.17,0.28,0.205,0
YGR240C,-0.87,-0.69,-0.38,-0.07,0.71,0.29,0.29,0.29,0.58,-0.08,0.1,-0.14,0.13,-0.07,-0.14,0.24,0.56,0.08,0.75,0.2,0.13,-0.44,-0.49,1
YGR242W,-0.025,0.02,0.074999996,0.13,0.05,0.11,-0.12,0.39,-0.02,0.07,-0.36,-0.01,-0.3,0.01,-0.46,0.2,-0.28,0.02,-0.01,0.41,0.04,0.11,-0.015000001,0
YGR244C,-0.53499997,-0.57,-0.435,-0.3,-0.49,-0.12,-0.53,-0.2,-0.76,0.12,-0.61,0.17,-0.33,0.31,-0.26,0.48,-0.22,0.36,-0.13,0.7,-0.23,0.95,0.955,0
YGR250C,0.16,0.23,0.185,0.14,0.16,-0.25,-0.02,0.09,-0.06,-0.11,-0.18,-0.47,-0.16,-0.22,0.09,-0.29,0.06,-0.29,0.53,0.65,-0.19,0.23,0.060000002,0
YGR251W,0.35500002,0.16,0.0,-0.16,-0.13,-0.41,0.23,-0.36,-0.22,-0.05,0.02,0.08,-0.08,0.16,0.36,-0.22,-0.26,-0.12,0.26,0.05,0.1,-0.19,-0.29,0
YGR252W,0.005,0.04,0.14,0.24,0.2,-0.06,-0.11,-0.2,-0.46,-0.14,-0.28,-0.05,-0.02,0.61,0.37,0.04,0.28,-0.09,0.37,0.38,0.09,-0.32,-0.29500002,0
YGR253C,-0.13,-0.1,-0.020000001,0.06,-0.04,-0.09,-0.12,-0.25,-0.4,-0.1,-0.26,0.06,-0.17,0.19,0.03,0.1,-0.26,0.38,-0.21,0.63,-0.25,0.55,0.35500002,0
YGR254W,-1.28,-1.23,-0.78000003,-0.33,-0.55,0.25,-0.07,0.29,-0.01,0.41,0.25,0.38,-0.13,0.09,0.11,0.54,0.53,0.7,0.11,-0.6,0.77,0.36,0.315,0
YGR255C,-0.53499997,-0.54,-0.32500002,-0.11,0.17,-0.4,0.02,-0.33,0.3,-0.2,0.15,0.07,0.42,0.32,0.24,-0.24,-0.04,-0.29,0.07,0.2,0.47,0.21,0.125,0
YGR256W,-0.63,-0.47,-0.26,-0.05,0.5,-0.12,0.5,0.02,0.59,-0.24,0.02,-0.07,0.0,0.05,-0.05,-0.14,0.34,-0.05,0.6,0.02,0.05,-0.24,-0.275,0
YGR258C,0.19,-0.04,-0.21,-0.38,-0.22,-0.32,-0.44,0.04,-0.38,-0.26,-0.4,-0.29,-0.09,0.51,0.02,-0.21,-0.22,-0.62,0.43,0.97,0.25,0.24,0.145,0
YGR259C,-0.67,-0.79,-0.33,0.13,0.53,0.12,0.79,0.18,0.29,-0.01,0.21,-0.12,0.37,-0.22,0.16,0.02,0.49,-0.09,0.58,-0.46,0.11,-0.55,-0.62,1
YGR260W,-0.63,-0.69,-0.28,0.13,0.5,0.22,0.73,0.14,0.92,0.05,-0.19,-0.15,0.26,-0.52,-0.28,0.08,0.23,0.07,0.74,-0.64,0.08,-0.36,-0.42000002,1
YGR262C,0.19,0.27,0.120000005,-0.03,0.02,0.08,-0.03,0.05,-0.11,0.03,-0.33,0.42,-0.01,0.17,-0.18,0.06,0.15,0.09,0.14,-0.61,0.12,-0.06,-0.06,0
YGR263C,0.155,0.16,0.07,-0.02,0.04,0.04,0.39,0.05,-0.15,0.15,-0.91,0.04,0.3,0.13,-0.02,0.05,-0.04,-0.17,0.25,-0.68,-0.22,-0.05,0.004999999,0
YGR264C,0.22999999,0.25,0.14,0.03,0.01,0.21,-0.12,0.4,0.06,0.28,-0.14,0.06,-0.16,-0.18,-0.84,0.03,-0.24,0.18,0.18,0.4,-0.35,0.01,-0.065,0
YGR265W,0.39,0.36,0.315,0.27,-0.04,0.37,0.21,0.53,-0.13,0.41,-0.36,0.21,-0.2,0.09,-0.99,0.21,-0.36,0.17,-0.23,-0.31,-0.58,-0.06,-0.13,0
YGR266W,-0.285,-0.19,-0.1,-0.01,-0.27,0.06,-0.25,0.31,-0.27,0.35,-0.23,0.14,-0.17,0.2,-0.85,0.14,-0.03,0.12,0.21,0.61,0.07,0.39,0.29999998,0
YGR267C,0.415,0.42,0.325,0.23,-0.26,0.34,-0.26,0.34,-0.68,0.48,-0.71,0.38,-0.11,0.23,-0.11,0.16,-0.43,0.21,-0.46,-0.8,-0.74,0.35,0.315,0
YGR271W,0.075,0.08,0.014999999,-0.05,0.18,0.02,0.21,0.17,0.17,0.13,-0.05,-0.18,-0.01,-0.05,0.04,-0.15,-0.11,-0.17,0.1,-0.51,0.23,0.05,0.060000002,0
YGR272C,0.905,0.71,0.30499998,-0.1,-0.74,0.04,-0.21,0.39,-0.4,0.43,-0.51,0.27,-0.91,0.07,-0.84,0.1,-0.28,0.26,-0.55,0.47,-0.49,0.07,0.01,0
YGR274C,0.385,0.37,0.155,-0.06,-0.32,-0.39,-0.3,0.02,-0.15,0.04,-0.07,0.08,-0.14,0.32,-0.32,-0.14,-0.09,-0.12,0.49,0.69,-0.15,0.15,0.025000002,0
YGR275W,0.29500002,0.32,0.099999994,-0.12,-0.27,-0.2,-0.3,-0.14,-0.45,-0.25,-0.17,0.15,0.15,0.27,0.31,-0.12,-0.3,-0.09,-0.62,0.54,-0.12,0.54,0.19500001,0
YGR276C,0.635,0.59,-0.38500002,-1.36,-0.36,-0.11,-0.36,0.12,-0.13,0.31,-0.07,0.2,-0.41,0.14,-1.11,-0.86,-0.05,0.02,-0.05,0.77,-0.23,0.8,0.565,1
YGR277C,0.21000001,0.17,0.045,-0.08,-0.33,-0.29,-0.56,-0.41,0.17,-0.03,-0.08,0.44,0.09,0.04,0.12,-0.17,-0.22,-0.08,-0.29,0.24,0.0,0.29,0.245,0
YGR278W,0.195,0.14,-0.005000003,-0.15,-0.06,-0.1,-0.41,0.31,0.1,0.08,-0.23,-0.11,-0.43,-0.08,-0.96,0.0,0.3,0.02,0.48,0.39,0.23,0.2,-0.015000001,0
YGR279C,-1.42,-0.92,-0.4,0.12,0.94,0.61,0.44,-1.01,1.41,-0.57,-0.42,-0.57,0.05,-0.39,0.84,0.18,0.86,0.88,1.57,0.39,0.76,-0.31,-0.55,1
YGR281W,-0.47,-0.47,-0.23,0.01,0.11,0.19,0.59,0.38,-0.87,0.36,0.19,0.21,0.0,0.27,0.11,0.31,-0.4,0.26,-0.55,-0.39,0.15,0.21,0.11,0
YGR282C,-0.685,-0.46,-0.125,0.21,0.93,0.28,0.44,0.04,0.77,-0.53,-0.08,-0.2,0.62,-0.49,0.43,-0.02,0.57,0.05,1.14,-0.55,-0.07,-0.57,-0.575,0
YGR283C,0.205,0.1,0.1,0.1,0.24,0.09,0.4,-0.02,0.11,-0.07,0.16,0.0,-0.1,-0.25,-0.41,0.09,-0.22,0.04,-0.22,0.0,-0.06,-0.19,-0.29,0
YGR284C,-1.0250001,-1.07,-0.68,-0.29,-0.37,0.32,1.52,0.25,-0.09,0.1,-0.05,-0.26,-0.61,-0.68,-0.14,0.12,0.44,0.63,0.22,-0.61,0.75,0.29,0.265,1
YGR285C,0.84000003,0.89,0.83,0.77,0.07,0.65,-0.37,0.48,-0.91,0.55,-1.1,0.38,-0.53,0.16,-0.74,0.38,-0.91,0.29,-0.91,-0.3,-0.94,0.37,0.23,0
YGR286C,0.495,0.4,0.025000006,-0.35,-0.42,-0.33,-0.4,-0.26,-0.65,0.12,-0.37,0.03,-0.42,-0.31,0.03,0.14,0.01,0.13,0.17,0.66,-0.02,0.36,0.375,0
YGR287C,0.33999997,0.26,-0.015000001,-0.29,0.05,0.14,0.38,-0.01,-0.48,0.19,-0.58,0.0,0.03,-0.31,-0.19,0.0,-0.29,0.03,-0.16,-0.1,0.19,0.2,0.22,0
YGR288W,0.2,0.2,-0.26000002,-0.72,0.06,-0.45,0.38,-0.21,0.22,0.12,0.22,0.14,0.12,-0.19,-0.48,-0.55,0.03,-0.23,0.74,0.45,0.65,-0.21,-0.29999998,0
YGR289C,0.11500001,-0.26,-0.44,-0.62,-0.09,0.07,0.54,0.03,0.04,0.3,0.2,0.37,0.17,-0.87,-0.08,-0.23,-0.09,-0.45,0.3,-0.49,0.2,0.33,0.29000002,0
YGR290W,-0.155,-0.44,-0.66499996,-0.89,0.06,-0.46,0.41,-0.22,0.42,0.3,0.38,-0.13,0.01,-0.77,0.34,-0.04,0.33,-0.37,0.54,0.01,0.88,-0.19,-0.024999999,0
YGR292W,-0.010000002,-0.1,-0.32500002,-0.55,0.09,-0.09,0.39,-0.07,0.19,0.07,-0.05,-0.03,-0.42,-0.6,0.3,0.28,-0.22,-0.39,0.24,-0.43,0.89,0.3,0.23,0
YGR293C,0.255,0.21,0.014999993,-0.18,-0.06,-0.16,0.15,-0.12,-0.31,0.08,0.08,0.0,0.07,-0.45,0.08,-0.19,0.37,-0.27,0.22,-0.31,0.68,-0.38,-0.22,0
YGR294W,0.25,0.01,-0.26,-0.53,0.15,-0.33,-0.19,-0.41,-0.16,-0.08,0.04,-0.01,0.04,-0.37,0.08,-0.13,0.69,-0.3,0.33,0.15,0.16,-0.13,-0.195,0
YGR295C,-0.12499999,0.01,-0.015,-0.04,0.46,0.02,0.0,-0.27,-0.26,0.16,0.33,0.32,1.11,0.14,0.22,-0.18,-0.37,-0.11,-0.12,-0.88,-0.12,-0.08,-0.08,0
YGR296W,0.32500002,-0.02,0.015000001,0.05,-0.68,-0.37,-0.34,-0.17,-0.25,1.16,0.92,0.71,0.22,0.38,-0.49,-0.34,-0.74,-0.34,-1.12,-0.02,0.08,0.52,0.325,1
YHL001W,0.075,0.15,0.055000003,-0.04,0.88,-0.46,0.42,-0.13,-0.03,0.28,-0.56,0.28,0.07,-0.03,0.28,-0.5,0.33,-0.26,0.31,-0.33,0.56,-0.67,-0.435,0
YHL002W,0.13499999,0.19,0.17,0.15,0.21,-0.18,0.12,-0.07,-0.14,-0.1,-0.26,-0.1,-0.16,0.21,0.26,-0.1,-0.82,-0.24,-0.2,0.26,-0.07,0.42,0.26999998,0
YHL003C,-0.53,-0.51,-0.295,-0.08,0.5,-0.26,0.41,-0.28,-0.1,-0.11,0.37,-0.01,0.33,0.42,0.73,-0.19,0.22,-0.3,0.59,0.25,0.55,-0.47,-0.48000002,0
YHL004W,-0.39499998,-0.47,-0.27,-0.07,-0.29,-0.07,-0.29,0.21,-0.38,0.38,-0.03,0.48,-0.01,0.33,-0.52,0.22,-0.39,0.29,-0.27,0.0,0.49,0.32,0.365,0
YHL007C,0.009999998,-0.19,0.005000003,0.2,-0.01,-0.33,-0.19,0.16,-0.39,-0.02,0.22,-0.23,-0.15,0.26,-0.08,0.06,-0.24,-0.26,0.35,0.91,0.5,-0.26,-0.33499998,0
YHL008C,0.09,0.44,0.465,0.49,1.3,0.28,0.87,0.3,0.23,-0.18,-0.22,-0.48,0.0,-0.13,0.28,-0.45,-0.16,-0.55,0.31,-0.16,0.64,-0.7,-0.7,0
YHL010C,-0.015000004,-0.15,-0.43,-0.71,0.38,-0.66,0.39,0.31,0.11,0.19,0.48,0.34,0.34,0.06,0.21,-1.1,0.26,-0.79,1.14,0.57,0.39,-0.61,-0.47500002,0
YHL011C,0.22999999,0.04,0.24499999,0.45,0.34,-0.26,0.16,0.0,-0.47,-0.19,0.09,0.27,-0.07,0.24,0.21,-0.34,0.0,-0.04,0.38,0.11,0.18,-0.73,-0.63,0
YHL014C,0.005,0.02,0.065,0.11,0.02,0.05,-0.48,0.08,-0.14,0.21,-0.44,-0.02,-0.12,-0.05,0.25,0.08,-0.32,0.15,0.17,-0.12,0.54,-0.28,-0.115,0
YHL015W,0.120000005,0.17,0.22999999,0.29,0.23,0.32,0.12,0.3,-0.54,0.34,-0.28,0.18,-0.6,0.27,0.2,0.08,-0.52,0.28,-0.77,0.03,-0.12,0.13,0.095,0
YHL017W,0.11,-0.09,-0.030000001,0.03,0.06,-0.14,0.23,0.21,-0.23,0.26,-0.05,0.12,-0.69,-0.02,0.09,-0.02,-0.27,-0.1,0.18,-0.61,0.58,0.04,-0.08499999,0
YHL018W,-0.049999997,0.03,0.205,0.38,0.31,0.18,0.44,-0.2,-0.22,0.01,-0.35,-0.02,0.08,-0.02,0.32,0.03,0.27,-0.41,0.36,-0.04,0.03,-0.33,-0.32,0
YHL020C,0.43,0.41,0.3,0.19,0.0,0.19,-0.27,0.35,-0.46,0.29,-0.6,0.08,-0.17,0.16,-0.15,-0.6,-0.35,-0.08,0.0,-0.08,-0.01,0.02,0.049999997,0
YHL023C,-0.020000001,-0.09,0.325,0.74,0.18,0.03,-0.08,-0.01,-0.03,0.0,-0.45,-0.04,-0.11,-0.01,0.05,-0.06,0.36,0.11,0.22,-0.39,0.68,0.09,0.040000003,0
YHL025W,0.155,0.13,0.28,0.43,-0.09,-0.2,0.0,0.21,-0.66,0.03,-0.26,-0.09,-0.07,-0.05,0.4,-0.16,-0.18,-0.27,-0.23,0.39,0.44,0.03,-0.16,0
YHL026C,-0.23500001,-0.33,-0.23500001,-0.14,0.24,0.12,0.43,1.04,0.99,-0.1,-0.08,-0.74,-0.38,-0.18,-0.2,-0.17,0.04,0.17,0.52,0.0,0.31,-0.51,-0.625,1
YHL027W,0.15,0.08,0.29,0.5,-0.32,0.49,0.28,0.37,-1.14,0.42,0.05,0.36,-0.38,0.21,-0.07,0.33,-0.92,0.2,-0.65,-0.6,0.04,0.11,0.105000004,0
YHL028W,-1.84,-1.99,-0.91,0.17,0.79,0.99,0.89,1.01,0.48,-0.83,-0.95,-1.21,-0.95,-0.21,0.25,0.92,0.88,0.86,0.8,0.97,0.91,0.25,0.075,1
YHL029C,-0.120000005,-0.27,-0.125,0.02,0.34,-0.52,0.41,0.06,-0.64,0.06,0.24,-0.06,-0.05,0.48,0.27,-0.35,0.13,-0.23,0.76,0.24,0.76,-0.57,-0.52,0
YHL030W,-0.525,-0.6,-0.10000001,0.4,0.14,-0.22,-0.2,0.04,0.13,0.25,-0.05,0.19,-0.03,-0.1,-0.01,0.01,0.11,0.04,0.34,-0.58,0.6,0.27,0.305,0
YHL031C,0.08,0.07,0.025,-0.02,-0.13,-0.36,-0.29,-0.15,-0.95,-0.1,-0.28,0.37,-0.12,0.66,0.37,-0.16,-0.18,-0.28,-0.15,0.87,0.36,0.23,0.175,0
YHL032C,-0.29999998,-0.58,-0.355,-0.13,-0.32,-0.23,-0.26,0.24,0.06,0.16,0.12,-0.08,-0.23,0.11,-0.18,-0.02,0.06,-0.16,0.26,0.27,0.43,0.36,0.20500001,0
YHL033C,-0.009999998,0.1,0.120000005,0.14,0.25,0.29,-0.12,0.13,-0.05,0.2,-0.07,0.19,-0.09,0.25,-0.21,-0.15,-0.43,0.0,-0.7,0.59,0.27,-0.02,-0.089999996,0
YHL034C,0.245,0.29,0.19,0.09,-0.21,-0.1,-0.51,-0.22,-0.4,0.07,-0.21,0.2,-0.38,0.47,-0.67,0.29,-0.67,0.1,-0.46,0.25,-0.83,0.87,0.74,0
YHL035C,-0.05,-0.1,-0.08,-0.06,0.05,0.11,0.23,0.19,-0.48,0.36,0.32,0.29,-0.01,0.37,-0.74,0.17,-0.44,0.1,-0.38,-0.4,0.07,0.21,0.114999995,0
YHL036W,-0.11999999,0.29,0.00999999,-0.27,0.15,-0.51,-0.13,-0.45,0.3,-0.72,0.03,-0.11,0.47,-0.01,0.22,-0.82,2.08,-0.41,0.3,0.04,0.92,-0.11,-0.12,0
YHL039W,0.235,0.03,-0.015,-0.06,0.12,-0.13,0.55,0.03,0.35,0.06,-0.08,0.11,-0.18,-0.06,0.45,-0.78,0.56,-0.16,0.28,-0.18,0.65,-0.49,-0.42000002,0
YHL040C,-0.4,-0.33,-0.48000002,-0.63,0.23,-0.28,0.66,0.21,0.68,0.06,-0.14,-0.02,0.36,-0.51,0.58,-0.12,0.44,0.07,0.72,-0.34,0.87,-0.53,-0.61,1
YHL043W,0.14500001,0.02,-0.09,-0.2,-0.09,0.13,0.54,-0.39,-0.39,0.21,0.28,-0.16,0.18,-0.12,0.38,0.18,0.4,-0.51,0.18,0.22,0.55,-0.39,-0.33499998,0
YHL044W,0.049999997,0.02,-0.14999999,-0.32,0.01,-0.2,0.47,-0.22,0.32,0.05,-0.05,0.08,0.09,0.08,0.81,-0.42,0.13,-0.73,-0.05,-0.44,0.63,-0.12,-0.085,0
YHL046C,0.395,0.25,0.045,-0.16,0.23,-0.25,0.21,-0.19,0.05,-0.13,-0.13,0.02,0.1,-0.39,0.27,-0.15,-0.08,-0.08,-0.07,-0.41,0.23,-0.23,-0.245,0
YHL047C,0.13499999,-0.08,-0.22999999,-0.38,0.21,-0.08,0.58,-0.15,0.09,0.29,0.58,-0.24,-0.13,-0.02,0.59,-0.03,0.06,-0.17,0.39,0.09,0.64,-0.6,-0.51,0
YHL048W,-0.275,-0.15,-0.060000002,0.03,0.36,-0.02,-0.03,-0.26,0.11,0.05,0.16,0.19,0.63,0.05,0.15,-0.19,0.31,-0.21,-0.08,-0.5,0.12,-0.09,-0.07,0
YHL049C,0.32500002,-0.2,-0.435,-0.67,-0.72,-0.86,-0.72,-0.08,0.17,1.31,1.15,0.88,0.5,0.26,-0.24,-0.62,-0.72,-0.83,-0.44,0.17,0.71,0.33,0.17500001,1
YHL050C,0.31,0.07,0.05,0.03,-0.44,-0.18,-0.64,0.25,0.2,0.84,0.7,0.53,0.21,0.22,-0.82,-0.06,-0.79,-0.42,-0.46,-0.16,-0.32,0.27,0.155,1
YHR001W,-0.29,-0.23,-0.020000003,0.19,0.02,-0.14,-0.08,-0.16,-0.16,-0.23,-0.25,-0.11,-0.2,0.08,0.56,0.03,0.06,-0.01,-0.13,0.56,0.43,0.15,0.09,0
YHR001W-A,-0.86,-0.57,-0.19,0.19,0.73,-0.55,0.5,0.02,0.6,-0.12,0.14,0.4,0.15,-0.09,0.27,-0.47,0.41,-0.5,0.38,0.22,1.1,-0.31,-0.25,0
YHR002W,0.185,0.15,0.055000003,-0.04,0.24,-0.72,0.28,-0.13,-0.1,-1.18,0.19,0.15,-0.1,0.52,0.05,-0.17,-0.17,-0.41,0.12,0.05,0.31,0.44,0.08499999,0
YHR004C,0.095,-0.18,-0.135,-0.09,0.07,-0.62,-0.12,-0.12,0.29,-0.34,-0.36,-0.34,0.0,0.0,0.3,-0.38,-0.16,-0.22,0.55,0.34,0.37,-0.09,-0.14500001,0
YHR005C,-0.255,-1.23,-1.155,-1.08,-1.72,-0.48,-0.31,0.58,0.09,0.87,0.25,-0.07,-0.72,-0.62,-0.75,-0.59,-0.98,0.15,-0.03,1.61,0.35,1.29,1.135,1
YHR005C-A,-0.24000001,-0.31,-0.065,0.18,-0.24,-0.43,0.21,0.0,0.09,-0.27,0.33,0.59,0.01,0.33,0.2,-0.25,-0.58,0.17,0.19,0.88,0.31,-0.36,-0.56,0
YHR006W,0.525,0.84,0.715,0.59,-0.69,0.41,-0.05,0.22,-0.72,0.44,-0.29,0.1,-0.64,0.15,-0.25,0.02,-0.54,0.28,-0.93,-0.47,-0.42,0.66,0.56,1
YHR007C,-0.28,-0.3,0.06999999,0.44,0.79,0.52,0.59,0.2,0.49,0.26,0.24,0.21,0.03,-0.12,0.03,0.15,0.24,0.11,-0.26,-0.91,-0.71,-0.4,-0.445,0
YHR008C,-0.235,-0.45,-0.25,-0.05,-1.06,0.08,-0.54,0.06,-0.98,0.54,0.2,0.39,-0.38,0.33,-0.05,-0.13,-0.48,0.44,-0.34,-0.05,0.41,-0.01,0.34,0
YHR009C,-0.010000002,0.07,0.099999994,0.13,0.19,0.12,-0.02,-0.04,0.01,0.2,-0.45,-0.04,-0.3,-0.16,-0.05,0.04,-0.02,0.17,-0.27,-0.29,-0.29,0.33,0.305,0
YHR010W,0.22,0.32,0.265,0.21,0.61,-0.13,0.25,0.1,0.18,0.01,0.18,0.01,-0.03,0.4,-0.28,-0.38,-0.21,0.01,-0.24,0.55,-0.71,-0.33,-0.375,0
YHR011W,-0.255,-0.45,-0.59000003,-0.73,-0.43,-0.45,-0.03,-0.45,-0.37,0.15,0.41,0.33,-0.23,0.61,-0.2,-0.27,0.02,-0.27,0.11,0.65,0.62,0.8,0.775,0
YHR012W,0.21000001,0.17,0.17,0.17,-0.08,0.04,-0.05,0.17,-0.39,-0.24,-0.52,-0.07,-0.26,0.04,-0.13,-0.3,-0.08,0.06,0.51,0.07,0.29,0.2,0.095,0
YHR015W,-0.435,-0.52,-0.014999986,0.49,0.03,0.34,0.23,0.32,-0.05,0.51,-0.15,0.47,-0.32,0.48,-0.28,0.13,-0.11,0.32,-0.09,-0.72,0.37,-0.6,-0.185,0
YHR016C,-0.275,-0.17,-0.255,-0.34,0.03,-0.5,-0.01,-0.13,-0.12,-0.29,-0.15,-0.04,0.12,0.18,0.31,-0.32,0.08,-0.27,0.5,0.35,1.09,0.16,0.029999997,0
YHR017W,0.0,0.06,0.04,0.02,-0.41,0.01,-0.12,0.16,-0.29,0.16,0.2,-0.04,0.02,0.23,-0.25,0.12,-0.52,0.01,0.01,-0.07,0.27,0.26,0.285,0
YHR018C,-0.68,-0.68,-0.335,0.01,-0.11,-0.25,-0.41,-0.24,-0.39,0.19,-0.33,0.29,0.05,0.31,-0.16,0.01,-0.1,-0.05,-0.52,0.2,0.19,1.01,1.06,0
YHR019C,0.074999996,0.13,0.205,0.28,-0.27,0.43,0.04,0.31,0.04,0.37,-0.09,0.22,-0.24,0.1,0.1,0.17,-1.49,0.13,0.0,-0.29,0.26,0.11,0.009999998,0
YHR020W,0.24000001,0.28,0.32999998,0.38,0.59,0.32,0.14,0.22,0.28,0.2,-0.15,0.03,-0.11,-0.11,-0.67,-0.06,-0.06,-0.04,-0.17,-0.11,-0.13,-0.23,-0.315,0
YHR021C,0.005000001,-0.04,0.04,0.12,-0.12,0.3,0.12,0.15,-0.2,0.15,0.0,0.12,-0.04,0.0,0.01,-0.14,-0.54,0.21,-0.07,-0.3,0.25,-0.04,-0.075,0
YHR021W-A,0.42,0.0,-0.14,-0.28,0.11,-0.18,0.53,0.05,-0.07,-0.08,0.06,0.42,0.04,-0.25,-0.2,-0.75,-0.03,-0.77,0.69,0.04,0.44,-0.7,-0.635,0
YHR023W,-0.96500003,-1.07,-0.485,0.1,0.28,0.91,0.97,0.97,-0.18,-0.01,0.01,-0.22,-0.23,-0.39,-0.29,0.14,-0.07,-0.77,0.63,1.12,0.42,-0.13,-0.18,1
YHR024C,-0.45499998,-0.53,-0.03499998,0.46,-0.07,-0.19,-0.29,0.09,-0.03,0.47,-0.03,0.36,-0.13,0.04,0.01,-0.1,-0.03,-0.14,-0.05,-0.19,0.42,0.19,0.1,0
YHR025W,-0.195,-0.24,-0.145,-0.05,0.62,-0.25,0.31,-0.27,0.62,-0.37,0.16,-0.15,0.22,-0.16,0.48,-0.37,0.32,-0.06,0.83,-0.06,0.61,-0.78,-0.575,0
YHR026W,-0.46499997,-0.4,-0.125,0.15,0.48,0.15,0.2,0.08,0.64,0.05,0.09,0.17,0.3,0.23,-0.43,0.04,0.21,0.32,0.57,-0.71,-0.55,-0.09,-0.19500001,0
YHR027C,-0.1,-0.06,0.045,0.15,-0.54,0.16,0.09,0.06,-0.63,0.32,-0.04,0.11,-0.31,0.18,-0.34,0.32,-0.22,0.29,-0.54,-0.18,0.15,0.34,0.37,0
YHR028C,0.14,0.1,0.010000002,-0.08,0.47,-1.33,0.04,-0.04,0.29,-0.38,0.01,0.22,0.45,0.27,0.18,-0.25,0.37,-0.27,0.58,0.44,0.29,-0.38,-0.655,0
YHR029C,-0.765,-0.62,-0.375,-0.13,0.06,-0.08,0.23,0.0,0.16,-0.18,-0.11,-0.13,-0.24,-0.02,0.53,0.09,-0.31,0.25,0.27,0.58,0.52,0.18,0.14500001,1
YHR030C,0.7,1.31,1.03,0.75,0.14,0.08,-0.48,-0.22,-0.44,0.15,-0.24,0.26,-0.39,0.09,-0.48,-0.24,-0.33,-0.08,-0.55,-0.62,-0.39,0.41,0.515,1
YHR032W,0.044999998,-0.04,0.07000001,0.18,-0.24,0.36,-0.34,0.26,0.3,0.23,-0.28,0.05,0.14,-0.04,0.1,0.25,0.02,0.14,0.01,-0.42,0.08,-0.24,-0.32999998,0
YHR033W,-0.08,-0.13,0.030000001,0.19,-0.11,0.42,-0.12,0.3,0.15,0.38,-0.41,0.02,-0.56,-0.09,-0.02,0.29,0.61,-1.09,0.52,-0.06,0.13,-0.23,-0.135,0
YHR034C,0.145,0.06,0.03,0.0,0.08,-0.1,0.29,0.09,0.35,0.25,0.06,-0.03,0.06,-0.07,0.05,-0.19,-0.15,-0.38,0.05,0.05,0.23,-0.05,-0.085,0
YHR035W,0.2,0.13,0.095,0.06,-0.03,-0.22,-0.29,-0.18,2.16,0.01,-0.07,-0.13,-0.11,-0.09,-0.43,0.06,0.06,-1.85,0.43,0.25,0.13,-0.2,-0.115,0
YHR036W,0.415,0.19,0.049999997,-0.09,-0.11,0.09,-0.57,-0.02,0.12,0.04,-0.2,0.3,0.07,0.28,0.37,-1.59,0.28,-0.02,0.41,0.15,0.4,-0.41,-0.285,0
YHR037W,-1.235,-0.96,-0.56,-0.16,-0.28,0.15,-0.19,0.02,-0.26,0.21,-0.29,0.19,-0.18,0.32,0.06,0.45,0.16,0.43,-0.15,0.02,-0.04,0.94,0.865,0
YHR038W,-0.065000005,-0.18,-0.2,-0.22,-0.38,-0.12,-0.12,0.08,0.08,0.37,-0.03,0.3,-0.16,0.08,-0.42,-0.11,0.1,0.01,-0.44,0.23,0.17,0.24,0.255,0
YHR039C,-0.05,-0.14,-0.275,-0.41,-0.16,-0.02,-0.03,0.05,0.08,0.76,0.72,0.82,0.48,0.18,-0.08,-0.16,-1.22,-0.22,-0.01,-0.63,0.56,0.23,0.055000003,0
YHR039C-A,0.17999999,0.04,0.5,0.96,-0.08,-0.36,0.12,0.27,-0.18,-0.49,-0.15,0.29,-0.26,0.54,0.07,-0.51,-0.8,-0.44,-0.03,1.16,0.07,-0.44,-0.26,0
YHR040W,-0.055,-0.12,0.065,0.25,-0.25,0.14,-0.27,0.14,-0.23,0.28,-0.27,0.28,0.04,0.11,-0.29,0.13,-0.02,0.11,0.21,0.08,-0.09,0.01,-0.14,0
YHR041C,-0.11,-0.06,0.045,0.15,0.03,0.12,0.07,0.11,0.6,0.0,-0.08,0.11,0.08,-0.16,0.12,-0.12,0.09,-0.14,0.44,-0.11,0.38,-0.19,-0.255,0
YHR042W,0.16999999,-0.17,-0.22999999,-0.29,-0.45,-0.32,0.16,-0.12,0.44,-0.17,0.63,0.87,0.82,0.11,-0.1,-0.74,0.08,-0.12,0.35,-0.08,0.33,-0.92,-0.63,0
YHR043C,0.120000005,0.07,0.045,0.02,-0.14,-0.17,-0.2,-0.09,-0.1,0.25,-0.22,0.13,-0.24,-0.27,-0.34,-0.03,-0.22,-0.01,0.07,0.23,0.18,0.29,0.26,0
YHR044C,-0.125,-0.15,-0.19,-0.23,0.39,-0.25,0.47,-0.33,0.09,0.06,-0.33,0.06,0.01,-0.12,0.04,-0.28,0.24,-0.18,0.58,-0.33,-0.03,0.2,0.13,0
YHR045W,0.074999996,-0.01,-0.06,-0.11,-0.21,0.14,-0.11,0.16,0.22,0.12,-0.08,-0.14,0.02,-0.04,-0.18,0.06,0.03,-0.06,0.14,-0.04,0.19,0.02,-0.09,0
YHR047C,-0.415,-0.51,-0.34,-0.17,-0.34,-0.13,-0.64,0.33,0.36,0.39,0.12,0.27,0.21,0.49,-0.19,-0.09,-0.41,-0.02,0.36,0.24,-0.34,0.37,0.225,0
YHR048W,0.335,0.11,0.085,0.06,0.36,0.1,0.3,0.02,0.18,0.26,-0.07,0.15,-0.27,-0.21,-0.17,0.15,0.21,-0.17,-0.17,-0.85,0.0,0.11,-0.089999996,0
YHR049C-A,-0.019999996,-0.22,-0.06,0.1,-0.02,-0.02,-0.42,-0.03,-0.21,0.3,-0.1,0.38,-0.39,0.09,-0.25,-0.1,0.13,0.12,-0.18,-0.09,0.28,-0.02,0.02,0
YHR049W,-0.17500001,-0.33,-0.275,-0.22,-0.51,-0.11,-0.21,0.17,-0.13,0.35,-0.3,0.32,-0.43,0.38,-0.58,0.39,-0.39,0.58,-0.07,0.17,-1.25,0.8,0.655,0
YHR050W,-0.114999995,-0.02,-0.13,-0.24,0.2,-0.34,0.22,-0.12,0.56,-0.04,0.3,0.24,0.53,0.03,0.66,-0.37,0.14,-0.23,0.75,-0.31,0.7,-0.52,-0.61,0
YHR051W,-1.185,-0.87,-0.425,0.02,0.24,0.32,0.34,0.52,0.55,0.29,0.06,0.11,0.11,0.34,-0.19,0.05,-0.11,0.48,0.18,0.16,-0.62,0.34,0.28,0
YHR052W,0.93,0.65,0.32,-0.01,-0.36,-0.04,0.23,0.0,-0.37,-0.36,-0.17,-0.14,-0.6,-0.1,-0.07,0.21,-0.45,0.03,-0.25,0.32,-0.19,0.09,-0.19,0
YHR053C,-0.21,-0.1,-0.565,-1.03,-0.84,-0.98,-0.64,-0.71,-0.87,0.44,0.32,0.53,-0.04,0.29,-0.03,0.85,-0.2,0.66,-0.7,0.2,-0.24,1.67,1.525,0
YHR054C,-0.465,-0.54,-0.455,-0.37,-0.2,-0.48,-0.09,-0.49,-1.26,-0.03,0.0,-0.17,-0.24,-0.27,0.71,0.44,0.37,0.24,-0.43,-0.38,1.36,1.58,1.09,0
YHR055C,-0.29,-0.19,-0.505,-0.82,-0.85,-0.97,-0.64,-0.59,-1.03,0.57,0.21,0.61,-0.13,0.24,-0.17,1.01,-0.12,0.75,-0.82,0.16,-0.27,1.65,1.505,0
YHR056C,-0.285,-0.25,-0.17,-0.09,0.1,-0.19,0.04,-0.19,-0.14,-0.16,-0.05,0.0,0.36,0.18,0.69,0.0,0.25,-0.05,0.62,-0.44,0.64,-0.03,-0.155,0
YHR057C,-0.125,-0.13,-0.15,-0.17,-0.45,0.01,-0.1,0.27,0.12,0.35,-0.22,0.46,-0.04,0.32,-0.53,0.08,-0.43,0.31,-0.25,-0.13,-0.22,0.37,0.305,0
YHR059W,-0.305,-0.26,-0.315,-0.37,-0.1,0.14,-0.03,0.3,-0.35,0.37,-0.38,0.38,-0.51,-0.79,-0.29,0.39,0.01,-0.1,-0.27,0.62,-0.19,0.69,0.585,0
YHR061C,0.5,0.71,0.85,0.99,0.92,0.43,-0.12,-1.09,-0.96,-0.15,0.11,0.81,0.54,0.4,0.82,0.61,0.61,-0.09,0.03,-0.83,-0.74,-0.7,-0.95500004,1
YHR063C,-0.019999996,0.27,0.29500002,0.32,0.02,0.35,-0.32,0.14,-0.54,-0.06,-0.67,0.36,-0.36,0.23,-0.18,0.37,0.02,0.2,-0.18,0.15,-0.54,0.21,0.23499998,0
YHR065C,0.445,0.29,0.215,0.14,-0.26,0.17,-0.09,0.17,-0.55,0.28,-0.55,-0.03,-0.78,-0.22,-0.18,0.14,-0.06,-0.04,-0.42,0.39,-0.01,0.24,0.074999996,0
YHR067W,0.32999998,0.16,-0.015000001,-0.19,-0.08,-0.39,-0.28,-0.15,-0.08,0.6,-0.1,0.39,-0.44,-0.28,-0.1,-0.19,0.0,-0.32,-0.1,-0.04,0.33,0.17,0.1,1
YHR069C,0.38,0.26,0.23499998,0.21,-0.25,0.19,-0.27,0.27,-0.41,0.39,-0.48,0.25,-0.7,-0.01,-0.48,0.4,-0.15,0.24,-0.28,-0.14,-0.62,0.1,0.09,0
YHR070W,-0.030000001,-0.2,-0.1,0.0,-0.06,0.12,0.02,0.07,-0.28,0.11,-0.16,0.16,0.0,0.0,0.18,0.18,0.43,0.11,-0.17,-0.02,0.28,-0.35,-0.45999998,0
YHR071W,-0.255,-0.19,-0.049999997,0.09,0.33,-0.03,-0.02,-0.37,-0.16,-0.25,-0.47,-0.11,0.29,0.6,0.26,0.02,0.09,0.04,0.04,-0.48,-0.27,-0.17,0.030000001,0
YHR072W,-0.34,-0.31,-0.085,0.14,0.42,0.31,0.37,0.35,-0.52,0.11,0.01,0.1,0.16,0.1,0.39,0.07,0.0,-0.12,0.38,0.0,0.26,-0.57,-0.58,0
YHR073W,0.145,-0.06,0.135,0.33,0.02,-0.07,-0.42,0.13,-0.04,-0.23,-0.14,0.1,-0.16,0.07,-0.14,0.04,-0.34,-0.14,0.26,0.48,-0.09,0.02,-0.115,0
YHR074W,-0.53499997,-0.44,-0.205,0.03,0.44,-0.06,0.2,-0.03,0.55,-0.14,0.11,0.09,0.38,0.02,-0.09,-0.09,0.0,-0.14,0.75,0.0,0.64,-0.29,-0.3,0
YHR076W,-0.11000001,0.08,0.18,0.28,0.11,0.21,0.11,0.06,-0.1,0.05,-0.26,0.27,-0.34,0.24,-0.23,0.32,-0.1,0.06,-0.41,-0.21,-0.39,0.32,0.14,0
YHR077C,0.19,0.18,0.22,0.26,-0.02,0.13,0.22,0.18,-0.32,-0.08,-0.1,-0.21,-0.23,0.06,-0.1,0.26,-0.67,0.08,0.0,0.23,-0.1,0.28,0.1,0
YHR078W,-0.19999999,-0.19,-0.14,-0.09,0.3,0.06,0.47,0.04,0.51,0.04,-0.19,0.1,0.32,-0.03,0.18,-0.05,0.21,-0.18,0.1,-0.86,-0.03,-0.06,-0.125,0
YHR079C,-0.05,-0.11,-0.055,0.0,0.25,-0.29,0.26,-0.08,0.19,-0.24,0.04,0.25,0.3,0.18,0.68,-0.19,-0.38,-0.17,0.45,0.27,0.12,-0.47,-0.535,0
YHR080C,-0.2,-0.2,-0.275,-0.35,0.11,-0.41,-0.32,0.23,0.22,-0.41,0.13,-0.09,0.29,-0.05,0.42,-0.5,0.19,0.13,0.73,0.51,0.42,-0.04,-0.26,0
YHR082C,-0.024999999,0.23,0.245,0.26,0.2,0.04,-0.09,-0.28,-0.32,-0.07,-0.37,0.01,0.04,0.02,-0.12,0.26,0.08,-0.12,0.4,0.09,0.24,-0.03,-0.095,0
YHR084W,0.075,-0.19,-0.315,-0.44,-0.42,-0.14,-0.48,-0.04,-0.26,0.03,-0.33,-0.01,-0.31,0.32,-0.57,-0.29,-0.27,-0.2,-0.09,0.55,0.23,0.7,0.7,0
YHR085W,0.46,0.23,0.195,0.16,-0.52,0.37,-0.57,0.3,-0.65,0.16,-0.25,-0.1,-0.3,0.34,-0.21,0.58,-0.43,0.21,-0.33,-0.36,-0.03,0.15,0.0,0
YHR086W,-0.51,-0.16,0.13,0.42,0.87,0.05,0.06,-0.4,0.03,-0.34,-0.13,0.12,0.63,0.28,0.69,0.25,0.52,-0.09,0.52,-0.43,-0.08,-0.6,-0.425,1
YHR088W,0.64,0.5,0.32,0.14,-0.3,0.14,-0.35,0.21,-0.76,0.26,-0.43,0.14,-0.6,0.04,-0.3,0.28,-0.43,0.21,-0.26,0.12,-0.1,-0.05,-0.105,0
YHR090C,0.205,0.25,0.125,0.0,-0.24,0.0,0.08,-0.02,-0.46,0.09,-0.37,-0.07,-0.4,0.09,-0.06,0.01,0.04,0.03,-0.07,0.18,-0.04,0.13,0.16,0
YHR092C,-0.76,-1.07,-0.63,-0.19,-0.33,-0.16,0.01,0.32,0.46,0.25,0.17,-0.09,-0.05,-0.52,0.28,0.18,0.84,0.21,1.21,-0.51,0.75,0.19,0.095,1
YHR093W,0.32,0.06,0.015,-0.03,0.13,-0.32,0.29,-0.6,0.31,-0.35,-0.02,0.05,0.41,-0.22,0.29,-0.31,0.23,-0.22,0.56,0.03,0.5,-0.19,-0.22,0
YHR094C,0.48499998,-0.19,-0.125,-0.06,-0.54,-0.69,-0.35,0.12,-0.02,-0.16,0.31,0.5,-0.14,0.71,0.54,-0.98,0.52,-0.25,0.61,-0.25,0.78,-0.86,-0.63,1
YHR096C,0.19,-0.19,-0.465,-0.74,0.38,-1.05,0.81,-0.48,1.21,-0.12,0.76,-0.57,0.47,-0.24,0.68,-0.68,0.89,-0.89,1.3,0.08,0.67,-0.79,-0.90999997,0
YHR097C,0.11000001,0.27,0.11000001,-0.05,-0.19,-0.63,-0.36,-0.5,-0.5,-0.02,-0.17,-0.22,0.15,-0.08,0.28,-0.42,-0.33,-0.42,-0.09,0.39,0.47,1.08,0.985,0
YHR098C,-0.015000001,0.08,0.375,0.67,0.0,0.45,0.04,0.04,-0.33,0.06,-0.09,0.0,0.02,0.48,0.45,0.2,-0.09,-0.02,-0.75,-1.06,0.06,0.06,0.01,1
YHR099W,-0.485,-1.2,-0.51500005,0.17,0.47,-0.37,0.29,-0.08,0.36,-0.53,-0.02,0.07,0.56,0.44,0.78,-0.33,0.12,-0.03,0.42,-0.05,1.07,-0.56,-0.515,0
YHR101C,0.0,0.03,-0.11,-0.25,0.31,-0.13,0.28,-0.27,0.28,-0.07,-0.25,-0.01,0.26,0.17,0.78,-0.15,0.01,-0.32,0.83,-0.01,0.43,-0.32,-0.385,0
YHR102W,-0.16,-0.18,-0.120000005,-0.06,0.45,-0.41,-0.02,0.13,0.11,-0.23,0.26,0.0,0.19,0.42,0.2,-0.3,0.22,-0.43,0.28,0.45,0.04,-0.21,-0.275,0
YHR106W,0.19,0.2,0.055,-0.09,-0.25,-1.38,-0.41,-0.15,-0.41,0.11,-0.17,1.21,0.05,0.09,0.18,0.0,0.04,-0.15,0.26,-0.06,0.09,0.22,0.2,1
YHR108W,-0.195,-0.01,0.2,0.41,0.23,0.47,-0.14,0.19,-0.41,0.07,-0.51,0.3,-0.25,0.38,-0.23,0.69,0.09,0.34,0.09,-0.75,-0.29,0.05,0.05,1
YHR110W,0.58500004,0.85,0.41500002,-0.02,-0.19,-0.57,-0.93,-1.02,-0.91,0.48,0.36,0.88,0.44,0.88,-0.36,0.15,-0.47,-0.41,-0.24,-0.25,-0.49,0.56,0.505,1
YHR112C,-0.155,-0.22,-0.225,-0.23,-0.08,-0.28,-0.6,-0.46,-0.23,0.28,-0.17,0.45,-0.15,0.34,-0.56,0.03,-0.11,0.09,0.16,0.26,0.14,0.29,0.41500002,0
YHR115C,0.09,0.07,0.15,0.23,0.05,0.51,0.46,0.41,0.08,0.36,-0.34,0.14,-0.09,0.02,-0.68,0.13,0.04,0.24,-0.38,-0.93,-0.4,0.0,-0.09,0
YHR116W,-0.52,-0.57,-0.68,-0.79,-0.31,-0.55,-0.31,0.09,-0.12,0.2,-0.12,0.13,-0.36,-0.24,0.26,0.01,-0.18,0.46,-0.13,0.56,0.25,0.54,0.725,0
YHR117W,-0.255,-0.04,-0.015,0.01,-0.09,0.02,1.1,0.1,-0.7,0.1,-0.06,0.29,0.17,0.37,-0.02,0.13,-0.49,0.02,-0.53,-0.07,-0.07,0.29,0.22,0
YHR119W,-0.14,-0.08,0.04,0.16,0.27,0.0,0.33,0.0,-0.02,-0.29,-0.07,-0.24,0.27,0.3,0.34,0.25,0.41,-0.02,-0.29,0.48,-0.03,-0.18,-0.285,0
YHR120W,0.25,0.39,0.099999994,-0.19,-0.1,-0.13,-0.29,0.04,2.05,0.23,-0.27,0.57,-0.36,0.28,0.17,-0.23,-0.32,-0.52,-0.15,-0.32,0.14,-0.47,-0.41500002,0
YHR121W,-0.02,0.1,0.09,0.08,-0.04,-0.08,0.01,0.01,-0.37,-0.03,-0.17,0.05,-0.23,0.34,-0.05,0.05,-0.25,0.12,-0.4,0.53,-0.42,0.4,0.335,0
YHR123W,0.17,0.17,0.065,-0.04,0.17,-0.56,0.06,-0.47,0.52,0.04,0.54,0.32,0.7,0.04,1.37,-0.49,0.19,-0.54,-0.05,-0.45,0.39,-0.54,-0.56,1
YHR127W,0.39999998,0.59,0.345,0.1,1.01,-0.51,-0.34,-0.28,-0.3,0.1,0.17,0.49,0.21,0.44,-0.54,-0.32,-0.56,-0.1,-0.95,0.18,-0.3,0.34,0.145,1
YHR129C,0.23499998,0.52,0.17999999,-0.16,0.1,-0.07,1.33,0.02,0.25,-0.12,-0.39,0.15,0.11,0.29,0.52,-0.18,-0.22,-0.22,-0.12,-0.52,-0.12,-0.36,-0.3,0
YHR130C,0.14,0.22,0.009999998,-0.2,0.28,-0.22,0.03,-0.05,0.03,0.03,0.01,-0.38,0.14,-0.14,0.14,-0.61,0.15,-0.18,0.39,0.29,0.53,-0.44,-0.3,0
YHR132C,-0.030000001,0.13,0.009999998,-0.11,0.1,0.15,-0.26,0.2,-0.29,0.14,-0.35,0.17,-0.16,0.03,-0.28,-0.02,1.12,0.13,0.14,0.06,-0.22,-0.22,-0.16499999,0
YHR134W,0.014999997,0.12,0.135,0.15,0.01,-0.1,-0.33,0.12,-0.38,0.02,-0.42,0.05,-0.53,0.11,0.28,-0.01,0.35,0.12,0.19,0.17,0.17,0.06,-0.03,0
YHR136C,-0.73,-0.53,-0.435,-0.34,-0.1,0.12,-0.17,0.3,-0.09,0.23,-0.28,0.36,-0.15,0.1,0.32,0.27,0.36,0.43,0.13,0.53,0.01,0.13,0.095,0
YHR137W,-2.295,-2.25,-1.335,-0.42,0.29,0.78,1.01,1.35,0.58,0.74,-0.08,0.18,0.4,0.02,0.0,0.56,0.51,0.52,0.37,-0.39,-0.12,0.16,0.07,1
YHR138C,-0.78,-0.81,-0.62,-0.43,0.1,-0.17,0.09,0.14,0.4,0.08,-0.31,-0.11,-0.36,-0.23,0.3,-0.05,0.79,0.24,0.49,0.23,0.24,0.05,0.07,0
YHR141C,-0.245,-0.17,-0.17,-0.17,0.08,-0.37,0.35,-0.03,0.0,0.03,0.32,0.09,-0.13,0.2,0.53,-0.3,0.14,-0.04,-0.49,0.9,0.34,-0.27,-0.27,0
YHR142W,0.13000001,0.27,0.28,0.29,0.54,0.09,0.59,-1.15,0.27,0.12,0.48,0.42,0.49,-0.16,-0.57,-0.57,-0.43,-0.24,0.03,-0.75,0.24,0.12,0.004999999,0
YHR143W,1.0250001,1.19,0.0,-1.19,-0.98,-0.36,-1.54,-2.1,-1.67,0.82,2.02,2.13,1.99,0.87,0.4,-0.52,-0.57,-0.94,-0.8,-1.14,0.55,1.01,1.065,1
YHR143W-A,0.32,0.2,0.2,0.2,0.12,0.27,0.02,0.29,-0.81,0.2,-0.02,0.19,-0.63,0.12,-0.34,0.21,-0.5,0.4,-1.07,0.0,-0.1,0.04,0.055,0
YHR144C,0.030000001,-0.37,-0.080000006,0.21,-0.17,-0.35,0.31,-0.1,-0.35,-0.09,0.21,0.1,-0.09,0.55,0.27,-0.17,-0.43,-0.2,0.04,0.48,0.53,-0.31,-0.265,0
YHR145C,0.55499995,0.52,0.565,0.61,0.37,0.41,-0.15,0.61,-0.33,0.26,-0.43,0.05,-0.56,0.3,-0.78,0.09,-0.84,-0.17,-0.59,0.03,-1.03,0.05,0.02,0
YHR146W,0.015000001,0.07,0.53000003,0.99,0.01,0.25,-0.25,-0.35,-0.93,-0.47,-0.5,-0.35,-0.35,0.87,0.19,0.63,-0.23,0.29,-0.14,0.95,-0.19,-0.06,-0.215,1
YHR147C,-0.825,-0.76,-0.53999996,-0.32,-0.2,-0.14,-0.03,0.12,-0.18,0.25,0.19,0.38,0.17,0.13,-0.16,0.24,-0.22,0.18,0.02,0.12,0.2,0.61,0.47500002,0
YHR148W,0.41000003,0.15,0.215,0.28,-0.32,0.05,0.05,0.14,-0.5,0.12,-0.16,0.06,-0.39,-0.13,0.11,0.36,-0.32,0.11,-0.66,0.25,0.3,-0.15,-0.315,0
YHR149C,0.45000002,0.18,0.23,0.28,-0.1,-0.32,-0.29,0.01,-0.05,0.4,0.27,0.41,0.29,0.43,-0.23,0.12,-0.29,-0.48,-0.2,0.05,-0.57,-0.08,-0.22999999,1
YHR151C,-0.47500002,-0.86,-0.68,-0.5,0.4,-0.5,0.91,-0.11,1.29,-0.65,0.32,-0.2,0.19,0.16,0.18,-0.75,0.87,-0.56,1.2,0.16,0.72,-0.63,-0.7,1
YHR159W,0.275,0.23,0.060000002,-0.11,-0.24,-0.39,0.0,-0.43,-0.26,0.39,0.05,0.27,-0.02,0.14,0.27,-0.18,-0.28,-0.34,-0.13,0.0,0.6,0.05,0.145,1
YHR161C,-0.135,-0.02,0.035000004,0.09,-0.05,0.15,-0.23,0.26,-0.29,0.08,-0.39,-0.04,-0.09,0.19,-0.05,0.06,-0.12,-0.14,-0.5,0.25,-0.02,0.43,0.485,0
YHR163W,-0.345,-0.31,-0.76,-1.21,0.13,0.34,0.35,0.49,0.3,0.27,-0.13,0.1,-0.05,-0.07,-0.02,-0.02,0.07,0.24,-0.17,-0.21,0.13,0.05,0.0,0
YHR165C,-0.24,-0.47,-0.32,-0.17,0.02,-0.41,0.05,-0.37,0.16,-0.01,0.19,0.26,0.77,-0.37,0.25,-0.37,0.43,-0.37,0.48,-0.08,1.12,-0.58,-0.30499998,0
YHR166C,0.04,0.07,0.060000002,0.05,0.08,-0.66,0.02,-0.09,0.36,-0.42,-0.07,-0.18,0.24,0.63,0.54,-0.36,0.19,-0.42,0.18,0.07,0.92,-0.35,-0.305,0
YHR167W,0.15,0.16,0.12,0.08,-0.02,-0.01,1.57,0.02,-0.37,-0.07,-0.13,0.02,0.0,0.1,-0.14,0.11,-0.22,0.08,-0.34,-0.14,-0.37,-0.08,-0.16,0
YHR168W,-0.28,-0.57,-0.495,-0.42,-0.42,-0.7,0.02,-0.09,0.4,0.01,0.33,0.24,-0.1,0.91,0.27,-0.24,-0.16,-0.47,0.14,0.66,0.47,0.1,0.105000004,0
YHR170W,0.625,0.33,0.365,0.4,0.12,0.21,-0.84,0.3,-0.86,0.21,-0.38,-0.02,-0.56,0.21,0.34,0.46,0.12,0.1,-0.48,0.33,-0.12,-0.44,-0.59000003,0
YHR171W,-0.074999996,-0.03,-0.155,-0.28,0.23,-0.33,-0.03,-0.36,0.2,-0.41,0.29,0.45,0.28,0.27,0.8,-1.7,0.3,-0.68,0.26,0.53,1.05,-0.07,-0.185,0
YHR172W,0.005,-0.02,0.24999999,0.52,0.48,-0.17,0.3,-0.43,-0.43,-0.45,0.47,0.16,0.69,0.3,0.82,-1.08,0.52,-1.15,0.31,0.64,0.83,-0.45,-0.44,1
YHR174W,-1.6600001,-1.6,-1.02,-0.44,0.37,-0.15,0.18,0.13,0.57,0.11,0.02,0.22,0.81,0.08,0.83,0.19,0.81,0.25,0.78,0.37,0.57,-0.28,-0.29500002,0
YHR175W,-0.58500004,-0.5,-0.14500001,0.21,0.47,0.05,-0.17,-0.1,-0.05,-0.27,0.05,0.21,0.46,0.14,0.21,0.12,0.53,-0.03,0.44,-0.3,0.39,-0.2,-0.17,0
YHR179W,0.035000004,-0.16,0.305,0.77,0.33,0.55,0.09,0.31,-0.47,0.1,-0.84,0.05,-0.52,0.1,-0.04,0.65,-0.29,0.41,-0.94,-0.22,-0.86,-0.07,-0.07,0
YHR181W,-0.255,-0.27,-0.155,-0.04,0.55,0.14,0.56,0.11,0.35,0.06,0.06,0.26,0.26,-0.03,0.39,-0.04,0.24,-0.08,-0.15,-0.73,-0.3,-0.33,-0.315,0
YHR183W,-0.605,-0.34,-0.050000004,0.24,0.71,0.64,0.77,0.46,0.67,0.0,-0.2,-0.09,-0.11,-0.13,-0.11,0.1,0.24,0.36,-0.09,-0.76,-0.48,-0.15,-0.185,0
YHR186C,0.10000001,-0.34,-0.135,0.07,-0.42,0.27,0.83,0.1,-0.54,0.25,0.02,-0.15,0.1,0.15,0.1,-0.01,-0.54,0.01,0.13,-0.47,-0.15,-0.04,0.095,0
YHR187W,0.35500002,0.33,0.135,-0.06,0.13,-0.05,0.02,0.38,0.11,-0.85,-0.29,-0.05,-0.01,0.25,0.47,-0.47,1.17,-0.82,0.18,-0.2,0.42,-0.42,-0.41,0
YHR188C,-0.3,-0.16,-0.04,0.08,-0.04,-0.25,-0.24,-0.19,-0.03,0.12,0.39,0.5,0.51,0.19,0.6,-0.22,0.03,-0.5,0.09,-0.14,0.71,-0.24,-0.22999999,0
YHR190W,-0.83000004,-0.68,-0.38,-0.08,0.02,0.14,-0.13,0.11,-0.18,0.24,0.14,0.38,0.14,0.14,0.43,0.11,0.07,0.14,0.05,0.21,0.71,0.04,0.005,0
YHR192W,0.044999998,0.13,-0.030000001,-0.19,-0.39,-0.24,-0.26,-0.05,-0.24,-0.16,-0.13,0.13,-0.02,0.24,0.96,-0.07,-0.24,-0.02,-0.31,0.52,0.34,0.06,0.044999998,0
YHR194W,-0.48000002,-0.61,-0.45,-0.29,-0.12,-0.12,0.05,-0.07,-0.26,-0.03,0.17,0.16,0.18,0.08,0.37,-0.19,0.04,-0.07,0.51,0.41,0.51,-0.06,-0.089999996,0
YHR196W,0.52,0.33,0.245,0.16,-0.12,0.23,-0.15,0.28,-0.58,0.19,-0.43,0.06,-0.56,-0.02,-0.13,0.4,-0.29,0.02,-0.09,0.3,-0.5,0.05,-0.155,0
YHR197W,0.2,0.0,0.075,0.15,0.34,0.16,0.34,0.3,0.29,0.16,0.04,-0.12,-0.09,-0.12,-0.07,0.4,0.26,-0.21,0.13,-0.45,-0.45,-0.41,-0.56,0
YHR198C,-0.265,-0.37,-0.175,0.02,-0.17,-0.81,0.01,0.04,-0.25,0.01,0.08,0.3,-0.08,-0.06,0.52,0.24,-0.01,0.13,0.23,0.02,0.59,0.03,-0.055,0
YHR199C,0.135,0.1,-0.02,-0.14,0.26,-0.33,-0.13,0.4,0.25,0.21,0.04,0.58,-0.08,0.14,-0.01,-0.71,0.18,-0.14,0.15,-0.35,0.52,-0.59,-0.45999998,0
YHR200W,0.074999996,0.12,0.175,0.23,-0.71,0.37,-0.35,0.03,-0.95,0.27,-0.48,0.23,-0.53,0.38,0.19,0.34,-1.59,0.53,-0.26,-0.33,0.14,0.81,0.755,0
YHR201C,0.215,0.2,0.15,0.1,-0.39,0.17,-0.24,0.1,-0.69,0.27,-0.66,0.33,-0.58,0.09,-0.37,0.18,-0.43,0.3,-0.58,0.24,-0.39,0.7,0.585,0
YHR203C,0.049999997,0.21,0.23499998,0.26,0.25,0.39,0.18,0.37,-0.06,0.37,-0.31,0.3,-0.45,0.17,-0.35,-0.06,-0.22,0.23,-0.59,0.12,-0.29,-0.03,-0.055,0
YHR204W,0.295,0.48,0.48,0.48,-0.1,0.39,0.11,0.0,-0.58,0.38,0.09,0.41,0.06,0.2,0.09,-0.19,0.55,-0.1,-0.94,-1.15,-0.19,0.09,-0.004999999,0
YHR205W,-0.08,-0.1,0.205,0.51,0.47,0.43,0.37,0.21,0.3,-0.15,-0.45,-0.35,-0.29,-0.12,-0.06,0.1,0.3,-0.01,-0.01,-0.17,-0.07,-0.33,-0.31,1
YHR207C,0.365,0.4,0.36,0.32,-0.15,0.25,0.05,0.13,-0.41,-0.01,-0.54,-0.03,-0.28,0.03,-0.13,0.2,0.0,0.03,0.0,-0.12,-0.05,0.03,-0.049999997,0
YHR211W,0.055,0.07,0.155,0.24,0.39,0.33,0.38,0.24,0.38,0.02,-0.17,0.01,0.18,-0.17,0.21,-0.22,0.03,-0.32,0.17,-0.61,0.09,-0.43,-0.375,0
YHR212C,0.275,0.4,0.275,0.15,0.26,-0.35,0.35,-0.25,0.3,-0.33,0.28,-0.22,0.51,-0.09,0.6,-0.15,0.15,0.03,0.15,0.12,0.38,-0.33,-0.505,0
YHR213W,0.25,0.25,0.135,0.02,0.41,-0.47,0.14,0.1,0.4,-0.22,0.35,0.07,0.31,-0.07,-0.12,-0.28,-0.03,-0.4,0.24,-0.34,0.13,-0.21,-0.25,0
YHR214C-B,0.13,-0.02,0.14,0.3,0.15,0.36,-0.05,0.48,-0.16,0.32,-0.25,0.28,-0.22,0.11,-0.38,-0.16,-0.55,-0.13,-0.34,0.13,-0.15,-0.1,-0.105000004,0
YHR216W,0.495,0.46,0.365,0.27,0.41,-0.12,0.07,-0.07,0.32,-0.27,0.0,-0.25,-0.1,-0.33,0.19,0.01,0.1,-0.02,0.16,0.03,0.38,-0.47,-0.47,0
YHR218W,0.26,-0.22,-0.41500002,-0.61,-0.76,-0.68,-0.73,-0.01,0.18,1.22,1.0,0.86,0.49,0.23,-0.32,-0.51,-0.97,-0.63,-0.32,0.08,0.58,0.44,0.23,1
YIL005W,-0.045,-0.02,0.125,0.27,-0.15,0.18,-0.02,0.05,-0.23,0.06,0.11,-0.09,0.05,0.03,0.35,0.13,-0.11,0.1,-0.23,-0.23,-0.4,0.13,0.24,0
YIL006W,-0.35,-0.44,-0.2,0.04,0.32,-0.2,0.61,0.21,0.39,0.06,0.07,-0.02,0.23,-0.16,0.16,-0.52,0.29,-0.38,0.61,-0.31,0.69,-0.44,-0.41,0
YIL007C,0.545,0.48,0.185,-0.11,-0.24,-0.43,0.48,-0.19,-0.17,0.01,0.01,-0.54,0.36,-0.24,0.14,-0.19,-0.24,-0.24,-0.26,-0.09,0.24,0.2,0.135,0
YIL008W,0.71500003,0.76,0.365,-0.03,0.15,0.23,0.12,0.41,-0.06,0.12,-0.47,-0.03,-0.33,-0.14,-0.49,-0.17,-0.33,-0.04,-0.74,0.07,-0.6,0.14,0.05,0
YIL009W,-0.109999985,-0.77,-0.86,-0.95,-1.44,-0.39,-0.67,0.2,-0.22,1.31,0.38,0.66,-0.26,-0.17,-0.44,-0.34,-0.84,0.03,0.07,-0.13,0.63,1.21,0.93,1
YIL010W,0.125,0.09,-0.009999998,-0.11,-0.34,0.01,-0.36,-0.01,-0.48,0.12,-0.52,0.16,-0.52,0.16,-0.62,0.23,-0.39,0.28,-0.56,0.15,-0.18,0.64,0.63,0
YIL011W,-0.555,-0.4,-0.15,0.1,0.17,0.38,0.39,0.31,0.41,0.12,-0.09,0.07,0.18,-0.1,0.06,0.07,0.08,0.4,0.6,-0.91,0.56,-0.07,-0.17999999,1
YIL013C,-0.15,-0.14,0.0,0.14,0.0,-0.38,0.06,0.03,0.22,0.17,-0.13,0.23,0.38,0.13,0.18,-0.05,0.01,-0.11,0.47,-0.54,0.49,-0.23,-0.345,0
YIL014W,0.16,0.11,0.095,0.08,0.21,0.33,0.26,0.17,0.06,-0.18,-0.42,-0.07,-0.31,-0.4,-0.24,-0.04,0.21,-0.22,0.03,0.14,0.25,-0.53,-0.375,0
YIL015C-A,-0.08,-0.05,0.16,0.37,-0.05,0.03,-0.1,0.19,-0.11,0.3,-0.1,0.43,-0.26,0.09,-0.33,-0.02,-0.19,0.05,-0.36,-0.67,0.31,-0.05,0.14,0
YIL016W,0.195,0.15,-0.019999996,-0.19,0.18,-0.26,0.2,-0.26,-0.1,0.12,-0.23,0.26,-0.2,-0.37,0.12,-0.34,-0.05,-0.16,0.31,0.3,0.11,0.2,0.035000004,0
YIL017W,-0.5,-0.51,-0.53999996,-0.57,0.07,-0.89,0.04,-0.47,0.54,-0.32,-0.21,0.43,0.32,-0.32,2.49,-0.63,0.13,-0.51,0.63,0.41,0.81,-0.32,-0.004999995,0
YIL018W,-0.255,-0.13,0.04,0.21,0.4,0.2,0.14,0.21,0.51,0.04,0.76,0.21,0.21,0.01,0.42,-0.34,0.01,0.08,0.23,-0.42,-0.84,-0.36,-0.38,0
YIL019W,0.925,0.73,0.37,0.01,-0.38,0.13,-0.02,0.16,0.05,0.02,-0.94,-0.13,-0.18,0.21,-0.27,0.31,-0.73,0.09,-0.23,0.45,-0.42,-0.25,-0.395,0
YIL020C,0.265,0.24,0.22,0.2,0.12,0.05,0.08,0.1,0.21,0.03,-0.23,0.1,-0.06,0.08,-0.15,-0.15,0.12,0.03,0.23,-0.23,-0.53,-0.02,-0.23,0
YIL021W,0.135,0.07,0.085,0.1,-0.22,-0.04,-0.06,-0.04,-0.35,-0.01,0.0,0.07,-0.21,-0.04,0.14,0.13,-1.47,0.17,-0.01,0.64,0.0,0.31,0.125,0
YIL022W,-0.155,-0.17,-0.08,0.01,-0.39,0.01,-0.48,0.25,-0.2,0.29,-0.13,0.22,-0.26,0.28,-0.34,0.28,0.08,0.02,0.24,0.11,-1.06,0.6,0.48000002,0
YIL023C,-0.195,-0.21,-0.45,-0.69,0.41,0.17,0.3,0.08,0.3,0.04,-0.13,0.2,0.13,-0.29,0.53,-0.25,-0.82,0.09,0.79,-0.38,0.71,-0.24,-0.325,0
YIL024C,0.030000001,-0.09,-0.14500001,-0.2,0.14,0.19,0.22,0.26,0.18,-0.02,-0.2,-0.39,-0.29,-0.43,0.31,0.02,0.38,-0.14,0.51,-0.21,-0.13,0.0,-0.145,0
YIL026C,0.41500002,0.49,0.29500002,0.1,-0.96,-0.26,-0.69,-0.37,-0.22,0.18,0.14,0.21,0.58,0.39,0.14,-0.2,0.14,-0.24,0.44,0.04,-0.3,0.15,0.060000002,1
YIL027C,0.095,0.05,0.105,0.16,0.09,0.03,0.23,-0.03,-0.14,0.01,-0.23,-0.02,-0.15,-0.13,0.21,-0.03,-0.08,0.05,-0.06,-0.02,0.07,-0.13,-0.2,0
YIL030C,-0.175,-0.22,-0.030000001,0.16,0.41,0.19,0.25,-0.44,0.32,-0.15,0.0,0.03,0.13,-0.3,0.13,-0.17,0.6,-0.3,0.64,-0.03,0.19,-0.47,-0.375,0
YIL031W,0.2,0.12,0.14,0.16,0.12,0.16,0.12,0.12,-0.24,-0.18,-0.2,-0.05,0.07,0.47,-0.32,0.31,-0.03,-0.09,-0.18,-0.41,0.05,0.08,-0.08,0
YIL033C,0.405,0.19,0.095,0.0,-0.73,-0.03,-0.47,0.04,-0.22,0.5,0.05,0.32,-0.34,0.05,-0.4,-0.04,-0.33,-0.07,-0.1,-1.0,0.2,0.41,0.385,0
YIL034C,-0.79499996,-0.71,-0.45499998,-0.2,-0.08,0.18,-0.24,0.11,0.0,0.33,-0.2,0.33,-0.03,0.12,-0.3,-0.06,0.02,0.22,0.0,0.11,0.08,0.5,0.5,0
YIL035C,0.4,0.33,0.18,0.03,-0.69,0.32,-0.5,0.36,-0.4,0.4,-0.14,0.21,-0.33,0.01,-1.02,0.18,-0.64,0.35,-0.53,-0.33,-0.18,0.64,0.48,0
YIL036W,0.14,0.09,0.0,-0.09,-0.49,0.26,-0.16,0.27,-0.38,0.43,-0.51,0.07,-0.54,-0.3,-0.3,0.19,-0.08,0.15,-0.24,0.46,-0.13,0.34,0.41500002,0
YIL037C,-0.19,-0.15,-0.19,-0.23,0.21,0.1,0.33,-0.05,0.16,-0.36,-0.25,-0.19,0.04,0.33,0.3,0.08,0.45,0.2,0.24,-0.39,0.43,-0.36,-0.315,0
YIL038C,0.395,0.3,0.08500001,-0.13,-0.25,0.21,-0.19,0.12,-0.25,0.05,-0.4,-0.07,-0.29,0.05,-0.43,0.1,0.03,-0.11,-0.02,0.38,-0.19,-0.11,-0.02,0
YIL039W,0.155,0.24,0.285,0.33,-0.11,0.5,-0.11,0.42,-0.18,0.31,-0.15,0.28,-0.26,0.21,-0.38,0.29,-0.28,0.28,-0.18,-1.13,-0.59,0.15,0.080000006,0
YIL040W,0.06999999,-0.15,-0.120000005,-0.09,0.09,0.2,0.24,0.21,0.39,0.5,0.01,0.31,-0.03,-0.33,-0.16,-0.01,0.13,0.01,-0.04,-0.61,-0.24,-0.23,-0.26500002,0
YIL041W,-0.095,-0.07,0.055000003,0.18,-0.23,0.19,-0.23,0.17,-0.29,0.21,-0.61,0.17,-0.41,0.02,-0.22,0.17,-0.17,0.28,-0.16,0.09,0.48,0.31,0.165,0
YIL042C,-0.009999998,-0.11,0.009999998,0.13,-0.64,0.15,-0.22,0.21,-0.22,0.37,-0.25,0.53,0.05,0.14,0.26,0.41,-0.11,-0.28,0.34,-0.62,-0.16,0.14,-0.089999996,0
YIL043C,-0.145,-0.12,0.02,0.16,0.14,0.16,0.12,0.15,0.43,0.07,-0.19,0.16,-0.04,-0.01,-0.07,-0.19,-0.19,0.15,0.29,-0.12,0.48,-0.29,-0.37,0
YIL044C,0.17999999,0.26,0.16499999,0.07,-0.04,-0.45,-0.08,0.23,-0.2,0.13,-0.29,0.1,-0.14,0.24,-0.18,0.1,-0.27,0.24,0.01,-0.22,-0.67,0.54,0.33,0
YIL045W,-0.12,-0.13,-0.185,-0.24,-0.07,-0.2,-0.23,-0.2,0.17,-0.09,1.07,-0.06,0.14,-0.32,-0.15,-0.37,-0.06,-0.1,0.01,0.36,0.42,0.27,0.185,0
YIL046W,0.23500001,0.2,0.13,0.06,-0.45,0.0,-0.42,0.15,-0.37,0.3,-0.32,0.26,-0.22,0.09,-0.18,0.12,0.09,-0.08,0.1,0.18,-0.16,0.33,0.055000007,0
YIL047C,0.055000003,0.18,0.265,0.35,0.63,0.28,0.52,0.09,0.49,-0.12,-0.18,0.07,0.24,-1.57,0.26,-0.12,0.36,-0.07,0.75,-0.26,0.33,-0.8,-0.865,0
YIL048W,-0.04,0.0,0.07,0.14,0.83,-0.23,0.36,-0.08,0.31,-0.73,-0.32,1.24,0.03,-0.21,0.37,-0.17,0.53,-0.32,0.18,-0.5,0.27,-0.36,-0.52,0
YIL049W,-0.52,-0.44,-0.29500002,-0.15,0.33,0.03,0.72,0.18,0.58,-0.25,0.01,-0.49,0.25,-0.08,0.37,-0.35,0.16,-0.09,0.84,-0.32,0.76,-0.33,-0.44,0
YIL050W,-0.645,-0.18,0.08,0.34,0.21,0.44,0.15,0.61,-0.09,-0.17,-0.48,0.0,-0.03,0.28,0.57,0.24,0.38,0.04,0.26,0.12,-0.17,-0.11,-0.21000001,1
YIL051C,-1.1949999,-1.12,-0.64,-0.16,-1.24,0.43,0.91,0.81,1.13,0.54,0.44,0.4,0.29,0.04,0.13,-0.16,-0.27,0.16,0.43,-0.34,0.04,-0.21,-0.27,0
YIL052C,0.115,0.22,0.16499999,0.11,0.28,0.11,0.11,0.18,0.04,0.24,0.0,0.14,-0.09,0.28,-0.43,-0.12,-0.35,0.14,-0.35,0.27,-0.9,0.14,-0.005000003,0
YIL053W,-0.099999994,-0.39,0.225,0.84,0.22,1.17,0.54,0.82,0.11,0.61,-0.31,0.24,-0.68,0.24,-1.04,0.86,-0.19,0.72,-0.39,-1.36,-1.71,-0.44,-0.515,0
YIL054W,-0.074999996,-0.12,-0.14,-0.16,0.04,-0.01,0.49,0.01,0.36,0.03,-0.38,-0.19,0.08,-0.6,0.83,-0.32,-0.01,-0.23,0.56,-0.32,0.91,-0.16,-0.15,0
YIL055C,-0.13,-0.28,0.0,0.28,-0.55,0.02,0.09,-0.03,-0.15,0.34,1.46,-0.21,-0.5,0.09,-0.29,-0.57,-0.23,-0.08,-0.44,-0.29,0.1,0.39,0.29999998,0
YIL056W,-0.315,-0.27,-0.00500001,0.26,0.38,0.51,0.27,0.31,0.17,0.04,-0.49,-0.22,-0.24,-0.76,0.08,0.26,0.77,0.26,0.48,-0.22,-0.32,-0.21,-0.35,1
YIL057C,-0.45499998,-0.42,-0.22999999,-0.04,-0.26,0.36,0.26,0.13,0.27,-0.02,-0.02,0.18,0.07,0.3,-0.44,0.17,0.56,0.24,0.64,-0.33,0.05,-0.14,-0.18,0
YIL058W,0.2,0.13,0.23,0.33,0.17,0.03,-0.01,0.08,0.13,-0.03,-0.38,-0.22,-0.31,-0.36,-0.07,-0.01,0.15,-0.29,0.01,0.08,0.28,-0.05,-0.060000002,0
YIL059C,0.31,0.25,0.29000002,0.33,-0.34,0.32,0.12,0.27,-0.29,0.21,-0.27,-0.16,-0.16,0.11,-0.63,0.22,0.0,0.02,-0.14,-0.51,-0.34,0.17,0.065,0
YIL060W,0.63,0.6,0.58500004,0.57,0.13,0.37,-0.24,0.65,-0.28,0.45,-0.65,-0.07,-0.65,0.15,-0.8,0.06,-0.77,-0.15,-0.65,0.29,-1.17,0.23,0.215,0
YIL062C,-0.24000001,-0.11,0.004999999,0.12,0.04,0.13,-0.39,0.15,-0.36,0.26,-0.54,0.3,-0.46,0.03,-0.31,0.09,-0.27,0.24,-0.48,0.4,-0.24,0.63,0.58500004,0
YIL063C,0.68499994,0.78,0.605,0.43,-0.33,0.29,-0.41,0.15,-0.55,0.27,-0.23,0.29,-0.09,0.45,-1.28,0.18,-1.01,0.22,-0.71,-0.01,-0.78,0.42,0.32999998,0
YIL064W,0.89,0.83,0.59,0.35,0.05,0.26,0.05,0.36,-0.3,0.35,-0.61,0.25,-0.51,-0.24,-0.61,-0.21,-0.53,0.09,-0.16,-0.04,-0.53,-0.18,-0.095000006,0
YIL065C,0.28,0.25,0.045,-0.16,-0.34,-0.25,-0.24,-0.07,-0.25,0.54,-0.24,0.24,-0.48,0.01,-0.15,-0.3,-0.58,0.02,-0.13,0.09,0.37,0.61,0.41,0
YIL066C,1.135,1.03,0.23499998,-0.56,-1.47,-1.14,-2.42,-1.21,-1.34,0.89,1.37,1.32,1.65,0.92,0.52,0.0,-0.01,-0.4,-0.08,0.07,-0.1,0.29,0.21,1
YIL067C,-0.255,-0.55,-0.3,-0.05,0.55,-0.43,0.4,-0.18,0.63,-0.16,-0.03,-0.03,0.24,-0.49,0.99,-0.4,0.02,-0.29,0.69,0.08,0.74,-0.29,-0.29,0
YIL068C,0.275,0.35,0.375,0.4,-0.75,0.4,-0.05,0.37,-0.5,0.43,-0.21,0.11,-0.47,0.09,-0.36,-0.19,-0.1,0.28,-0.86,-0.05,-0.5,0.61,0.455,0
YIL069C,-0.025,0.05,0.18,0.31,0.51,0.1,0.24,0.1,0.26,-0.04,-0.21,-0.01,-0.11,0.02,0.18,-0.24,-0.32,0.03,0.36,-0.04,-0.08,-0.25,-0.315,0
YIL070C,-0.855,-0.72,-0.52,-0.32,-0.75,-0.35,-0.71,-0.06,-0.5,0.39,-0.21,0.63,0.04,0.76,-0.26,0.56,0.07,0.54,-0.4,0.4,-0.55,1.06,0.90999997,0
YIL073C,-0.040000003,0.07,-0.11500001,-0.3,0.38,-0.32,0.38,0.01,0.18,-0.17,0.01,-0.42,0.24,-0.32,0.62,-0.44,0.69,-0.08,1.02,0.13,0.43,-0.68,-0.53,0
YIL074C,-0.010000005,0.13,0.265,0.4,0.17,-0.3,-0.3,-0.15,-0.55,0.11,-0.1,0.44,0.15,0.45,0.26,0.01,-0.22,0.05,-0.28,-0.76,0.04,0.02,0.23,1
YIL075C,-0.41,-0.45,-0.24,-0.03,-0.16,0.18,-0.22,0.22,-0.33,0.22,-0.27,0.17,-0.2,0.1,-0.39,0.29,0.26,0.19,0.0,-0.35,0.29,0.47,0.345,0
YIL076W,0.40999997,0.53,0.285,0.04,-0.45,-0.43,-0.72,-0.41,-0.7,-0.02,-0.18,0.21,0.03,0.55,-0.02,-0.04,-0.13,-0.06,-0.18,0.24,-0.17,0.46,0.37,1
YIL077C,-0.075,0.1,0.1,0.1,-0.53,0.3,-0.28,0.41,-0.09,0.44,-0.33,0.17,-0.3,-0.11,-0.99,0.11,-0.3,0.2,-0.23,-0.23,-0.3,0.8,0.77,0
YIL078W,-0.03,0.06,0.14999999,0.24,-0.14,0.26,-0.14,0.17,-0.27,0.14,0.04,-0.04,0.01,0.01,-0.42,0.12,0.07,-0.01,0.17,0.35,-0.42,0.15,0.015000004,0
YIL079C,0.62,0.49,0.41500002,0.34,-0.65,0.3,-0.3,0.33,0.0,0.41,-0.41,0.11,-0.46,0.28,-1.0,0.53,-0.25,0.31,-0.21,-0.44,-1.11,0.21,0.089999996,0
YIL082W,-0.195,-0.16,0.04,0.24,-0.63,0.47,-0.68,0.41,0.13,0.22,-0.38,0.17,-0.56,-0.01,-0.92,0.35,-0.01,0.32,0.07,-0.68,-0.49,0.32,0.45,0
YIL082W-A,-0.095,-0.19,-0.055,0.08,0.04,-0.21,-0.05,-0.08,0.07,-0.11,-0.42,0.39,0.31,0.45,-0.17,-0.31,-0.09,-0.21,0.14,-0.05,0.61,-0.26,-0.105,0
YIL084C,0.425,0.28,0.375,0.47,-0.23,0.54,-0.82,0.34,-0.01,0.27,-0.32,0.11,-0.46,0.24,-0.7,0.38,-0.32,0.3,-0.73,-0.48,-0.73,0.27,0.19,0
YIL085C,0.225,0.28,0.345,0.41,0.28,0.41,-0.02,0.34,-0.18,0.07,-0.4,0.17,-0.22,-0.81,-1.3,0.25,0.15,0.23,0.2,0.37,-0.33,0.09,-0.045,0
YIL086C,-0.005000001,-0.05,0.26999998,0.59,-0.25,0.12,-0.17,0.29,-0.54,0.23,-0.32,-0.04,-0.51,-0.07,0.07,-0.4,0.35,0.1,-0.26,-0.14,0.85,0.19,0.21000001,0
YIL087C,-0.45999998,-0.53,-0.27999997,-0.03,0.11,0.02,0.0,0.16,0.07,0.11,-0.15,0.65,0.0,-0.94,-0.56,-0.19,0.09,0.17,0.8,0.22,0.35,0.17,0.2,0
YIL088C,-1.17,-0.95,-0.53999996,-0.13,-0.09,0.16,0.96,0.19,0.32,0.38,-0.02,0.35,0.01,0.16,0.2,0.2,0.33,0.25,0.19,-0.7,-0.1,0.29,0.255,0
YIL089W,-0.05,-0.14,-0.15,-0.16,0.02,-0.24,-0.02,-0.02,-0.02,-0.21,-0.37,0.69,0.0,-0.35,0.11,-0.03,0.41,-0.02,0.44,0.15,0.19,0.12,-0.06,0
YIL090W,-0.37,-0.49,-0.255,-0.02,0.26,0.16,0.69,0.14,0.99,-0.02,0.19,-0.1,0.13,-0.33,-0.59,-0.45,0.05,0.03,0.47,-0.07,0.63,-0.49,-0.53999996,0
YIL091C,0.525,0.36,0.2,0.04,-0.17,0.02,-0.38,0.39,-0.34,0.08,-0.41,-0.3,-0.1,0.07,-0.22,0.17,0.28,0.0,0.11,0.24,-0.38,-0.01,-0.22,0
YIL092W,0.095000006,-0.08,0.005000003,0.09,-0.18,-0.15,0.12,0.24,0.15,0.06,-0.24,-0.21,-0.01,0.03,0.63,-0.21,-0.33,0.06,0.36,0.33,0.77,-0.81,-0.685,0
YIL093C,-0.445,-0.44,-0.48499998,-0.53,-0.69,-0.24,-0.42,0.17,-0.47,0.34,-0.18,0.25,-0.22,0.25,-0.59,0.06,-0.28,0.34,0.14,0.76,-0.1,0.9,0.725,0
YIL094C,-0.445,-0.15,0.24499999,0.64,0.41,0.69,0.45,0.54,0.38,0.1,-0.55,-0.12,-0.47,0.04,-0.47,0.17,-0.69,0.31,-0.35,0.34,-0.1,0.1,0.025,1
YIL095W,-0.105,0.14,0.15,0.16,0.34,0.22,0.23,0.11,0.04,-0.17,-0.31,0.51,-0.23,-0.17,0.08,-0.17,0.07,0.02,0.04,-0.19,0.19,0.02,-0.065000005,0
YIL096C,0.58500004,0.32,0.065,-0.19,-0.21,-0.04,0.09,-0.18,0.13,0.19,-0.22,-0.12,-0.1,0.23,-0.18,-0.18,-0.12,-0.29,0.02,0.26,0.2,-0.26,-0.43,0
YIL097W,0.030000001,-0.27,-0.48000002,-0.69,-0.43,-0.32,-0.17,0.11,-0.11,-0.03,-0.04,0.08,0.13,-0.17,0.3,-0.43,0.01,-0.36,0.05,0.71,0.03,0.44,0.29,0
YIL098C,-0.32,-0.31,-0.335,-0.36,-0.62,-0.25,-0.3,0.31,-0.61,0.44,-0.22,0.32,-0.11,0.02,0.04,0.08,-0.75,0.05,-0.51,0.67,-0.08,1.37,1.0550001,0
YIL100W,-0.08,-0.12,-0.105000004,-0.09,0.24,-0.31,0.69,-0.07,0.47,0.05,-0.47,0.78,0.17,0.28,0.66,-0.45,-0.14,-0.25,0.13,0.13,1.17,-0.66,-0.725,0
YIL101C,-0.53499997,-0.75,-0.635,-0.52,0.13,-0.16,-0.39,-0.06,0.37,-0.02,-0.16,-0.15,0.22,-0.23,0.53,-0.32,0.49,-0.17,0.98,0.07,0.38,-0.03,0.010000001,0
YIL102C,-0.39,-0.34,-0.145,0.05,0.1,-0.04,0.35,0.02,0.46,0.1,0.1,-0.17,0.23,0.41,0.0,0.02,0.15,-0.11,0.64,0.09,0.64,-0.57,-0.53,0
YIL103W,0.325,0.26,0.145,0.03,-0.02,0.24,-0.29,0.04,-0.29,-0.05,-0.48,0.08,-0.48,-0.08,0.08,0.27,0.11,0.16,0.07,0.15,-0.25,-0.14,-0.195,0
YIL104C,0.435,0.23,-0.009999998,-0.25,-0.47,0.01,-0.45,0.14,-0.38,0.09,0.49,0.78,0.61,0.31,-0.7,-0.13,-0.47,-0.17,-1.01,-0.98,0.02,0.58,0.53499997,1
YIL105C,0.145,0.21,0.39,0.57,0.38,0.43,0.72,0.21,-0.66,0.3,-0.31,0.05,-0.47,0.36,-0.09,0.24,-0.36,0.24,-0.92,-0.34,-0.22,0.26,0.185,0
YIL106W,-0.42000002,-0.41,0.030000001,0.47,0.2,1.13,0.64,1.2,0.02,0.33,-0.83,-0.39,-0.86,-0.3,-0.95,0.33,-0.55,0.83,-0.39,-0.24,0.0,0.23,0.005000003,1
YIL107C,0.375,0.55,0.09,-0.37,-0.09,-0.39,-0.47,-0.16,-0.59,-0.02,-0.28,0.34,-0.31,-0.23,0.13,0.07,0.07,-0.1,0.27,0.47,0.31,0.22,0.12,0
YIL108W,0.285,0.33,0.19500001,0.06,-0.22,0.22,0.33,0.25,-0.35,0.31,-0.19,0.18,0.12,-0.12,-1.07,0.0,-0.07,-0.01,-0.45,-0.84,0.24,0.25,0.19,0
YIL109C,-0.26,-0.2,-0.08,0.04,0.2,0.09,-0.49,0.14,0.06,0.25,-0.04,0.15,-0.06,0.18,-0.18,-0.07,0.38,-0.16,0.46,0.14,-0.09,-0.09,-0.1,0
YIL110W,0.53499997,0.49,0.41500002,0.34,0.25,0.6,0.22,0.55,-0.42,0.49,-0.35,0.27,-0.06,-0.1,-0.56,0.3,-0.56,0.4,-0.79,-1.1,-0.95,-0.3,-0.18,0
YIL111W,-0.89,-0.38,-0.68,-0.98,-0.24,-0.61,-0.56,-0.12,-0.28,-0.14,-0.42,0.23,-0.19,0.22,0.09,0.26,0.48,0.01,0.26,0.86,0.03,0.68,0.545,0
YIL112W,0.25,0.31,0.34,0.37,-0.11,0.69,-0.65,0.7,-0.6,0.16,-0.51,0.0,0.21,0.02,-0.06,0.25,-0.42,0.17,0.14,-0.44,-0.42,-0.4,-0.23,0
YIL113W,-0.28,-0.38,-0.39999998,-0.42,0.16,-0.26,0.11,-0.31,-0.08,-0.73,-0.3,0.29,0.08,-0.4,0.05,-0.38,0.69,-0.03,0.76,0.5,0.38,-0.01,0.114999995,0
YIL114C,-0.25,-0.5,-0.44,-0.38,-0.6,-0.8,-0.07,-0.19,0.2,0.15,0.59,0.32,0.24,0.2,0.6,-0.45,0.04,-0.27,0.24,0.54,0.85,-0.45,-0.29,1
YIL115C,-0.05,-0.07,0.335,0.74,0.36,0.02,0.68,0.14,0.26,-0.8,0.15,-0.27,0.46,-0.12,0.18,-0.42,0.47,-0.48,-0.03,0.11,0.49,-0.77,-0.385,0
YIL116W,-0.185,-0.12,-0.074999996,-0.03,-0.08,-0.3,0.11,-0.23,-0.97,-0.25,-0.02,0.1,-0.09,0.67,0.67,-0.07,-0.44,0.01,-0.15,0.51,0.77,-0.09,0.004999999,0
YIL117C,0.28,0.59,0.35999998,0.13,-0.05,-0.11,-0.25,-0.98,-0.23,0.28,0.02,0.82,-0.26,-0.12,-0.16,-0.64,-0.76,-0.35,-0.74,-0.48,0.25,0.86,0.78499997,1
YIL118W,0.14500001,0.15,0.115,0.08,0.37,-0.26,0.33,-0.03,-0.16,-0.67,0.22,0.0,0.0,-1.34,0.98,-0.26,0.23,0.08,0.17,0.66,0.28,-0.71,-0.58,0
YIL119C,-0.375,-0.83,-0.52,-0.21,0.72,0.07,-0.23,0.11,0.59,-0.36,-0.09,-0.66,-0.15,-0.41,0.09,-0.19,0.64,0.02,0.64,0.23,0.7,-0.38,-0.39499998,1
YIL120W,-0.07,-0.28,-0.235,-0.19,0.12,-0.41,0.47,-0.16,0.42,-0.19,0.77,-0.3,0.28,-0.5,0.97,-0.52,0.05,-0.52,0.77,0.53,1.01,-0.85,-0.675,0
YIL121W,-0.62,-0.62,-0.55,-0.48,0.19,-0.39,0.44,0.02,0.56,-0.24,0.12,-0.03,0.05,-0.1,0.01,-0.22,0.58,-0.3,0.59,0.57,0.71,-0.08,-0.18,1
YIL122W,-0.245,-0.26,-0.009999998,0.24,-0.16,0.02,0.48,0.15,-0.02,-0.37,-0.11,-0.53,-0.54,0.03,0.81,0.14,0.21,-0.16,0.53,0.5,0.44,-0.47,-0.45,1
YIL123W,-0.555,0.06,0.57,1.08,1.09,1.09,0.93,0.29,0.15,-0.86,-0.7,0.2,-0.24,0.52,0.27,0.7,0.66,0.44,0.38,-0.38,-0.51,-0.89,-0.805,1
YIL124W,-1.015,-0.59,-0.46499997,-0.34,-0.26,-0.29,-0.07,-0.28,-0.2,-0.03,0.05,0.38,0.36,0.12,0.46,0.06,-0.01,0.06,-0.23,0.23,0.9,0.44,0.43,0
YIL125W,-0.255,-0.16,-0.12,-0.08,-0.07,0.07,-0.26,0.04,-0.02,0.27,0.05,0.11,0.01,0.02,-0.16,-0.05,0.19,-0.04,0.34,0.49,-0.01,0.08,0.004999999,0
YIL127C,0.505,0.62,0.505,0.39,-0.24,0.56,-0.6,0.44,-0.7,0.49,-0.46,0.26,-0.63,0.3,-0.81,0.6,-0.73,0.46,-1.05,-0.26,-0.78,0.34,0.175,0
YIL128W,0.32,0.25,0.28,0.31,-0.4,0.41,-0.4,0.31,-0.95,0.26,-0.42,0.1,-0.35,0.26,0.0,0.28,-0.53,0.17,-0.55,0.31,-0.12,0.18,0.09,0
YIL129C,-0.26000002,0.39,0.855,1.32,0.96,1.03,0.29,-0.27,-0.76,-1.08,-1.5,1.02,-0.41,0.59,0.74,0.83,0.7,0.5,-0.08,-0.53,-0.5,-0.8,-0.605,1
YIL131C,-0.17500001,0.19,0.515,0.84,1.14,0.37,0.41,-0.22,0.07,-1.89,-0.79,-0.33,0.12,0.46,0.56,0.27,0.38,-0.15,0.52,-0.07,0.37,-0.63,-0.26999998,1
YIL133C,-0.009999998,0.14,0.185,0.23,0.36,0.47,0.46,0.31,0.32,0.23,0.02,0.24,0.06,-0.13,-0.11,-0.08,0.0,0.19,-0.49,-0.18,-0.56,-0.21,-0.28,0
YIL134W,-0.2,-0.2,-0.075,0.05,0.02,0.23,0.1,0.2,-0.42,0.14,-0.24,-0.04,-0.32,-1.16,0.32,0.14,0.3,0.31,0.19,-0.08,0.27,0.02,0.035,0
YIL135C,-0.245,0.0,0.15,0.3,0.47,0.3,0.03,0.25,-0.29,-0.04,-0.36,0.06,0.14,0.3,0.3,0.03,0.01,0.14,0.11,-0.18,-0.25,-0.02,-0.055,1
YIL137C,-0.065,-0.13,0.010000005,0.15,0.13,0.27,0.01,0.13,0.13,0.15,-0.13,0.18,0.03,0.01,-0.09,-0.04,0.1,-0.23,0.41,-0.17,0.05,-0.3,-0.245,0
YIL138C,-0.114999995,0.03,0.05,0.07,0.03,0.12,0.17,0.07,-0.6,-0.26,-0.91,-0.28,-0.43,-0.01,0.54,0.44,-0.11,0.3,-0.3,0.34,-0.35,0.45,0.385,1
YIL139C,0.51,0.52,0.225,-0.07,0.3,-0.12,-0.12,-0.05,-0.07,-0.12,0.23,-0.05,0.23,-0.14,-0.1,-0.14,-0.37,-0.14,0.04,-0.27,-0.05,0.0,-0.125,0
YIL140W,1.3,1.77,1.04,0.31,0.18,-1.04,-0.81,-1.56,-0.86,0.26,1.67,1.59,1.66,0.9,0.69,-0.43,-0.3,-0.86,-0.78,-0.73,0.49,-0.14,-0.120000005,1
YIL141W,1.01,1.29,0.72499996,0.16,0.53,-0.82,-0.42,-1.34,-0.47,0.01,1.09,0.97,1.35,0.51,0.66,-0.5,-0.36,-0.72,-0.12,-0.75,0.21,-0.44,-0.43,1
YIL142W,0.22,0.27,0.185,0.1,-0.35,0.04,-0.91,0.04,-0.91,0.12,-0.45,0.1,-0.55,0.23,0.09,0.38,-0.22,0.32,-0.58,0.31,0.19,0.5,0.375,0
YIL143C,0.18,-0.08,0.060000002,0.2,0.04,0.18,-0.12,0.2,-0.08,0.18,-0.08,0.0,-0.44,-0.15,-0.41,0.29,-0.09,0.07,-0.26,-0.24,-0.29,0.29,0.099999994,0
YIL144W,0.45,0.81,0.635,0.46,0.02,-0.08,-0.22,-0.56,-0.51,-0.4,-0.06,0.15,0.05,0.88,0.59,-0.63,0.14,-0.34,-0.19,0.47,0.18,-0.06,-0.14,1
YIL145C,0.065,-0.09,0.004999999,0.1,0.05,0.2,-0.16,0.2,-0.09,0.25,-0.07,0.19,-0.2,-0.03,-0.43,0.14,-0.18,0.2,-0.22,-0.16,-0.37,0.08,-0.050000004,0
YIL146C,-0.075,-0.22,-0.13,-0.04,0.05,0.02,-0.05,-0.16,-0.63,-0.05,-0.18,0.02,-0.16,0.46,0.83,0.3,0.23,-0.25,0.03,-0.43,0.7,-0.21,-0.23499998,0
YIL147C,0.23499998,0.21,0.255,0.3,0.24,-0.11,-0.26,-0.02,0.09,0.02,0.16,-0.17,0.25,0.28,0.18,-0.06,0.07,-0.57,0.07,0.28,0.07,-0.3,-0.41,0
YIL148W,-0.185,-0.11,0.004999999,0.12,0.19,0.13,0.22,0.13,-0.42,-0.07,0.1,0.11,-0.19,0.03,0.46,-0.3,-0.14,0.12,-0.09,0.25,0.68,-0.22,-0.275,0
YIL150C,0.36499998,0.21,0.635,1.06,-0.47,0.29,-0.23,0.33,-0.71,0.29,-0.05,0.12,-0.71,0.23,-0.11,0.23,-0.42,0.14,-0.09,-0.29,-0.23,-0.02,-0.045,0
YIL151C,0.19,0.18,0.185,0.19,-0.37,0.2,0.05,0.42,-0.07,0.28,-0.55,-0.28,-0.2,-0.18,-0.03,0.16,-0.09,0.34,-0.53,-0.3,0.0,0.16,0.065,0
YIL152W,0.19999999,0.32,0.53499997,0.75,-0.55,0.06,-0.12,-0.08,0.9,0.11,-0.42,0.05,-0.58,0.51,0.19,0.35,-0.98,0.0,-0.08,-0.46,-0.26,-0.13,0.07000001,0
YIL153W,0.09,0.1,0.08,0.06,0.07,0.44,0.36,0.38,0.19,0.41,-0.18,0.33,-0.22,-0.23,-0.1,0.12,-0.17,0.21,-0.53,-0.76,-0.22,0.08,0.02,0
YIL154C,-0.015,0.0,0.015,0.03,0.0,0.36,-0.33,0.17,-0.18,0.46,-0.31,0.54,-0.49,-0.22,-0.03,0.06,-0.06,0.17,-0.29,-0.18,-0.31,0.28,0.235,0
YIL155C,-0.745,-0.66,-0.37,-0.08,-0.16,0.41,-1.2,0.27,-0.16,0.47,-0.37,0.16,-0.21,0.18,0.01,0.07,-0.22,0.24,0.29,0.06,0.68,0.74,0.725,0
YIL157C,-0.65,-0.5,-0.345,-0.19,-0.15,0.29,0.3,0.5,0.13,0.45,-0.76,0.39,-0.38,0.06,0.25,0.26,-0.07,0.59,-0.27,-0.68,-0.26,0.48,0.415,0
YIL158W,-1.085,-0.86,-0.27,0.32,-0.62,1.15,0.58,1.16,-0.39,-0.07,-0.62,-0.39,-0.57,0.15,0.55,0.97,-0.78,1.16,0.31,0.05,0.03,0.24,0.004999995,1
YIL161W,0.505,0.41,0.315,0.22,-0.15,0.24,0.08,0.37,-0.61,0.41,-0.58,0.15,-0.41,0.01,-0.53,0.11,-0.27,0.13,-0.81,0.08,-0.25,0.11,0.06,0
YIL162W,-0.625,-0.72,-0.365,-0.01,0.21,0.16,0.56,0.25,-0.12,-0.07,0.0,-0.19,-0.21,-0.72,0.8,0.05,0.58,-0.1,0.55,-0.27,1.32,-0.18,-0.25,1
YIL164C,-0.215,-0.2,-0.14500001,-0.09,0.08,-0.19,0.14,-0.33,-0.54,-0.17,0.18,0.3,0.16,-0.12,0.58,-0.03,0.35,-0.03,-0.14,-0.22,0.47,0.16,0.14,0
YIL165C,-0.07,-0.09,-0.315,-0.54,-0.02,-0.5,-0.05,-0.24,3.06,-0.4,-0.05,-0.22,0.02,-0.46,0.13,-0.33,-0.27,-0.44,0.11,-0.14,0.61,0.11,0.08,0
YIL166C,-0.135,-0.23,-0.335,-0.44,0.29,-0.53,0.57,-0.32,-0.1,-0.4,0.39,0.11,0.27,-0.06,0.82,-0.19,0.11,-0.57,0.53,0.31,0.92,-0.48,-0.45,0
YIL167W,-0.245,-0.33,-0.39,-0.45,-0.01,-0.45,0.24,0.05,3.01,-0.18,1.34,-0.24,-1.09,-0.77,-0.19,-0.68,-0.07,-0.49,0.13,0.64,0.41,-0.31,-0.26,1
YIL169C,-0.015000001,0.08,0.16499999,0.25,0.36,0.14,-0.65,-0.13,-0.15,-0.33,-0.09,0.06,-0.57,0.19,-0.29,0.08,0.01,-0.47,0.24,0.68,0.31,0.11,0.015000001,0
YIL170W,0.165,-0.13,-0.28,-0.43,0.47,-0.54,0.19,-0.36,0.5,-0.57,0.68,-0.75,0.5,-0.41,0.52,-0.36,0.36,-0.57,0.68,0.02,1.06,-0.48,-0.39,0
YIL171W,0.42499998,0.07,-0.29500002,-0.66,0.32,-0.75,0.52,-0.42,0.67,-0.25,0.22,-0.81,0.23,-0.46,0.04,-0.18,0.51,-0.78,0.75,-0.11,0.75,-0.32,-0.29500002,0
YIL172C,-0.565,-0.49,-0.305,-0.12,0.35,0.1,0.5,0.03,0.17,-0.21,0.09,-0.51,0.0,-0.51,0.33,-0.15,0.49,-0.27,0.76,0.44,0.62,-0.22,-0.32,0
YIL173W,-0.025000002,0.12,0.17,0.22,-0.47,0.26,0.25,0.12,-0.62,0.34,0.07,0.28,0.06,0.26,-0.18,0.17,-0.24,0.09,-0.62,-0.6,0.13,0.08,0.16,0
YIL174W,0.615,0.38,0.114999995,-0.15,-0.41,-0.11,-0.09,-0.36,-0.24,-0.09,-0.2,-0.11,-0.2,-0.15,0.45,0.21,-0.94,-0.01,0.22,-0.61,0.49,-0.05,-0.05,0
YIL175W,0.565,0.26,0.049999997,-0.16,0.08,-0.45,0.12,-0.38,-0.29,0.03,-0.26,-0.14,-0.16,-0.38,0.35,0.03,0.15,-0.14,0.21,-0.48,-0.08,-0.18,-0.16,0
YIL176C,0.475,0.26,0.08499999,-0.09,0.03,-0.23,0.09,-0.47,0.06,0.06,0.19,-0.09,0.45,-0.39,0.36,0.06,-1.37,0.09,-0.27,-0.66,0.34,-0.04,-0.065,0
YIL177C,0.45,0.08,-0.125,-0.33,-0.74,-0.31,-0.8,0.08,-0.42,1.29,0.76,0.88,0.29,0.26,-0.61,-0.44,-0.61,-0.31,-0.56,-0.18,-0.1,0.59,0.38,1
YIR001C,0.39999998,0.35,0.16499999,-0.02,-0.96,-0.02,-0.39,-0.13,-0.65,0.28,-0.09,0.11,-0.46,0.37,0.11,-0.03,-0.51,0.16,-0.21,-0.3,-0.13,0.53,0.46999997,0
YIR003W,0.35,0.56,0.5,0.44,-0.78,0.33,-0.56,0.03,-0.82,0.51,-0.53,0.18,-0.37,0.62,-0.53,0.39,-0.91,0.11,-0.53,-0.14,-0.46,1.05,0.81999993,0
YIR004W,0.45499998,0.44,0.29,0.14,-0.55,0.04,-0.27,0.04,-0.5,0.24,-0.45,0.12,-0.65,0.12,-1.08,0.1,-0.4,0.12,-0.57,0.53,-0.25,0.77,0.65999997,0
YIR005W,-0.019999996,-0.19,-0.095,0.0,-0.81,0.27,0.78,0.26,0.31,0.08,-0.42,-0.28,-0.38,0.16,-0.26,0.0,-0.15,0.18,0.04,-0.28,0.34,0.2,0.060000002,0
YIR006C,-0.32,-0.36,-0.120000005,0.12,0.28,0.25,0.2,0.1,-0.02,-0.1,0.17,-0.26,0.07,0.24,0.09,-0.02,-0.04,-0.19,0.53,0.01,0.54,-0.75,-0.45,0
YIR007W,0.005000003,0.14,0.25,0.36,-0.1,0.02,-0.14,0.18,-0.4,0.09,-0.62,0.02,-0.19,0.27,0.42,0.18,0.04,0.08,-0.44,-0.21,-0.11,0.35,0.315,0
YIR008C,0.445,0.5,0.3,0.1,-0.14,0.02,-0.17,-0.09,-0.42,0.45,-0.19,0.47,-0.09,0.16,-0.53,-0.01,-0.14,-0.21,-0.46,-0.24,-0.15,0.29,0.13499999,0
YIR010W,0.165,0.28,0.565,0.85,0.16,0.42,-0.55,-0.17,-0.45,-0.23,-0.65,0.0,-0.23,0.48,0.32,0.54,0.36,0.05,0.03,-0.15,-0.4,-0.29,-0.31,1
YIR011C,0.325,0.21,0.245,0.28,-0.44,0.03,-0.35,0.13,-0.66,0.14,-0.53,0.19,-0.56,-0.18,0.19,0.36,-0.42,0.11,-0.38,0.14,-0.23,0.46,0.27,0
YIR012W,0.635,0.41,0.31,0.21,-0.11,0.14,-0.12,0.09,0.1,0.16,-0.05,0.03,-0.84,-0.2,-0.28,-0.04,0.22,0.07,-0.05,-0.25,-0.28,-0.31,-0.4,0
YIR014W,-0.215,-0.3,-0.245,-0.19,0.03,-0.22,-0.01,-0.22,0.2,-0.17,-0.19,-0.28,0.34,-0.3,0.28,-0.58,0.66,-0.37,0.03,0.47,0.7,-0.04,0.015000001,0
YIR015W,0.185,0.01,0.09,0.17,0.07,-0.11,0.04,0.03,-0.47,0.01,0.07,0.09,-0.01,-0.22,0.28,-0.06,-0.52,-0.15,-0.38,0.42,0.06,0.12,-0.040000003,0
YIR016W,0.0,-0.01,0.035,0.08,-0.1,-0.05,-0.46,0.11,-0.36,0.1,-0.39,0.11,-0.18,0.1,-0.46,-0.08,-0.36,0.1,-0.26,0.09,0.05,0.66,0.6,0
YIR017C,0.06999999,0.58,0.44,0.3,0.12,-0.4,0.06,-0.75,-0.39,-0.59,0.07,0.53,0.19,-0.09,0.72,-0.44,-0.16,-0.45,-0.16,0.36,0.91,0.26,0.225,1
YIR018W,-0.305,-0.29,-0.255,-0.22,-0.34,0.08,0.07,0.28,0.2,0.13,-0.22,0.01,0.17,-0.17,0.21,0.03,0.04,0.04,-0.02,-0.06,0.33,0.26,0.14999999,0
YIR019C,-0.29999998,-0.39,-0.225,-0.06,0.68,-0.41,0.54,-0.14,0.57,-0.45,0.02,0.08,0.67,-0.06,0.37,-0.84,0.32,-0.73,0.76,0.4,0.77,-0.68,-0.565,0
YIR020C,-0.265,-0.48,-0.285,-0.09,0.11,-0.64,0.43,-0.34,0.54,-0.19,0.41,0.48,0.43,-0.03,0.19,-0.31,0.37,-0.51,0.66,-0.36,0.98,-0.34,-0.505,0
YIR021W,-0.030000001,-0.41,-0.34,-0.27,-0.84,-0.11,-0.45,0.32,-0.17,0.91,-0.23,0.58,-0.27,-0.15,0.17,0.05,-0.31,0.18,-0.53,-0.25,-0.47,0.63,0.58500004,0
YIR022W,-0.275,-0.23,-0.11,0.01,0.36,0.26,0.13,0.15,0.26,0.21,-0.11,0.19,0.17,-0.02,-0.27,-0.03,0.64,0.09,0.35,-1.23,0.05,-0.25,-0.21000001,0
YIR023W,0.29500002,0.28,0.385,0.49,0.07,0.43,-0.58,0.43,-0.18,0.26,-0.24,0.12,-0.72,0.32,-0.35,0.36,-0.12,0.07,-0.2,-0.31,-1.14,0.25,0.115,0
YIR024C,0.21000001,0.2,0.135,0.07,-0.16,-0.2,0.13,0.09,-0.4,-0.01,-0.52,0.13,-0.52,-0.15,-0.3,0.02,-0.04,-0.12,0.02,0.14,0.32,0.44,0.27,0
YIR025W,0.515,0.41,0.265,0.12,-0.27,0.46,-0.15,0.33,-0.11,0.3,0.0,-0.23,-0.58,0.1,-0.43,0.12,-0.15,0.09,-0.25,-0.53,-0.2,0.07,-0.015000001,0
YIR026C,0.695,0.53,0.355,0.18,-0.28,0.23,0.06,0.23,-0.08,0.35,-0.42,-0.02,-0.58,-0.26,-0.63,0.41,-0.13,0.14,-0.08,-0.28,-0.61,-0.21,-0.26,0
YIR028W,0.17999999,0.35,0.099999994,-0.15,0.72,-0.18,0.56,-0.12,0.28,-0.18,-0.05,-0.45,-0.15,-0.22,0.54,-0.31,0.1,-0.45,0.26,-0.33,0.87,-0.38,-0.39499998,0
YIR029W,0.050000004,0.23,0.3,0.37,-0.31,0.23,0.01,0.21,2.03,-0.1,-0.57,0.17,-0.35,0.08,0.22,0.25,0.08,0.11,-0.16,-0.44,-0.35,0.0,-0.08,0
YIR030C,-0.074999996,0.06,0.06,0.06,-0.08,0.42,0.38,0.33,-0.29,0.31,-0.59,0.06,-0.43,-0.4,-0.1,0.28,0.01,-0.09,-0.42,-0.1,0.05,0.66,0.43,0
YIR031C,-0.315,-0.26,0.010000005,0.28,-1.01,0.17,-0.06,0.09,-0.65,0.49,-0.72,0.53,-0.25,-0.02,0.63,0.89,-0.11,0.32,-0.67,-1.18,-0.33,1.11,1.025,0
YIR032C,-0.91499996,-1.03,-0.76,-0.49,0.43,-0.06,0.5,-0.07,-0.19,-0.27,-0.13,-0.23,0.32,0.33,0.61,0.03,0.48,-0.05,0.46,0.09,0.67,-0.01,0.11,0
YIR034C,-0.79499996,-0.42,-0.11999999,0.18,0.13,-0.01,-0.17,-0.03,0.14,0.1,0.0,0.32,0.28,0.34,0.4,-0.12,0.42,0.03,0.13,-0.46,-0.2,0.33,0.375,0
YIR035C,-0.075,0.12,0.23,0.34,0.92,0.2,0.38,-0.19,-0.05,-0.3,-0.03,-0.14,-0.08,-0.41,0.71,-0.21,0.34,0.06,0.74,-0.39,0.3,-0.61,-0.61,0
YIR036C,-0.345,-0.55,-0.56,-0.57,-0.38,-0.7,-0.33,-0.4,0.08,0.16,0.04,0.19,0.35,0.11,0.18,-0.53,0.43,-0.18,0.85,0.04,0.28,0.29,0.255,1
YIR037W,0.115,0.06,-0.285,-0.63,0.16,-0.1,-0.21,-0.36,-0.53,-0.13,-0.52,0.17,0.15,-0.07,0.54,0.08,-0.45,0.05,0.27,-0.4,0.34,0.17,0.17,0
YIR038C,-0.034999996,-0.12,-0.2,-0.28,-0.15,-0.55,-0.56,-0.45,-0.24,-0.27,-0.16,0.17,0.04,-0.1,0.24,0.01,0.37,0.28,0.31,-0.65,0.01,0.31,0.405,0
YIR039C,-0.63,-0.35,-0.375,-0.4,0.51,-0.28,0.04,-0.35,0.31,-0.46,0.27,-0.07,0.35,-0.02,0.55,-0.51,-0.86,-0.38,1.07,0.36,1.09,0.04,0.07,0
YIR040C,0.48499998,0.19,-0.049999997,-0.29,0.03,-0.47,-0.18,-0.42,-0.08,-0.14,-0.08,-0.24,0.08,-0.27,0.19,0.08,0.31,-0.29,0.28,-0.42,0.4,-0.2,-0.16,0
YIR041W,-0.16000001,-0.61,-0.69,-0.77,0.4,-0.52,0.39,-0.72,0.29,-0.44,0.38,-0.16,0.34,-0.63,0.64,-0.33,0.26,-0.12,0.98,-0.09,1.1,-0.48,-0.355,0
YIR042C,-0.245,-0.03,0.055,0.14,-0.08,-0.27,0.22,-0.44,-0.15,-0.46,-0.19,-0.26,0.06,0.52,0.73,0.2,0.55,0.02,0.43,0.06,0.67,-0.29,-0.26,0
YIR043C,-0.445,-0.34,-0.31,-0.28,0.56,-0.29,0.23,-0.58,0.17,-0.23,0.45,0.13,0.82,-0.11,0.71,-0.26,0.28,-0.35,0.71,-0.54,0.78,-0.26,-0.29,0
YIR044C,-0.325,-0.28,-0.175,-0.07,0.44,-0.45,0.06,-0.28,0.48,-0.06,0.52,0.17,0.9,0.09,0.14,-0.25,0.32,-0.48,0.71,-0.62,-0.04,-0.22,-0.26999998,0
YJL001W,-0.36,-0.29,-0.16499999,-0.04,-0.69,-0.1,-0.04,-0.22,-0.45,0.26,-0.38,0.45,-0.08,0.31,-0.02,0.32,-0.31,0.49,-0.48,-0.45,-0.18,0.86,0.83500004,0
YJL002C,-0.41500002,-0.22,-0.005000003,0.21,0.44,0.3,-0.02,-0.17,0.24,0.16,-0.05,0.3,0.34,0.2,-0.2,0.2,0.38,0.07,-0.02,-0.39,-0.27,-0.1,-0.105000004,0
YJL004C,-0.19,-0.17,-0.045,0.08,0.25,0.19,0.19,-0.19,0.11,0.13,-0.17,0.23,0.03,-0.23,-0.06,-0.06,0.25,0.04,0.28,-0.21,0.03,0.01,-0.099999994,0
YJL005W,-0.42499998,-0.32,0.065,0.45,0.32,-0.13,-0.17,0.17,0.18,0.24,-0.2,-0.11,0.01,0.12,-0.06,-0.28,0.04,0.06,0.06,0.15,0.14,0.01,0.125,0
YJL006C,0.345,0.4,0.32,0.24,0.26,0.03,-0.09,0.01,-0.29,-0.55,-0.33,0.39,0.23,-0.03,0.05,0.0,0.37,0.13,-0.33,-0.2,-0.17,-0.35,-0.275,0
YJL007C,0.114999995,0.07,0.025,-0.02,0.13,0.05,0.86,-0.18,0.61,-0.23,0.6,-0.1,0.04,-0.1,1.09,-0.06,0.57,-1.66,0.34,-0.34,0.52,-0.39,-0.5,0
YJL008C,0.21000001,0.18,0.165,0.15,-0.32,0.21,-0.32,0.15,-0.52,0.39,-0.57,0.08,-0.7,-0.3,-0.65,0.38,-0.07,0.26,-0.41,0.4,-0.41,0.8,0.58000004,0
YJL009W,0.325,0.28,0.29000002,0.3,-0.61,0.23,-0.03,0.28,-0.44,0.33,-0.77,0.2,-0.39,0.11,-0.29,0.4,-0.64,0.43,-0.36,-0.55,-0.58,0.59,0.475,0
YJL010C,0.71,0.47,0.32,0.17,-0.26,0.22,-0.17,0.22,-0.47,0.22,-0.39,-0.06,-0.83,0.15,-0.54,0.14,0.05,-0.04,-0.35,0.26,-0.19,-0.02,-0.185,0
YJL011C,0.85,0.7,0.315,-0.07,-0.22,-0.09,0.32,0.09,-0.29,0.32,-0.81,-0.01,-0.63,-0.01,-0.13,0.24,-0.42,0.19,-0.46,-0.46,-0.9,0.17,0.185,0
YJL012C,-0.14,-0.03,0.035,0.1,0.11,0.18,-0.21,0.18,-0.05,0.29,-0.29,0.11,0.04,0.29,-0.18,0.24,0.13,0.11,0.03,0.13,-0.41,-0.01,-0.055,0
YJL013C,0.075,0.18,0.09,0.0,0.01,-0.04,0.09,-0.1,0.64,-0.42,-0.09,-0.12,0.21,0.07,0.4,-0.2,0.12,-0.15,0.11,0.07,0.27,-0.3,-0.37,0
YJL014W,0.38,0.36,0.37,0.38,-0.09,0.31,-0.02,0.19,-0.15,0.24,-0.3,0.07,-0.47,0.04,-0.78,0.34,-0.45,0.3,-0.22,-0.09,-1.13,0.47,0.29,0
YJL015C,0.29,0.11,0.075,0.04,-0.02,-0.27,-0.1,-0.12,0.44,-0.08,-0.01,-0.13,0.08,0.11,0.23,-0.38,-0.41,-0.3,0.16,-0.3,0.57,-0.35,-0.31,1
YJL016W,0.25,0.11,0.065,0.02,0.16,-0.23,0.01,-0.43,0.35,0.18,0.23,0.09,0.09,-0.21,0.13,-0.11,-0.23,-0.36,0.3,-0.28,-0.41,-0.14,-0.225,0
YJL017W,0.019999996,-0.22,-0.024999999,0.17,0.33,0.66,0.12,-0.3,0.46,-0.52,0.28,-0.07,0.36,-0.17,-0.13,-1.13,0.04,-0.96,0.49,-0.23,0.89,-0.56,-0.45,0
YJL018W,0.24499999,0.39,0.26,0.13,0.36,-0.32,-0.16,-0.39,0.23,-0.12,0.55,0.3,0.63,0.52,0.47,-0.14,-0.04,-0.2,-0.02,-0.32,-0.67,-0.37,-0.41,1
YJL019W,0.275,0.43,0.375,0.32,0.09,-0.19,-0.25,-0.67,-0.07,0.14,0.32,0.46,0.52,0.7,0.5,0.0,-0.23,-0.45,-0.05,-0.56,0.26,-0.32,-0.365,1
YJL020C,-0.32,-0.25,0.055000007,0.36,-0.19,0.15,-0.62,0.41,-0.21,0.29,-0.34,0.03,-0.08,0.5,-0.05,0.2,-0.25,-0.05,0.08,0.32,-1.08,0.58,0.54499996,0
YJL021C,-0.45499998,-0.33,-0.120000005,0.09,0.09,0.14,-0.15,0.03,-0.09,0.04,-0.15,-0.13,-0.06,0.15,-0.06,-0.01,-0.27,0.06,0.23,0.04,0.48,0.39,0.295,0
YJL022W,0.32,0.19,-0.08,-0.35,0.07,-0.45,0.32,0.02,-0.12,0.08,-0.24,-0.05,-0.17,0.39,0.11,-0.15,-0.2,-0.26,0.23,-0.02,-0.15,-0.09,-0.14,0
YJL023C,0.39999998,0.32,0.22,0.12,-0.92,-0.04,0.55,0.0,0.03,-0.26,-0.16,-0.37,-0.37,-0.09,0.12,-0.09,-0.39,-0.09,0.05,-0.18,0.6,0.1,0.085,0
YJL024C,0.195,0.28,0.055,-0.17,0.07,-0.14,0.25,-0.07,-0.16,-0.04,-0.53,-0.14,-0.24,0.1,0.19,-0.03,-0.12,0.11,-0.09,0.02,-0.14,0.1,0.07,0
YJL025W,0.32999998,0.31,0.47,0.63,-0.14,0.48,-0.24,0.39,0.09,0.26,-0.17,0.4,-0.5,0.12,-0.1,0.32,-0.13,0.28,-0.26,-0.81,-0.76,-0.33,-0.365,0
YJL026W,-0.34,-0.21,-0.034999996,0.14,0.22,0.26,0.15,0.13,0.29,0.21,-0.1,0.22,0.33,0.0,0.07,0.24,0.48,0.16,0.38,-1.28,-0.1,-0.19,-0.21000001,0
YJL029C,0.025,0.0,0.255,0.51,0.06,0.41,-0.03,0.35,-0.31,0.02,-0.47,-0.09,-0.41,0.28,0.15,0.11,0.02,0.21,-0.14,-0.7,-0.25,-0.01,-0.06,0
YJL030W,-0.105,0.01,0.005,0.0,-0.15,-0.25,0.33,-0.22,-0.19,-0.53,0.28,-0.27,-0.05,0.94,0.04,-0.17,0.04,-0.02,0.11,0.51,0.35,-0.22,-0.095,0
YJL032W,0.03,0.12,-0.015000004,-0.15,-0.17,-0.3,-0.15,-0.15,-0.54,-0.15,-0.37,-0.19,-0.37,-0.06,0.26,-0.19,0.05,-0.06,-0.22,0.55,0.36,0.44,0.78999996,0
YJL033W,1.02,0.73,0.615,0.5,-0.39,0.52,-0.25,0.49,-0.45,0.55,-0.53,-0.03,-0.91,-0.06,-0.65,0.6,-0.16,0.2,-0.94,-0.43,-1.35,0.21,-0.050000004,0
YJL034W,-0.8,-0.6,-0.6,-0.6,-0.54,-0.78,-0.92,-0.92,-0.72,-0.16,-0.44,0.0,0.0,0.18,0.08,0.51,0.54,0.56,0.56,0.89,0.4,1.04,0.965,0
YJL035C,0.735,0.85,0.625,0.4,-0.2,0.26,0.0,-0.01,-0.59,0.38,-0.54,0.2,-0.39,0.06,-0.44,0.49,-0.22,0.34,-0.85,-0.91,-0.56,0.41,0.305,0
YJL036W,0.085,0.14,0.120000005,0.1,-0.49,-0.29,-0.74,0.0,-0.71,0.03,-0.38,0.77,-0.29,-0.01,-0.03,-0.06,-0.1,0.03,-0.09,0.4,-0.03,0.8,0.74,0
YJL038C,0.16,0.11,-0.20999998,-0.53,0.5,-0.19,0.38,-0.24,0.56,-0.5,-0.11,-0.33,0.06,-0.79,0.72,-0.48,0.76,-0.39,0.78,0.09,0.64,-0.3,-0.605,0
YJL041W,0.26,0.15,0.26,0.37,-0.14,0.09,-0.16,0.13,-0.1,0.25,-0.37,-0.12,-0.25,0.2,-0.16,0.15,-0.47,0.06,-0.14,0.09,-0.4,0.04,0.095,0
YJL042W,-0.405,-0.44,-0.1,0.24,-0.46,0.3,0.06,0.02,-0.07,-0.22,-0.11,0.24,-0.05,0.31,0.06,0.21,0.12,0.21,0.29,-0.16,0.74,0.11,0.09,0
YJL044C,0.27,-0.13,-0.2,-0.27,-0.6,-0.18,-0.09,0.27,-0.19,0.42,-0.09,0.09,-0.51,-0.31,-0.13,-0.16,-0.78,-0.09,-0.16,0.05,-0.01,0.64,0.505,1
YJL045W,-0.95,-0.73,-0.405,-0.08,0.58,0.03,0.54,0.13,0.83,0.31,0.37,-0.13,0.36,0.07,0.5,-0.22,0.24,-1.56,0.63,0.02,-0.03,0.09,-0.08,0
YJL046W,-0.48999998,-0.39,-0.43,-0.47,-0.05,0.23,0.16,0.18,0.04,0.01,-0.12,0.25,-0.04,0.4,0.11,0.18,-0.54,0.34,0.04,0.11,0.0,0.31,0.155,0
YJL047C,0.120000005,0.06,-0.049999997,-0.16,-0.21,-0.18,-0.14,0.09,0.06,0.17,-0.04,-0.21,-0.1,0.18,0.2,-0.09,-0.27,-0.25,0.4,0.55,0.11,0.06,-0.060000002,0
YJL048C,-0.45499998,-0.47,-0.22,0.03,0.0,0.1,0.25,0.24,0.1,0.33,0.03,0.06,0.09,-0.25,0.04,-0.01,-0.58,0.18,0.04,-0.27,0.32,0.15,0.155,0
YJL049W,0.185,0.13,-0.11500001,-0.36,-0.08,-0.51,0.06,-0.16,0.39,0.03,-0.13,-0.23,-0.05,-0.03,0.38,-0.4,0.42,-0.35,0.51,0.4,0.34,0.05,-0.175,0
YJL050W,0.31,0.19,0.22,0.25,0.1,0.28,0.13,0.21,-0.07,0.08,-0.24,-0.13,0.1,-0.11,-0.46,0.18,-0.29,-0.13,-0.39,-0.11,-0.15,-0.18,-0.2,0
YJL051W,-1.415,-1.2,-0.63,-0.06,0.57,0.87,0.89,0.83,0.54,-0.26,-1.0,1.03,-0.87,-0.28,-0.3,0.13,0.59,0.72,0.74,0.7,0.03,-0.37,-0.17,1
YJL052W,-1.385,-1.4,-0.97,-0.54,-0.52,0.04,0.14,0.22,0.67,0.21,0.17,0.24,0.13,-0.01,0.08,0.39,0.47,0.68,0.99,-0.7,-0.17,0.39,0.385,0
YJL053W,0.089999996,0.13,0.04,-0.05,-0.56,-0.03,-0.3,0.14,-0.47,0.42,-0.32,0.36,-0.3,0.03,-0.4,0.02,-0.19,-0.01,-0.19,0.29,-0.24,0.54,0.51,0
YJL054W,0.005000003,-0.08,-0.105,-0.13,-0.37,0.24,0.21,0.15,-0.25,0.08,-0.13,-0.1,-0.34,0.31,-0.26,0.05,-0.3,0.2,0.11,0.54,-0.1,0.17,0.095,0
YJL056C,-0.074999996,-0.12,0.030000005,0.18,-0.12,0.19,0.15,0.2,0.0,0.23,-0.12,0.35,-0.19,0.08,-0.08,0.39,0.25,-0.21,-0.03,-0.46,-0.05,-0.27,-0.010000005,0
YJL058C,0.37,0.34,-0.15499999,-0.65,-0.13,0.49,0.17,0.37,0.13,0.24,-0.52,0.03,-0.13,-0.16,-0.16,0.26,-0.02,0.05,-0.26,-0.52,-0.22,0.06,-0.089999996,0
YJL060W,-1.2049999,-0.62,0.034999996,0.69,0.4,0.25,-0.13,-0.22,-0.07,-0.07,-0.4,0.47,0.28,0.63,0.34,0.35,0.36,0.23,-0.12,-0.92,-0.18,0.49,0.505,1
YJL061W,0.049999997,0.04,-0.06,-0.16,-0.27,0.11,-0.34,0.18,-0.27,0.18,-0.1,0.92,-0.2,0.09,-0.41,-0.08,0.16,-0.31,0.27,0.35,-0.43,0.19,0.085,0
YJL062W,-0.47000003,-0.4,-0.19500001,0.01,0.16,0.19,0.15,-0.04,-0.04,0.07,-0.07,0.15,0.34,0.12,0.5,-0.07,0.45,-0.1,0.71,-1.02,0.5,-0.18,-0.22500001,0
YJL063C,-0.645,-0.68,-0.71000004,-0.74,-0.98,-0.2,-0.63,0.28,-0.42,0.58,-0.2,0.55,-0.2,0.31,-0.46,0.18,-0.3,0.47,-0.03,0.33,0.15,1.09,0.91,0
YJL064W,0.14500001,0.11,0.095,0.08,0.07,0.19,0.14,0.1,-0.11,0.04,-0.3,0.12,-0.23,-0.02,-0.47,0.1,-0.43,0.18,-0.51,0.11,-0.02,0.15,0.09,0
YJL065C,0.1,0.02,-0.015000001,-0.05,-0.1,0.14,-0.12,0.34,-0.09,0.11,-0.4,-0.04,-0.4,0.11,-0.62,-0.04,-0.28,0.3,0.01,-0.04,-0.38,0.27,0.22,0
YJL067W,-0.345,-0.51,-1.02,-1.53,-0.22,-0.07,-0.05,0.09,0.07,0.26,-0.32,0.23,-0.16,-0.25,-0.46,0.02,-0.21,0.08,0.29,0.15,0.08,0.68,0.625,1
YJL068C,-0.8,-0.73,-0.42000002,-0.11,-0.14,-0.12,-0.35,-0.19,0.16,-0.19,-0.21,0.27,0.21,0.3,0.34,0.07,-0.15,0.17,0.12,0.17,0.59,0.27,0.26,0
YJL069C,0.53499997,0.32,0.255,0.19,-0.22,0.44,-0.1,0.41,-0.25,0.28,-0.44,-0.01,-0.69,-0.04,-0.39,0.32,0.35,0.12,0.01,-0.12,-1.17,-0.09,-0.29000002,0
YJL071W,0.035,0.02,-0.12,-0.26,-0.5,-0.12,-0.21,0.09,0.09,0.23,-0.22,-0.17,-0.24,0.02,0.15,-0.04,0.23,0.08,0.26,0.04,-0.5,0.29,0.235,0
YJL072C,0.24,0.35,0.175,0.0,-0.15,-0.15,-0.56,-0.19,-0.56,0.24,0.0,0.52,0.31,0.21,0.31,-0.25,-0.27,-0.01,-0.15,-0.06,0.21,0.15,0.07,1
YJL073W,0.3,0.32,0.13499999,-0.05,-0.31,-0.16,-0.45,-0.16,-0.09,0.28,-0.05,0.38,0.1,0.37,-0.07,-0.16,-0.24,-0.19,-0.05,0.15,-0.01,0.1,0.120000005,1
YJL074C,0.57500005,0.61,0.034999996,-0.54,-0.84,-0.33,-0.13,-0.67,-0.59,0.26,0.49,0.41,0.43,0.81,0.26,0.01,-0.39,-0.27,-0.06,0.11,0.08,0.22,0.135,1
YJL075C,0.16,0.17,0.23500001,0.3,0.24,0.41,-0.06,0.17,-0.39,0.01,-0.51,0.81,-0.54,0.03,-0.28,0.22,0.11,0.13,-0.06,0.45,-0.81,-0.31,-0.335,0
YJL076W,0.285,0.31,0.39499998,0.48,0.22,0.69,0.43,0.55,-0.16,0.26,-0.57,-0.18,-0.26,0.01,-0.63,0.4,-0.32,0.37,-0.53,-0.53,-0.71,0.01,-0.114999995,0
YJL078C,0.765,0.25,-0.335,-0.92,-0.96,-0.45,-0.77,-0.31,-0.54,1.08,1.51,1.37,1.42,0.75,-0.29,-0.36,-1.19,-0.51,-1.09,-1.29,0.19,0.4,0.55,1
YJL079C,-1.735,-1.84,-1.645,-1.45,-1.35,0.23,0.33,1.77,1.37,0.6,-0.35,-0.35,-0.87,-0.83,-0.99,-0.04,0.78,1.17,1.6,0.93,1.39,0.53,0.29,1
YJL080C,0.305,0.32,0.475,0.63,0.1,0.59,-0.55,0.5,-0.14,-0.09,-0.45,0.2,-0.21,0.34,-0.34,0.2,-0.37,0.25,-0.16,-1.12,-0.19,0.14,0.035,0
YJL081C,0.255,0.3,0.17,0.04,-0.12,0.07,-0.7,0.04,-0.7,0.04,-0.37,-0.09,-0.35,0.2,-0.09,0.14,0.17,0.02,0.21,0.58,-0.44,0.31,0.205,0
YJL082W,-0.18,0.0,0.16,0.32,-0.15,0.48,-0.32,0.58,-0.06,0.43,-0.45,0.1,-0.32,-0.06,-0.07,0.33,-0.71,0.27,-0.29,-0.38,-0.02,0.33,0.28,0
YJL083W,0.135,-0.01,-0.21499999,-0.42,-0.4,-0.05,0.05,0.14,0.19,0.15,-0.07,-0.3,-0.11,-0.4,-0.03,-0.08,0.22,-0.05,0.3,0.1,0.31,-0.19,-0.19,0
YJL084C,0.26999998,-0.15,-0.185,-0.22,-0.37,0.15,-0.38,0.5,0.4,0.66,-0.49,0.02,-0.18,-0.12,-0.48,-0.08,-0.55,-0.2,0.13,-0.05,-0.31,0.24,0.17999999,0
YJL085W,0.19,0.19,-0.060000002,-0.31,-0.43,-0.45,-0.33,0.16,-0.47,-0.01,-0.03,0.29,-0.16,0.2,-0.43,-0.27,0.13,-0.2,0.03,0.72,0.12,0.31,0.285,0
YJL087C,0.635,0.48,0.22999999,-0.02,-0.5,-0.29,-0.02,0.2,-0.13,0.2,-0.08,0.08,-0.27,0.16,-0.55,-0.08,-0.25,-0.19,-0.27,-0.1,-0.32,0.32,0.11,0
YJL088W,-0.075,-0.1,-0.26,-0.42,0.09,-0.74,0.12,-0.56,-0.26,-0.74,-0.1,-0.52,-0.09,0.19,0.48,-0.89,0.18,-0.44,0.31,0.85,1.2,0.33,0.445,0
YJL090C,0.505,0.31,-0.010000005,-0.33,-0.18,-0.66,0.2,0.06,-0.08,-0.22,0.31,-0.03,0.04,0.96,0.31,-0.38,-0.36,-0.39,-0.01,0.48,0.55,-0.55,-0.455,0
YJL091C,0.105,0.35,0.14999999,-0.05,0.29,-0.39,0.56,-0.05,0.05,-0.65,0.03,0.21,0.7,0.26,0.71,-0.07,0.05,-0.02,-0.14,-0.71,0.42,-0.63,-0.185,1
YJL092W,-0.19,0.24,0.215,0.19,0.4,-0.34,0.42,-0.25,-0.14,-0.58,0.29,-0.38,0.58,1.58,0.79,-0.27,0.31,-0.14,0.14,0.26,0.58,-1.12,-0.885,1
YJL093C,-0.010000002,0.08,0.08,0.08,0.81,0.12,-0.18,-0.12,0.2,-0.35,0.28,0.15,0.52,0.2,0.3,-0.3,0.23,-0.65,0.39,-0.16,0.65,-1.18,-0.82,0
YJL094C,-0.17,-0.15,-0.075,0.0,0.28,-0.29,0.29,-0.21,0.74,-0.22,0.33,-0.05,0.34,-0.02,0.62,-0.27,0.21,-0.47,0.36,0.16,0.71,-0.52,-0.55499995,0
YJL096W,-0.39,-0.56,-0.48000002,-0.4,-0.49,-0.6,0.15,-0.27,-0.17,0.13,0.15,0.37,0.05,-0.07,0.41,-0.36,-0.15,-0.05,-0.02,0.78,0.48,0.16,0.15,0
YJL097W,-0.09,0.02,-0.060000002,-0.14,0.48,-0.39,-0.14,-0.56,0.41,-0.45,0.26,0.14,0.58,0.1,0.38,-0.54,0.44,-0.39,0.8,-0.2,0.73,-0.54,-0.39000002,0
YJL099W,0.025000006,0.27,0.41500002,0.56,0.05,0.07,0.21,0.33,-0.33,-0.37,0.07,0.28,0.3,-0.11,0.03,-0.19,-0.09,-0.26,-0.33,0.13,0.1,-0.6,-0.09500001,1
YJL100W,-0.215,-0.25,0.049999997,0.35,-0.47,0.08,-0.25,0.4,-0.83,0.21,-0.25,-0.08,-0.2,0.17,0.55,0.06,-0.31,0.08,-0.4,0.63,0.46,0.16,0.125,0
YJL101C,-0.32,-0.49,-0.14500001,0.2,0.12,-0.21,-0.08,-0.03,-0.08,0.24,0.12,0.14,-0.17,0.12,-0.01,-0.13,0.06,-0.03,0.09,-0.4,0.32,0.38,0.235,0
YJL102W,-0.545,-0.29,-0.27499998,-0.26,-0.18,0.05,-0.15,0.56,-0.74,-0.01,-0.13,-0.55,-0.49,0.61,0.19,-0.01,0.53,0.05,-0.27,1.05,0.35,0.28,0.22,0
YJL103C,-0.12,-0.11,-0.004999999,0.1,0.37,-0.1,0.71,0.2,0.15,-0.23,-0.32,-0.57,-0.01,-0.32,0.52,-0.53,-0.16,-0.41,0.04,0.4,0.52,-0.05,-0.005000001,0
YJL104W,0.16,0.08,-0.089999996,-0.26,-0.96,-0.18,-0.43,0.21,-0.98,0.34,-0.37,0.36,-0.66,0.5,-0.41,0.45,-0.8,0.3,-0.94,0.63,-0.68,1.1,0.96000004,0
YJL109C,0.21999998,-0.09,0.07,0.23,0.38,0.14,0.19,0.31,0.27,0.1,-0.11,-0.31,-0.43,-0.23,-0.25,0.17,0.24,-0.27,0.42,-0.09,-0.16,-0.52,-0.67499995,0
YJL110C,-0.48,-0.14,-0.015000001,0.11,-0.08,-0.43,0.15,-0.18,0.24,-0.19,0.25,-0.02,-0.06,0.07,0.39,0.12,0.18,-0.17,-0.06,0.78,0.41,-0.15,-0.125,0
YJL111W,0.185,0.14,0.17,0.2,-0.08,-0.06,-0.54,-0.04,-0.31,0.04,-0.17,-0.04,-0.21,0.11,-0.4,0.25,-0.09,0.11,-0.54,0.46,-0.06,0.46,0.29,0
YJL112W,-0.08,0.16,0.185,0.21,-0.1,-0.26,-0.17,-0.2,-0.32,-0.26,0.06,0.31,-0.04,0.13,0.4,0.24,-0.23,-0.07,-0.14,0.85,0.03,0.05,0.010000001,0
YJL115W,1.19,1.14,0.415,-0.31,-0.64,-1.15,-0.55,-1.03,-0.36,0.89,0.67,1.25,0.13,0.82,-0.2,-0.39,-0.77,-0.95,-0.91,-0.31,-0.55,0.79,0.64,1
YJL117W,0.11000001,-0.05,0.004999999,0.06,0.03,0.0,-0.11,0.26,0.17,0.38,0.24,0.23,-0.04,0.06,-0.08,0.11,-0.04,0.11,-0.5,-0.16,-0.28,-0.11,-0.23500001,0
YJL118W,-0.07999998,0.36,0.645,0.93,1.09,0.48,0.07,-0.55,-0.36,-0.5,-0.21,0.48,0.54,0.52,0.97,0.75,0.46,0.03,0.14,-1.32,-0.39,-0.98,-0.82000005,1
YJL119C,-0.059999995,0.09,0.44,0.79,0.98,0.08,0.16,-0.49,-0.02,-0.33,-0.08,0.06,0.49,0.08,0.57,0.28,0.25,-0.25,0.03,-0.58,-0.04,-0.91,-0.32,1
YJL120W,0.13,0.17,0.135,0.1,0.42,0.01,0.29,-0.17,-0.34,-0.2,0.32,0.13,0.1,0.68,0.78,-0.31,0.19,-0.25,0.22,-0.17,0.57,-0.75,-0.805,0
YJL121C,0.055,0.01,0.14,0.27,0.38,0.16,-0.93,0.1,0.57,-0.04,-0.05,0.1,0.02,-0.11,0.23,-0.07,0.38,0.05,0.54,-0.16,0.05,-0.49,-0.555,0
YJL125C,0.545,0.46,0.51,0.56,0.15,0.32,0.04,0.5,-0.51,0.17,-0.74,0.15,-0.9,0.14,-0.23,0.49,-0.1,0.2,-0.71,-0.37,-0.78,-0.09,-0.18,0
YJL126W,0.53999996,0.44,0.32999998,0.22,-0.65,-0.17,0.02,0.07,-0.73,0.13,-0.24,-0.01,-0.35,0.01,-0.37,0.12,0.16,0.44,-0.84,-0.04,-0.03,0.13,0.125,0
YJL127C,0.16,0.21,0.019999996,-0.17,1.1,-0.51,0.02,-0.12,-0.06,-0.24,-0.26,0.18,0.22,0.25,0.09,-0.32,0.18,-0.38,0.35,0.02,0.56,-0.65,-0.445,0
YJL128C,0.20500001,0.14,0.13,0.12,-0.13,0.06,-0.27,0.17,-0.37,0.33,0.07,-0.17,-1.02,0.56,0.01,-0.1,0.05,-0.2,0.0,0.33,0.1,0.13,0.055,0
YJL129C,0.075,0.1,0.045,-0.01,0.47,-0.53,0.05,0.32,0.07,-0.01,-0.32,-0.06,-0.36,0.18,-0.18,0.24,0.05,0.0,-0.11,-0.26,0.18,0.18,0.065000005,0
YJL130C,-0.155,-0.2,0.019999996,0.24,0.43,0.19,0.19,0.22,0.47,0.15,0.24,-0.09,0.09,-0.36,-0.45,0.02,0.29,-0.26,0.36,-0.01,-0.04,-0.54,-0.505,0
YJL131C,0.26,0.24,0.049999997,-0.14,-0.24,-0.13,-0.04,0.12,-0.4,-1.75,-0.26,-0.26,-0.3,0.18,0.03,-0.96,0.42,-0.22,0.08,0.45,0.46,0.71,0.605,0
YJL132W,-0.56,-0.45,-0.16,0.13,0.09,-0.09,0.25,0.05,0.17,0.05,-0.24,-0.03,-0.28,0.34,-0.11,0.27,0.0,0.34,0.09,-0.16,0.39,-0.24,-0.215,0
YJL133W,0.045,-0.02,-0.005,0.01,0.18,0.16,0.24,0.11,0.15,-0.05,-0.36,0.14,-0.11,-0.23,-0.1,-0.21,0.3,0.08,0.1,-0.26,0.14,-0.32,-0.345,0
YJL134W,-0.555,-0.24,0.13499999,0.51,0.67,0.44,0.23,0.11,-0.7,-0.32,-0.32,0.11,0.09,0.45,1.05,0.31,0.4,0.01,0.03,-0.27,0.03,-0.49,-0.48000002,1
YJL136C,0.15,0.28,0.245,0.21,-0.23,0.4,0.58,0.33,0.04,0.34,0.08,0.26,-0.15,0.05,0.04,-0.03,-0.26,0.32,-1.1,-0.34,-0.34,0.12,0.04,0
YJL137C,-0.555,-0.45,-0.095,0.26,0.86,0.07,0.31,0.02,0.23,-0.98,-0.66,-0.14,0.18,0.05,0.57,-0.14,0.57,-0.34,0.69,0.48,0.72,-0.61,-0.46,1
YJL138C,-0.27,-0.23,-0.105000004,0.02,0.38,0.03,0.29,0.05,0.23,-0.02,0.4,0.08,0.27,0.05,0.48,-0.15,0.13,-0.22,0.42,0.09,0.03,-0.46,-0.5,0
YJL139C,0.17999999,0.24,0.17999999,0.12,0.24,0.16,0.0,0.17,0.15,0.06,-0.29,-0.05,-0.26,-0.08,-0.29,0.09,-0.31,-0.05,-0.15,-0.13,-0.08,0.13,0.029999997,0
YJL140W,0.1,0.02,-0.065000005,-0.15,-0.18,-0.29,-0.13,-0.13,-0.21,-0.01,0.03,0.01,-0.34,1.01,0.01,-0.04,-0.34,-0.27,-0.21,0.73,-0.16,0.17,0.095,0
YJL141C,-0.15,-0.08,0.024999999,0.13,-0.03,-0.37,-0.14,0.19,-0.07,0.12,-0.2,0.04,-0.16,0.14,-0.04,-0.16,-0.42,-0.38,0.03,0.53,0.5,0.42,0.31,0
YJL142C,-0.18,-0.14,-0.14,-0.14,0.12,-0.14,0.02,-0.01,0.1,-0.03,0.23,0.06,0.29,-0.27,0.52,-0.22,0.06,-0.99,0.3,0.34,0.29,0.06,0.14999999,0
YJL143W,-0.58000004,-0.5,-0.365,-0.23,0.13,-0.14,-0.18,0.01,0.49,0.15,0.28,0.41,-0.04,0.02,0.07,-0.21,0.28,0.07,0.41,-0.14,0.43,-0.04,-0.095,0
YJL144W,-0.45,-0.5,-0.475,-0.45,-0.06,-0.69,0.47,-0.54,-0.58,-0.65,-0.33,-0.52,0.13,0.55,0.6,0.01,-0.07,-0.3,0.48,0.76,0.91,0.64,0.605,0
YJL145W,0.365,0.27,0.07000001,-0.13,-0.42,-0.22,-0.05,0.2,0.71,0.2,-0.31,0.17,-0.98,0.17,-0.47,-0.11,-0.29,-0.03,-0.67,-0.02,-0.11,0.45,0.315,0
YJL146W,0.19999999,0.11,-0.030000001,-0.17,-0.52,0.01,0.17,0.23,-0.15,0.31,-0.22,0.13,-0.43,0.3,0.21,0.01,-0.39,-0.07,0.31,-0.26,0.25,0.11,0.245,0
YJL148W,1.095,0.9,0.53,0.16,-0.93,0.37,-0.33,0.42,-0.63,0.43,-0.49,0.26,-0.86,0.13,-0.75,0.37,-0.86,0.47,-1.04,0.05,-1.04,0.51,0.33499998,0
YJL151C,-0.03,-0.04,-0.055,-0.07,0.33,0.12,0.04,-0.03,-0.11,0.18,-0.29,0.2,-0.17,-0.09,-0.1,-0.34,1.54,0.04,-0.28,-0.55,-0.25,-0.18,-0.20500001,0
YJL152W,0.16499999,0.17,0.295,0.42,-0.7,0.4,0.06,0.18,-0.41,0.43,-0.37,0.42,-0.32,-0.01,-0.06,0.14,-0.12,0.43,-0.8,-0.86,0.06,0.16,0.155,0
YJL154C,-0.030000001,-0.1,-0.08,-0.06,-0.15,-0.01,0.07,0.04,-0.22,0.33,-0.04,0.18,-0.37,0.76,-0.26,-0.14,-0.07,-0.19,-0.17,0.44,0.18,0.02,0.02,0
YJL155C,-0.030000001,-0.05,-0.23,-0.41,-0.06,-0.32,0.13,-0.01,-0.09,0.18,-0.32,-0.09,-0.26,0.01,-0.26,-0.63,0.46,-0.35,0.41,0.54,0.66,0.25,0.185,0
YJL157C,-0.315,-0.99,-0.905,-0.82,-0.84,-0.66,0.15,0.55,0.67,0.58,-0.13,0.19,-0.58,-0.56,-0.66,-1.04,0.02,-0.22,0.26,0.98,0.83,0.94,0.765,1
YJL158C,-0.19500001,0.15,0.43,0.71,1.02,0.84,0.77,0.13,0.08,-0.43,-0.41,0.13,-0.13,0.19,0.39,0.18,0.31,0.51,0.17,-1.33,-0.17,-0.94,-0.81,1
YJL159W,0.024999976,-1.12,-1.21,-1.3,-1.3,-1.21,-0.73,0.64,1.94,1.48,1.37,0.61,0.22,-0.56,-1.54,-1.58,-0.93,-0.56,0.58,0.42,1.05,-0.64,-0.15499999,1
YJL161W,-0.43,-0.43,-0.495,-0.56,-0.02,-0.72,0.03,-0.25,-0.04,-0.23,0.65,-0.32,-0.41,0.08,2.05,-0.26,-0.22,-0.23,-0.02,-0.32,0.44,0.33,0.185,0
YJL162C,0.325,0.15,0.41000003,0.67,-0.06,-0.44,0.11,-0.2,0.14,-0.28,-0.07,-0.07,-0.18,0.32,0.31,-0.26,-0.07,-0.25,0.19,0.29,0.1,-0.28,-0.37,0
YJL163C,-0.425,-0.61,-1.11,-1.61,0.51,0.02,0.32,-0.02,0.56,-0.14,0.0,0.05,-0.08,-0.06,0.35,-0.26,0.54,0.14,0.42,-0.61,0.69,-0.22,0.095,0
YJL165C,0.54,0.54,0.515,0.49,-0.46,0.19,-0.46,0.28,-0.83,0.36,-0.08,0.15,-0.32,0.36,-0.56,0.28,-0.52,0.24,-0.91,-0.08,-0.38,0.41,0.24,0
YJL166W,-0.7,-0.46,-0.21000001,0.04,0.23,0.18,0.14,0.19,-0.11,0.18,-0.07,0.17,-0.36,-0.05,0.27,-0.11,-0.4,0.11,-0.12,0.45,0.48,0.24,0.205,0
YJL167W,-0.295,-0.14,0.034999996,0.21,-0.03,-0.14,-0.14,0.22,-0.36,0.32,-0.12,0.42,-0.29,0.54,-0.62,0.4,-0.72,0.26,-0.72,-0.01,-0.67,0.74,0.645,0
YJL171C,-0.37,-0.02,0.12,0.26,0.83,0.24,0.02,-0.41,0.24,-0.07,0.14,0.21,0.51,-0.11,-0.01,-0.01,0.64,-0.11,0.35,-1.0,0.24,-0.42,-0.3,0
YJL172W,-0.53499997,-0.82,-0.56,-0.3,-0.46,-0.32,0.0,-0.44,0.27,0.48,0.45,0.56,0.45,0.59,0.32,-0.53,0.45,0.15,0.36,-0.95,0.99,-0.59,-0.37,0
YJL173C,0.42000002,0.73,0.685,0.64,0.26,0.06,-0.55,-0.62,-0.7,0.22,-0.18,0.84,0.33,0.6,-0.14,0.12,-0.07,-0.12,-0.79,-0.89,-0.64,0.11,0.13499999,1
YJL174W,0.155,0.23,0.34,0.45,-0.14,0.46,0.25,0.19,-0.03,0.2,-0.32,0.38,-0.02,0.1,-0.23,0.32,-0.23,0.27,-0.47,-1.08,-0.37,-0.17,-0.17,0
YJL175W,0.315,0.48,0.59,0.7,0.01,0.43,-0.3,0.09,-0.77,0.16,-0.63,0.08,-0.54,0.37,-0.09,0.48,0.04,-0.09,-0.44,-0.05,-0.46,0.27,0.11000001,0
YJL176C,0.28,0.31,0.325,0.34,0.06,0.23,-0.15,-0.03,-0.72,0.04,-0.43,0.36,-0.07,0.22,0.34,0.36,0.07,-0.07,-0.23,-0.03,-0.53,-0.09,-0.045,0
YJL178C,0.095,0.11,0.155,0.2,-0.31,0.32,0.16,0.14,-0.27,0.3,-0.44,0.06,-0.38,0.16,0.02,0.06,-0.18,0.2,-0.23,-0.54,-0.16,0.17,0.135,0
YJL179W,0.285,0.31,0.1,-0.11,-0.11,-0.03,0.09,0.26,-0.19,0.25,-0.26,0.04,-0.52,0.21,-0.56,-0.11,-0.38,0.22,-0.26,0.28,-0.44,0.32,0.25,0
YJL180C,-0.34500003,-0.36,-0.37,-0.38,-0.68,-0.03,-0.51,0.16,-0.66,0.62,0.06,0.57,-0.41,0.45,-0.02,0.27,-0.38,0.01,-0.62,0.1,-0.4,0.96,0.86,0
YJL181W,0.51,0.27,0.075,-0.12,-0.48,-0.7,-0.61,-0.54,-0.32,0.41,0.47,0.77,0.06,0.09,0.12,-0.57,0.17,-0.59,-0.09,-0.18,0.46,0.2,0.15,1
YJL182C,0.08499999,0.26,0.095,-0.07,-0.23,-0.09,0.14,-1.12,-0.23,0.05,0.8,0.23,-0.05,0.0,0.06,-0.49,0.38,-0.1,0.22,0.08,0.41,0.0,-0.245,0
YJL183W,-0.315,-0.23,0.12,0.47,0.92,0.49,-0.04,-0.01,-0.11,-0.27,-0.21,-0.08,0.09,0.06,0.39,0.04,0.35,0.08,0.43,-0.36,0.54,-0.76,-0.73,0
YJL184W,-0.120000005,-0.15,-0.055000003,0.04,0.01,-0.39,0.44,-0.36,-0.12,0.02,0.07,0.24,0.1,0.17,0.55,-0.16,-0.44,0.01,0.17,0.11,0.44,-0.16,-0.3,0
YJL185C,0.145,0.07,-0.06,-0.19,0.03,-0.14,-0.2,0.05,0.1,-0.13,0.02,-0.13,0.02,-0.2,0.33,-0.12,0.17,-0.02,0.33,-0.17,0.86,-0.26,-0.3,0
YJL186W,0.055,0.06,0.21000001,0.36,0.25,0.13,-0.81,-0.1,-0.61,-0.01,0.02,0.31,0.29,0.48,0.87,0.18,0.22,-0.08,-0.42,-0.02,0.18,-0.34,-0.315,0
YJL187C,0.90000004,1.08,0.545,0.01,0.06,-0.31,-0.44,-0.07,-0.24,0.11,0.22,0.35,0.52,0.48,0.26,-0.71,0.08,-0.16,-0.18,-0.28,-0.12,-0.35,-0.17999999,1
YJL188C,0.11,0.2,-0.315,-0.83,0.34,0.06,-0.24,0.28,-0.37,-0.01,-0.15,0.2,-0.69,0.52,0.55,0.03,-0.47,0.08,-0.45,0.69,0.22,0.12,-0.035,0
YJL189W,0.065,0.17,0.155,0.14,0.37,0.3,-0.36,0.28,-0.22,0.29,-0.32,0.22,-0.38,0.23,-0.44,-0.09,-0.78,0.24,-0.41,0.13,0.07,0.3,0.04500001,0
YJL190C,-0.365,-0.24,-0.105,0.03,0.53,0.16,0.1,0.22,0.52,-0.49,0.17,0.23,0.36,-0.12,0.72,-0.27,-0.07,0.07,0.17,0.22,0.59,-0.57,-0.61,0
YJL191W,-0.23500001,-0.11,0.19999999,0.51,0.76,0.51,-0.27,0.27,0.26,0.12,-0.24,0.16,0.12,-0.15,-0.27,-0.12,0.12,0.25,0.31,-0.35,0.07,-0.44,-0.48499998,0
YJL192C,0.01,-0.02,0.049999997,0.12,0.16,0.12,-0.64,0.05,-0.06,0.15,-1.05,0.34,0.07,0.13,0.63,-0.02,0.08,-0.2,-0.2,-0.12,0.26,0.0,-0.025,0
YJL193W,-0.16,-0.23,0.12,0.47,0.55,0.2,0.14,0.03,0.23,-0.75,-0.45,0.08,0.16,0.18,0.0,-0.03,0.21,-0.1,0.44,-0.43,0.21,-0.47,-0.41,0
YJL194W,0.27000004,-1.05,-0.68499994,-0.32,-0.92,-0.3,-0.7,0.31,0.41,1.26,0.47,0.38,-0.68,-0.72,-0.37,-0.18,-0.4,-0.18,-0.21,-0.09,-0.14,0.38,0.215,1
YJL195C,0.065,-1.14,-0.72,-0.3,-0.01,-0.25,-0.05,0.1,0.58,0.96,0.43,0.23,-0.2,-0.64,-0.29,-0.67,-0.3,-0.41,-0.09,0.13,0.42,0.01,-0.255,1
YJL196C,-0.015000001,-0.22,-0.185,-0.15,-0.9,0.21,0.05,0.1,-0.06,0.2,-0.36,0.4,0.04,-0.06,0.0,-0.16,0.22,0.19,0.3,0.27,0.89,-0.16,-0.175,1
YJL197W,-0.165,-0.33,-0.015000001,0.3,-0.08,-0.31,0.05,-0.04,0.15,-0.11,-0.27,0.13,-0.06,0.69,0.13,-0.2,0.24,-0.2,0.63,0.28,0.39,-0.53,-0.33999997,0
YJL198W,0.31,-0.02,0.18499999,0.39,-0.35,-0.49,-0.05,0.43,-0.02,0.04,0.16,0.13,0.05,0.4,-0.07,-0.55,0.33,0.26,-0.14,-0.19,-0.14,-0.39,-0.39,0
YJL199C,0.16499999,0.08,0.004999999,-0.07,0.15,-0.03,0.08,0.12,0.18,-0.07,-0.34,-0.3,-0.19,0.0,0.34,-1.17,0.48,-0.32,0.2,0.13,0.63,-0.3,-0.075,0
YJL200C,0.16499999,0.21,0.475,0.74,-0.15,0.73,-0.29,0.62,-0.66,0.3,-0.66,-0.21,-0.23,0.03,-0.45,0.16,1.12,-0.02,-0.48,0.08,-0.69,-0.19,-0.265,0
YJL201W,0.195,0.45,0.51,0.57,0.19,0.34,-0.12,-0.26,-0.51,-0.03,-0.05,0.42,0.36,0.19,0.43,0.29,0.33,-0.13,-0.28,-0.53,0.06,-0.44,-0.41,1
YJL203W,0.24,0.26,0.16,0.06,-0.38,0.17,-0.42,-0.04,-0.63,0.05,-0.4,-0.04,-0.27,0.15,-0.07,-0.02,-0.25,0.01,-0.18,0.25,0.27,0.53,0.385,0
YJL204C,0.29,0.32,0.19999999,0.08,0.23,-0.08,0.12,-0.1,-0.05,-0.41,-0.44,0.21,-0.15,0.25,0.25,-0.18,0.55,-0.31,0.49,0.22,-0.18,-0.66,-0.32000002,0
YJL205C-A,-0.01,-0.04,-0.065,-0.09,-0.11,-0.37,-0.17,0.11,-0.22,0.0,-0.72,0.95,0.03,0.98,0.51,-0.28,-0.04,0.18,0.0,-0.08,0.51,-0.49,-0.215,0
YJL206C,-0.085,-0.12,-0.095,-0.07,-0.5,0.05,0.36,-0.02,-0.23,0.14,-0.5,-0.12,-0.08,-0.02,0.06,0.03,0.12,0.24,0.03,-0.02,0.27,0.02,-0.005,0
YJL207C,-0.14500001,0.04,0.27,0.5,0.23,-0.14,0.32,0.41,-0.6,0.04,0.45,-0.33,0.01,0.23,0.21,-0.24,0.07,0.09,0.29,0.11,0.14,-0.53,-0.36999997,0
YJL208C,0.375,0.28,0.205,0.13,-0.21,0.08,-1.06,0.23,-0.5,0.44,-0.27,0.52,-0.28,0.09,0.32,0.33,-0.06,0.19,-0.73,-0.18,-0.04,-0.06,-0.17,0
YJL209W,0.245,0.19,0.125,0.06,-0.36,0.18,-0.5,0.11,-0.54,0.34,-0.19,0.06,-0.49,0.12,-0.15,0.22,0.14,0.19,-0.32,0.15,-0.25,0.26,0.16999999,0
YJL210W,-0.685,-0.45,-0.385,-0.32,-0.04,-1.12,0.24,-0.29,0.11,0.14,0.3,0.03,0.59,0.58,0.84,-0.4,-0.01,-0.16,0.96,0.25,0.94,-0.37,-0.215,0
YJL211C,-0.465,-0.49,-0.445,-0.4,-0.19,-0.55,-0.16,-0.09,0.08,0.17,0.52,0.25,0.44,0.13,0.48,-0.27,0.41,-0.29,0.92,-0.08,0.61,-0.15,-0.31,0
YJL212C,-0.16,0.17,0.030000001,-0.11,-0.39,-0.53,-0.46,-0.34,-0.33,0.06,0.22,0.67,0.66,0.5,0.39,-0.26,0.35,-0.13,0.23,-0.16,0.67,-0.13,-0.19,0
YJL213W,-0.15,-0.12,-0.15,-0.18,-0.05,0.01,-0.17,-0.08,-0.12,0.26,-0.01,-0.04,-0.05,-0.05,0.46,-0.1,0.12,0.08,0.38,-0.18,0.42,0.14,0.045,0
YJL214W,-0.049999997,-0.37,-0.58500004,-0.8,0.75,-0.86,0.4,-0.65,0.81,-0.17,0.82,-0.46,0.71,-0.53,1.46,-0.73,0.37,-1.14,1.77,0.49,1.2,-0.7,-0.735,0
YJL215C,-0.035,-0.19,-0.19,-0.19,0.13,-0.35,-0.1,-0.04,0.17,-0.1,-0.1,-0.87,0.17,0.19,0.19,-0.29,0.35,-0.05,0.36,0.64,0.82,-0.1,-0.055,0
YJL216C,-0.089999996,-0.19,-0.25,-0.31,-0.07,-0.48,0.14,0.43,-0.18,0.13,0.08,0.48,0.38,0.0,0.48,-0.34,0.27,-0.53,0.12,0.07,0.73,-0.31,-0.225,0
YJL217W,0.26,0.17,0.0,-0.17,-0.13,-0.8,-1.07,-0.85,-0.58,0.26,0.16,0.5,0.31,0.14,0.17,-0.47,0.22,-0.31,-0.33,0.34,0.54,0.37,0.32999998,1
YJL218W,0.605,0.31,0.050000004,-0.21,-0.59,-0.67,0.16,0.03,-0.95,0.62,-0.22,0.2,-0.53,-0.05,0.03,-0.22,-0.06,-0.11,-0.35,0.12,0.09,0.51,0.48,0
YJL219W,0.11,-0.34,-0.46499997,-0.59,0.38,-1.56,0.9,-0.5,2.12,0.05,0.91,-0.59,0.34,-0.6,-0.23,-0.53,0.01,-0.57,0.76,-0.09,0.6,-0.07,-0.175,0
YJL221C,-0.14,-0.25,-0.17,-0.09,0.11,0.02,0.29,0.12,-0.23,0.21,-0.24,-0.02,-0.23,-0.25,-0.04,0.09,0.19,-0.18,-0.42,0.04,0.21,0.42,0.355,0
YJL222W,0.065,0.17,0.075,-0.02,0.5,-0.04,0.16,0.11,0.27,0.11,0.12,-0.15,0.03,0.14,0.07,-0.39,-0.44,-0.27,0.07,-0.37,0.45,-0.17,-0.27,0
YJL223C,0.385,0.19,-0.595,-1.38,0.35,-0.3,0.4,-0.34,0.27,0.01,0.2,-0.1,0.05,-0.23,0.29,-0.11,0.36,0.04,-0.13,-0.57,0.17,-0.21,-0.25,0
YJL225C,0.24499999,-0.22,-0.36,-0.5,-0.76,-0.68,-0.22,0.02,0.17,1.2,1.2,0.73,0.38,0.16,-0.63,-0.31,-0.52,-0.54,-0.18,0.36,-0.08,0.31,0.125,1
YJR001W,-1.2249999,-1.56,-0.54999995,0.46,0.98,0.54,0.42,-0.23,0.09,-0.22,-0.12,0.14,0.48,0.24,0.78,0.28,0.84,0.18,0.5,-1.22,0.11,-0.56,-0.43,1
YJR002W,0.86,0.62,0.56,0.5,-0.88,0.47,0.2,0.48,-0.55,0.43,-0.37,-0.34,-0.72,0.1,-0.49,0.45,-0.28,0.24,-1.37,-0.18,-1.01,0.38,0.195,0
YJR003C,0.26500002,-0.03,0.21,0.45,0.01,0.46,0.09,0.48,-0.13,0.42,-0.74,-0.23,-0.74,-0.15,0.04,0.25,0.33,0.37,0.06,-0.63,-0.41,-0.23,-0.39000002,1
YJR004C,-1.175,-1.54,-1.765,-1.99,-2.45,-1.75,-1.28,-0.36,0.3,0.96,0.57,0.5,0.01,-0.36,-0.59,-1.06,-0.28,-0.13,1.04,0.7,2.13,2.31,2.455,1
YJR005W,0.15,0.3,0.315,0.33,0.02,0.26,0.16,0.21,-0.18,0.11,-0.5,-0.27,-0.44,0.0,0.02,0.02,-0.1,0.09,-0.64,-0.16,-0.23,0.36,0.285,0
YJR006W,0.37,0.54,0.26500002,-0.01,-0.35,-0.34,-0.52,-0.43,-1.04,0.35,0.14,0.63,0.12,0.23,0.48,-0.22,-0.37,-0.68,-0.15,0.64,0.34,0.39,0.24,1
YJR007W,-0.089999996,-0.21,-0.009999998,0.19,0.23,-0.01,-0.32,0.07,-0.16,-0.03,-0.22,-0.41,-0.32,-0.19,0.06,0.07,0.67,-0.08,0.74,0.38,0.35,-0.29,-0.385,0
YJR008W,-0.6,-0.79,-0.495,-0.2,-0.43,-0.12,0.11,-0.15,-0.67,0.09,-0.01,-0.23,0.18,0.44,0.81,-0.18,0.28,-0.43,0.39,0.44,0.71,0.06,0.105000004,0
YJR009C,-1.6700001,-1.57,-1.1,-0.63,0.37,-0.05,0.21,0.08,0.65,-0.05,0.15,0.07,0.45,-0.19,0.49,0.09,0.91,0.39,1.19,0.14,0.96,-0.12,-0.205,0
YJR010C-A,-0.37,-0.38,-0.13499999,0.11,0.25,-0.01,0.11,-0.28,-0.04,0.03,0.15,0.24,0.37,0.28,0.94,-0.18,0.38,0.07,0.11,-0.25,0.29,-0.64,-0.54499996,0
YJR010W,-0.54,-0.17,0.29,0.75,1.55,0.14,-0.48,-0.66,-0.62,-0.48,-0.69,-0.05,0.4,0.43,0.55,0.09,0.29,0.03,-0.14,0.06,0.42,-0.13,-0.029999997,1
YJR011C,0.075,0.22,0.225,0.23,0.13,-1.25,0.33,-0.19,-0.34,-0.04,-0.05,-0.08,0.4,0.72,0.92,-0.17,0.18,-0.2,-0.01,0.28,0.21,-0.37,-0.27,0
YJR012C,-0.13499999,-0.03,-0.005,0.02,0.31,-0.14,-0.03,0.06,-0.17,-0.01,-0.44,0.12,-0.09,0.12,0.21,0.01,-0.03,0.06,0.17,-0.02,0.26,-0.16,-0.095,0
YJR013W,-0.4,-0.17,-0.085,0.0,0.34,-0.03,0.15,0.06,-0.11,-0.33,0.27,0.13,0.27,0.14,0.62,0.0,0.21,0.04,0.24,-0.2,0.4,-0.51,-0.43,0
YJR014W,0.54499996,0.44,0.34,0.24,-0.31,0.2,-0.43,0.21,-0.53,0.44,-0.58,0.3,-0.79,0.3,-1.03,0.18,-0.82,0.42,-0.82,0.43,-0.85,0.64,0.44,0
YJR015W,-0.67999995,-0.59,-0.33499998,-0.08,0.31,0.06,0.2,-0.02,-0.21,-0.18,0.2,-0.12,0.14,0.02,0.94,-0.05,0.7,0.14,0.97,0.07,0.49,-0.51,-0.52,0
YJR016C,-0.09,0.09,0.16,0.23,0.45,0.37,0.06,0.25,0.22,0.2,-0.09,0.14,-0.2,-0.07,-0.34,0.05,0.02,0.12,0.12,-0.06,-0.31,-0.12,-0.16,0
YJR017C,0.105000004,0.11,0.14500001,0.18,-0.65,0.32,-0.02,0.28,-0.6,0.35,-0.62,0.06,-0.87,-0.21,-0.3,0.18,-0.16,0.33,-0.02,0.48,-0.11,0.37,0.31,0
YJR018W,0.0,0.0,0.03,0.06,-0.05,0.23,-0.39,0.28,-0.02,0.25,-0.24,0.06,-0.46,-0.15,-0.13,-0.05,0.1,0.22,-0.08,-0.23,-0.05,0.29,0.195,0
YJR019C,0.089999996,0.13,0.27499998,0.42,-0.75,0.39,-0.24,0.03,-0.51,0.66,-0.53,0.29,-0.42,-0.34,-0.27,0.3,-0.03,0.33,0.01,-0.31,0.07,0.34,0.305,0
YJR020W,-0.265,-0.29,-0.16499999,-0.04,0.47,0.09,0.23,0.12,0.33,-0.37,0.04,0.18,0.29,-0.21,0.28,-0.33,0.35,-0.32,0.18,-0.13,0.54,-0.3,-0.315,0
YJR021C,-0.08499999,0.09,0.18,0.27,-0.44,0.13,0.59,-0.2,-0.57,0.13,-0.15,0.04,-0.46,0.31,-0.2,0.26,0.1,-0.08,-0.22,0.39,0.34,0.12,0.12,0
YJR022W,-0.029999997,0.1,0.04,-0.02,0.4,-0.11,0.01,0.06,0.02,-0.29,-0.32,0.19,-0.13,-0.01,0.22,-0.32,0.02,-0.31,0.18,0.18,0.58,-0.05,-0.05,0
YJR023C,0.1,0.1,0.1,0.1,-0.35,-0.06,0.59,-0.12,-0.46,-0.12,-0.15,0.04,-0.37,0.18,-0.25,-0.03,0.07,0.02,-0.48,0.58,0.12,0.05,0.065,0
YJR024C,0.06,0.08,0.14,0.2,0.36,0.26,0.29,0.34,0.36,0.18,-0.14,0.14,-0.28,-0.14,-0.36,-0.28,0.18,0.21,-0.34,-0.52,-0.34,-0.09,-0.175,0
YJR025C,-0.050000004,-0.15,-0.22500001,-0.3,-1.01,-0.26,-0.57,-0.37,-0.83,0.35,-0.32,0.53,-0.43,0.32,-0.28,0.16,-0.25,0.33,-0.8,0.24,0.07,0.95,0.995,0
YJR026W,0.17,0.06,0.22,0.38,0.22,0.2,0.16,0.47,-0.09,0.48,-0.25,0.3,-0.5,0.31,-1.44,0.16,-0.24,0.03,-0.61,0.02,-0.75,-0.04,0.19,0
YJR027W,0.185,0.06,0.24,0.42,-0.16,0.41,-0.1,0.38,-0.29,0.3,-0.22,0.01,-0.42,0.2,-0.64,0.13,-0.56,-0.26,-0.07,0.36,-0.54,0.17,0.08,0
YJR028W,0.215,0.16,0.315,0.47,0.19,0.19,0.06,0.64,-0.02,0.51,-0.21,0.46,-1.45,0.28,-1.37,0.3,-0.43,0.2,-0.67,0.32,-0.91,0.1,0.285,0
YJR029W,0.44,0.44,0.44,0.44,-0.37,0.54,-0.45,0.52,-0.53,0.5,-0.22,0.23,-0.62,0.33,-0.39,0.38,-0.53,0.35,-0.93,-0.85,-0.42,0.25,0.225,0
YJR030C,0.265,0.24,0.06999999,-0.1,-0.26,-0.3,0.46,-0.42,-0.44,0.44,0.53,0.5,0.03,0.22,0.01,-0.19,0.1,-0.5,-0.1,0.13,0.27,-0.02,-0.13,1
YJR032W,0.055,0.12,0.185,0.25,-0.04,0.22,0.12,0.18,-0.06,-0.01,-0.37,0.15,-0.94,0.16,0.04,0.02,0.48,-0.01,-0.17,0.35,-0.41,-0.06,-0.185,0
YJR033C,-0.3,-0.34,0.019999996,0.38,-0.11,-0.24,0.29,0.01,0.0,-0.09,0.08,-0.03,-0.01,0.08,-0.01,-0.24,-0.15,-0.13,0.24,0.31,0.38,0.03,0.05,0
YJR034W,-0.335,-0.3,-0.595,-0.89,0.05,-0.59,0.23,-0.14,0.04,-0.05,0.09,0.0,0.09,0.05,0.4,-0.35,0.2,-0.3,0.17,0.62,0.44,0.46,0.155,0
YJR036C,0.065,0.0,-0.22,-0.44,-0.33,-0.49,-0.03,-0.18,-0.37,0.24,-0.33,0.46,-0.54,0.45,0.43,-0.4,0.15,0.07,0.18,0.39,0.6,0.13,0.009999998,0
YJR038C,-0.36999997,-0.53,-0.20499998,0.12,0.09,-0.13,0.1,0.42,0.26,0.01,0.24,-0.1,0.36,-0.2,0.84,-0.4,0.25,-0.4,0.24,-0.64,0.67,-0.14,-0.005000003,0
YJR040W,-0.375,-0.28,-0.2,-0.12,0.0,-0.04,0.0,-0.04,0.18,0.05,0.01,0.17,0.27,0.06,0.11,-0.22,0.58,-0.11,0.46,-0.2,0.34,-0.09,-0.040000003,0
YJR041C,0.19500001,-0.07,-0.025,0.02,0.19,0.24,0.39,0.14,0.18,0.11,0.03,0.03,-0.23,-0.09,-0.01,0.03,0.1,0.0,0.25,-0.3,0.1,-0.49,-0.55,0
YJR042W,-0.044999998,-0.19,-0.004999995,0.18,0.15,0.12,0.27,0.28,0.01,0.28,-0.5,0.1,-0.77,-0.05,-0.41,-0.09,0.27,-0.31,0.16,0.1,0.62,-0.04,-0.005,0
YJR043C,0.91999996,1.14,0.67,0.2,-0.81,-0.03,-0.48,0.01,-0.75,0.66,0.03,0.63,-0.54,0.49,-0.85,0.08,-0.63,-0.09,-1.07,-0.11,-0.43,0.66,0.425,1
YJR044C,-0.52,-0.5,-0.32999998,-0.16,0.61,-0.09,0.47,-0.12,0.36,0.06,0.23,-0.17,0.3,-0.34,0.01,-0.42,0.52,-0.21,0.45,-0.27,0.5,-0.28,-0.165,0
YJR045C,-1.155,-1.02,-0.63,-0.24,-0.94,0.0,-0.76,0.08,-0.45,0.21,-0.45,0.21,-0.34,0.12,0.0,0.81,0.19,0.87,0.34,0.33,0.21,1.07,0.95000005,0
YJR046W,-0.11,-0.19,-0.095,0.0,-0.1,0.11,-0.13,-0.03,-0.43,0.23,-0.25,-0.06,-0.55,-0.35,-0.21,0.61,0.44,0.41,-0.03,-0.19,0.05,0.41,0.29,0
YJR047C,-0.68,-0.72,-0.495,-0.27,0.0,0.06,0.4,0.01,0.37,-0.09,0.45,-0.13,0.03,-0.37,0.63,-0.21,0.68,0.2,0.84,-0.07,0.67,-0.37,-0.465,0
YJR048W,-1.755,-1.31,-0.67999995,-0.05,0.49,0.52,0.0,0.42,-0.19,0.37,-0.22,0.27,-0.35,-0.15,-0.01,0.41,0.06,0.63,-0.03,0.74,0.26,0.74,0.655,1
YJR049C,0.105000004,0.17,0.24000001,0.31,-0.79,0.39,-0.57,0.27,-0.87,0.4,0.12,0.12,-0.63,0.43,-0.57,0.32,-0.4,0.48,-0.48,-0.09,-0.57,0.59,0.48999998,0
YJR050W,0.235,0.18,0.18,0.18,-0.31,0.16,-0.1,0.18,-0.4,0.36,-0.29,0.12,-0.33,0.12,-0.75,0.13,-0.42,0.13,-0.69,0.21,-0.58,0.6,0.48000002,0
YJR051W,-0.29500002,-0.41,-0.255,-0.1,-0.76,0.29,-0.2,0.32,-0.05,0.1,0.15,-0.05,-0.02,-0.16,0.0,0.05,-0.16,0.35,0.08,-0.28,-0.09,0.41,0.33499998,0
YJR052W,0.45,0.45,0.285,0.12,-0.09,0.2,-0.01,0.03,-0.26,-0.03,-0.33,0.06,-0.33,-0.24,-0.43,-0.11,-0.33,-0.06,-0.61,0.19,-0.04,0.35,0.19,0
YJR054W,-0.68,-0.86,-0.69,-0.52,-0.68,-0.43,-0.55,0.3,0.0,0.09,-0.45,0.12,-0.38,0.15,-0.02,0.14,0.18,0.2,0.63,0.17,0.72,0.51,0.48,1
YJR055W,-0.32999998,-0.27,-0.10000001,0.07,0.15,-0.04,0.12,-0.25,0.28,-0.1,0.22,0.52,0.57,0.62,0.41,-0.39,0.01,-0.34,1.62,-0.72,-0.01,-0.66,-0.565,0
YJR056C,-0.089999996,-0.06,-0.03,0.0,0.3,-0.39,0.03,-0.2,0.23,-0.09,-0.01,0.21,0.22,0.04,0.61,-0.48,0.52,-0.26,0.33,-0.51,0.69,-0.4,-0.26,0
YJR057W,-0.115,-0.03,0.024999999,0.08,0.2,0.12,0.06,0.07,0.04,0.02,-0.01,0.11,-0.01,0.08,0.32,-0.28,-0.15,0.0,0.43,0.39,0.07,-0.27,-0.32999998,0
YJR058C,0.42499998,0.53,0.42499998,0.32,-0.02,-0.11,-0.53,-0.38,-0.57,0.06,-0.08,0.3,-0.23,0.44,-0.05,0.02,-0.23,-0.12,-0.26,-0.21,-0.12,0.36,0.20500001,0
YJR059W,-0.325,-0.12,0.095,0.31,0.82,-0.11,0.46,-0.48,0.25,-0.48,0.47,0.15,0.79,0.4,0.68,-0.09,0.18,-0.52,0.79,-0.59,0.46,-0.75,-0.74,0
YJR061W,0.07,-0.06,-0.08,-0.1,0.4,0.0,0.0,-0.02,0.2,-0.42,0.31,0.58,-0.28,-0.14,0.75,-0.23,0.38,0.02,0.44,0.28,0.93,-0.45,-0.375,0
YJR063W,-0.685,-0.66,-0.40500003,-0.15,0.58,-0.01,0.54,0.01,0.71,-0.09,0.11,0.03,0.6,-0.13,0.76,-0.13,-1.44,0.09,1.24,-0.33,0.94,-0.24,-0.32,0
YJR066W,0.050000004,-0.05,-0.035,-0.02,0.03,-0.16,0.06,-0.14,0.18,0.03,0.19,0.87,0.33,-0.26,0.39,-0.47,0.09,-0.67,0.29,-0.45,0.82,-0.47,-0.375,0
YJR071W,-0.335,-0.31,0.0,0.31,-0.25,0.26,0.05,0.17,-0.02,0.21,-0.02,-0.09,-0.09,0.09,0.03,0.02,-0.17,-0.05,0.13,-0.17,0.0,0.23,0.175,0
YJR072C,-0.07,-0.12,0.010000002,0.14,0.09,-0.07,-0.55,-0.01,-0.02,-0.04,-0.12,0.72,-0.1,-0.04,0.14,-0.43,0.33,-0.23,0.38,0.05,0.36,-0.15,-0.075,0
YJR073C,0.29500002,0.31,0.135,-0.04,-0.19,0.28,-0.01,0.18,-0.19,0.13,-0.32,-0.08,-0.26,0.25,-0.02,0.03,-0.08,-0.04,0.18,-0.36,-0.21,-0.02,-0.15,0
YJR076C,-0.035,-0.17,-0.24000001,-0.31,0.25,-0.19,0.15,-0.2,-0.26,-0.12,-0.03,0.88,-0.19,-0.31,0.46,-0.39,0.52,-0.53,0.24,0.21,0.36,-0.27,-0.155,0
YJR078W,-0.099999994,-0.16,-0.114999995,-0.07,0.42,0.01,0.29,0.28,0.44,-0.09,1.06,-0.31,-0.49,-0.07,0.5,-0.4,0.46,-0.35,0.66,-0.44,0.22,-0.74,-0.675,0
YJR079W,-0.015000001,-0.07,-0.075,-0.08,-0.07,-0.04,0.13,-0.03,-0.03,0.05,0.05,0.36,0.01,0.31,0.34,-0.15,-0.1,-0.26,0.1,-0.25,0.36,0.11,0.015000001,0
YJR080C,-0.08,-0.08,-0.115,-0.15,-0.61,-0.15,-0.53,-0.07,2.13,0.02,-0.56,0.26,-0.21,0.01,0.31,-0.07,0.2,-0.31,0.33,-0.26,-0.02,0.38,0.13499999,0
YJR082C,-0.745,-0.58,-0.52,-0.46,0.5,-0.24,0.46,-0.34,0.51,-0.48,0.37,0.01,0.33,0.79,0.42,-0.51,0.43,-0.28,0.22,0.34,1.12,-0.49,-0.42000002,0
YJR083C,-0.53,-0.32,-0.114999995,0.09,0.45,-0.23,0.38,0.02,0.56,0.11,0.27,0.22,-0.6,-0.02,0.75,-0.32,0.36,0.04,0.86,-0.25,0.22,-0.35,-0.495,0
YJR084W,0.365,-0.01,-0.365,-0.72,-0.02,-0.63,0.54,-0.17,0.43,-0.54,-0.52,-0.07,0.13,0.69,0.03,-0.36,0.16,-0.03,0.95,0.08,0.67,-0.39,-0.67499995,0
YJR085C,-0.41,-0.26,-0.114999995,0.03,0.2,-0.15,-0.05,-0.2,0.29,0.02,0.21,0.29,-0.19,0.28,0.65,0.03,0.59,0.14,0.53,-0.71,0.03,-0.15,-0.215,0
YJR086W,-0.505,-0.56,-0.53999996,-0.52,0.12,-0.52,0.14,-0.79,0.6,-0.04,0.39,0.46,0.42,0.24,0.42,-0.45,0.1,-0.35,0.88,0.08,1.22,-0.37,-0.34,0
YJR087W,-0.019999996,-0.21,-0.054999996,0.1,0.56,-0.21,0.1,-0.02,0.24,0.01,-0.13,0.3,-1.51,0.14,0.66,-0.02,0.45,0.11,0.77,-0.7,0.03,-0.26,-0.345,0
YJR088C,-0.009999998,-0.11,0.055,0.22,0.06,0.14,0.08,-0.16,0.03,-0.6,-0.21,0.05,-0.11,0.09,0.48,-0.14,-0.08,-0.09,0.36,0.2,0.0,-0.01,-0.1,0
YJR089W,-0.49,-0.52,-0.37,-0.22,-0.4,0.08,-0.33,-0.83,-0.07,0.51,-0.03,0.49,0.03,0.18,0.06,0.03,-0.06,0.19,0.08,-0.12,-0.15,0.51,0.59000003,0
YJR090C,0.28,0.22,0.29500002,0.37,-0.17,0.18,-0.13,0.13,-0.66,0.41,-0.17,0.18,-0.29,0.32,-0.04,0.19,-0.27,0.07,-0.63,0.01,-0.46,0.1,0.07,0
YJR091C,-0.32,-0.43,-0.165,0.1,-0.06,0.14,0.07,0.11,0.09,0.21,0.06,-0.03,-0.12,0.51,0.06,-0.02,-0.4,-0.21,0.34,-0.11,0.45,0.26,0.06999999,0
YJR092W,-1.0,-0.8,-0.3,0.2,0.21,0.5,0.57,0.43,0.48,-0.8,0.36,-0.37,0.12,-0.22,0.62,0.23,0.47,-0.08,0.39,-0.47,0.44,-0.47,-0.52,1
YJR096W,0.02,0.16,0.15,0.14,0.14,0.0,0.21,0.1,0.14,-0.14,-0.15,-0.17,0.0,0.29,0.09,-0.14,-0.14,-0.46,0.05,-0.48,0.39,-0.06,0.005000001,0
YJR098C,0.31,0.4,0.43,0.46,0.35,0.43,0.36,0.24,0.4,0.23,-0.03,0.17,-0.2,-0.11,-0.06,-0.2,-0.01,0.05,0.14,-1.4,-0.28,-0.38,-0.39999998,0
YJR099W,-0.225,-0.16,-0.155,-0.15,-0.27,0.11,-0.52,0.17,-0.13,0.52,-0.16,0.65,-0.11,0.2,-0.29,-0.08,-0.39,0.2,-0.16,-0.01,-0.52,0.39,0.425,0
YJR100C,0.29,0.24,0.255,0.27,0.04,0.09,0.02,0.24,0.08,-0.14,-0.22,0.04,-0.22,0.45,0.2,-0.17,0.27,-0.28,-0.03,-1.04,0.11,-0.3,-0.245,0
YJR101W,-0.345,-0.37,-0.205,-0.04,-1.21,0.12,-0.41,0.29,-0.82,0.59,-0.57,0.45,-0.37,0.27,0.2,0.31,-0.23,0.47,-0.41,0.16,0.08,0.61,0.595,0
YJR102C,-0.39499998,-0.44,-0.425,-0.41,-0.11,-0.57,0.01,0.02,0.16,-0.03,0.31,0.28,0.14,0.03,0.24,-0.31,-0.28,-0.23,0.46,0.27,0.81,0.21,0.099999994,0
YJR103W,-0.07,-0.1,-0.05,0.0,-0.11,-0.05,-0.36,-0.01,-0.2,-0.05,-0.24,0.18,-0.46,0.05,0.4,-0.18,0.23,-0.04,0.27,0.18,0.04,0.23,0.024999999,0
YJR104C,-0.21,-0.21,-0.114999995,-0.02,0.04,-0.18,0.02,-0.21,0.04,-0.02,-0.3,0.02,0.1,0.04,0.42,-0.05,-0.56,0.0,0.23,-0.05,0.49,0.23,0.195,0
YJR106W,0.59000003,0.57,0.285,0.0,-1.61,-0.2,0.5,-0.34,0.49,-0.07,-0.17,0.31,0.2,0.23,0.67,-0.15,0.35,0.01,0.06,-0.11,0.44,-0.65,-0.64,0
YJR108W,-0.155,-0.28,-0.23,-0.18,0.11,-0.21,0.42,-0.57,0.48,-0.19,-0.13,0.14,0.49,0.31,0.57,-0.47,0.61,-0.62,0.59,-0.03,0.71,-0.45,-0.47,0
YJR109C,-0.175,-0.1,-0.030000001,0.04,0.39,0.16,0.0,0.0,0.02,0.02,-0.18,-0.18,0.04,0.06,0.13,0.08,-0.94,-0.14,-0.14,-0.56,0.28,0.18,0.345,0
YJR116W,0.14500001,0.2,0.105000004,0.01,0.01,0.36,0.01,0.13,-0.16,0.35,-0.03,0.2,-0.13,0.14,-0.2,0.13,-0.89,0.51,-0.45,-0.69,-0.07,0.14,0.055,0
YJR117W,0.01,0.06,0.004999999,-0.05,-0.24,0.31,-0.45,0.05,-0.68,0.13,-0.71,0.89,-0.71,-0.07,-0.88,0.02,0.02,0.01,-0.53,0.47,-0.23,0.66,0.775,0
YJR118C,-0.14999999,-0.04,0.015000001,0.07,-0.32,0.25,0.36,0.14,1.1,0.33,-0.28,0.28,-0.1,0.01,-0.11,-0.1,-0.57,0.15,0.11,-1.28,-0.31,0.15,0.065000005,0
YJR120W,-0.82500005,-0.54,-0.285,-0.03,0.07,0.2,0.62,0.1,0.8,0.17,0.37,0.11,0.37,0.06,0.41,-0.2,0.07,0.0,-0.07,-0.33,0.59,-0.29,-0.22999999,0
YJR121W,-1.02,-0.66,-0.28,0.1,-0.38,0.26,0.22,0.35,0.14,0.39,-0.41,0.33,0.44,0.34,0.39,0.14,-0.37,0.27,0.08,0.07,0.61,0.14,0.11,0
YJR125C,-0.53,-0.44,-0.32999998,-0.22,0.4,0.29,0.05,0.43,0.84,0.43,0.26,-0.46,0.26,-0.29,-0.39,-0.33,0.1,0.1,1.4,-0.24,-0.02,-0.3,-0.32,0
YJR126C,0.20500001,0.05,0.035,0.02,0.15,-0.16,-0.06,0.11,-0.12,0.44,-0.12,0.3,-0.3,0.18,-0.21,-0.01,-0.24,-0.06,-0.26,-0.42,0.18,0.04,-0.05,0
YJR127C,-0.1,-0.01,0.074999996,0.16,-0.06,0.1,-0.23,0.18,-0.27,-0.12,-0.47,0.02,-0.21,0.25,-0.06,0.16,0.25,0.24,0.22,0.25,-0.19,-0.1,0.06999999,0
YJR128W,-0.14,-0.05,0.36499998,0.78,0.25,0.07,0.29,0.03,0.22,-0.13,-0.25,0.0,0.0,0.16,0.1,-0.02,-0.45,-0.14,-0.02,-0.5,0.33,-0.26,-0.225,0
YJR129C,-0.61,-0.43,-0.015000001,0.4,0.65,0.55,0.39,0.29,0.76,0.21,0.09,0.26,0.16,-0.3,-0.9,-0.2,0.1,-0.12,0.42,-0.76,-0.01,-0.51,-0.22999999,0
YJR130C,0.725,0.6,0.34,0.08,-0.32,0.23,-0.01,0.11,-0.81,0.19,-0.42,0.47,-0.01,-0.07,-0.87,0.26,-1.21,0.25,-0.52,-0.07,-0.16,0.38,0.14,0
YJR131W,0.5,0.53,0.32,0.11,-0.25,0.14,-0.08,0.27,-0.18,0.21,-0.34,0.09,-0.6,0.04,-0.95,-0.02,-0.04,0.25,0.11,0.16,-0.36,-0.04,0.075,0
YJR132W,0.615,0.53,0.45499998,0.38,0.0,0.4,0.2,0.37,-0.71,0.18,-0.25,0.2,-0.47,0.06,-0.77,0.38,-1.19,0.37,-0.42,-0.23,-0.12,-0.14,-0.21000001,0
YJR133W,0.135,0.23,0.08,-0.07,-0.09,-0.09,-0.86,0.04,-0.14,0.26,-0.24,0.26,-0.24,0.19,-0.21,-0.16,-0.07,0.28,0.04,0.12,-0.09,0.18,0.19,0
YJR134C,0.205,0.28,0.120000005,-0.04,-0.17,0.07,-0.09,0.04,-0.27,0.02,-0.23,0.03,-0.15,0.1,1.15,0.11,-0.76,-0.17,-0.32,-0.25,0.1,0.19,0.075,0
YJR135C,0.16,0.19,-0.024999999,-0.24,0.0,-0.12,0.09,-0.16,-0.03,-0.11,-0.43,0.26,-0.22,-0.21,-0.06,-0.43,0.58,-0.17,0.34,0.11,0.06,-0.06,0.099999994,0
YJR137C,-0.14500001,-0.2,0.25,0.7,1.03,-0.24,-0.27,-0.69,-0.5,-0.44,-0.46,0.16,0.46,0.68,0.55,-0.14,0.13,-0.6,0.17,0.03,0.63,-0.22,-0.14,1
YJR138W,-0.14500001,0.01,-0.12,-0.25,0.41,-0.53,0.17,-0.4,0.11,0.19,0.2,1.23,-0.15,-0.28,0.51,-0.57,1.77,-0.08,-0.89,0.02,0.95,-0.61,-0.57,0
YJR139C,0.48,0.25,0.04,-0.17,0.54,-0.01,0.17,0.01,0.09,-0.01,-0.06,0.04,-0.29,-0.3,0.27,-0.27,0.18,-0.06,0.1,0.13,-0.27,-0.69,-0.72,0
YJR140C,-0.105,-0.16,0.08500001,0.33,0.33,0.28,0.11,0.21,-0.27,0.09,0.26,-0.1,0.01,0.34,0.08,0.0,-0.7,0.11,-0.17,-0.09,0.14,-0.12,-0.205,0
YJR142W,0.030000001,0.09,0.120000005,0.15,-0.08,-0.17,0.22,0.07,-0.54,0.01,-0.6,0.24,0.09,0.3,-0.03,-0.1,-0.19,0.03,0.09,0.25,0.05,0.22,0.155,0
YJR143C,-0.11,-0.05,-0.12,-0.19,0.14,0.06,-0.57,0.21,-0.39,0.16,0.1,0.3,0.09,0.0,0.28,-0.33,0.04,-0.26,0.09,0.56,0.03,0.14,0.155,0
YJR144W,0.08,0.22,0.375,0.53,0.24,0.42,-0.3,0.24,-0.34,0.21,-0.16,0.46,-0.13,0.32,-0.57,0.15,0.01,0.22,-0.36,-1.4,0.15,0.06,0.049999997,0
YJR145C,0.40499997,0.42,-0.015000001,-0.45,-0.12,-0.43,-0.62,-0.34,-0.43,0.02,0.01,0.3,-0.03,0.35,0.09,-0.38,-0.18,-0.26,0.36,0.23,0.07,0.03,0.12,0
YJR146W,0.695,0.46,0.14,-0.18,0.07,-0.11,0.33,-1.35,-0.07,0.18,-0.19,0.41,-0.12,0.25,-0.01,-0.54,-0.04,-0.41,0.18,-0.09,0.39,-0.71,-0.52,0
YJR147W,0.265,-0.06,-0.32,-0.58,-0.11,-0.39,0.03,-0.02,-0.22,0.15,-0.4,0.25,-0.42,-0.35,0.06,0.02,0.23,0.01,0.39,0.29,0.37,-0.37,-0.155,0
YJR148W,1.18,1.3,0.885,0.47,-0.18,-0.33,-0.68,-0.58,-1.23,0.42,0.32,0.98,0.23,0.69,-0.39,0.05,-0.56,-0.33,-1.09,-0.71,-0.37,0.17,0.15,1
YJR150C,-0.07000001,-0.18,-0.11,-0.04,-0.07,-0.28,0.46,-0.64,-0.49,-0.24,0.22,-0.24,0.62,-0.3,0.81,-0.18,0.55,-0.07,0.18,0.83,0.52,-0.43,-0.5,0
YJR151C,0.155,0.06,0.425,0.79,0.15,0.12,-0.46,0.03,-0.12,0.38,0.09,0.15,-0.08,-0.03,-0.03,-0.06,-0.1,-0.03,-0.15,-0.49,-0.15,-0.12,-0.135,0
YJR152W,-0.36,-0.29,-0.385,-0.48,-0.13,-0.47,0.29,-0.52,-0.68,-0.25,-0.14,0.16,0.36,1.06,0.99,-0.06,0.39,-0.1,-0.01,0.27,0.4,-0.07,-0.11,0
YJR153W,0.105000004,-0.02,-0.25,-0.48,0.23,-0.12,-0.31,-0.25,2.67,-0.5,-0.12,-0.22,0.0,-0.14,0.38,-0.7,-0.08,-0.52,-0.12,0.03,0.78,-0.19,-0.22,0
YJR154W,0.075,0.04,0.120000005,0.2,-0.4,-0.19,-0.53,-0.45,-0.18,-0.13,0.32,0.13,0.4,0.47,0.72,-0.02,0.07,-0.18,-0.3,0.37,0.2,-0.3,-0.29000002,1
YJR157W,0.555,0.44,0.095,-0.25,0.29,-0.32,-0.23,-0.3,0.11,-0.46,-0.04,0.03,0.52,-0.2,0.11,-0.35,0.2,-0.42,0.49,0.21,0.96,-0.35,-0.25,0
YJR158W,-0.145,-0.19,-0.22,-0.25,0.25,-0.26,0.3,-0.1,-0.35,-0.17,-0.52,0.04,0.25,-0.02,0.94,-0.22,-0.16,-0.46,0.53,0.72,0.82,-0.26,-0.24,0
YJR159W,0.055,0.14,-0.030000001,-0.2,0.21,-0.38,0.51,-0.24,0.14,-0.44,0.11,0.84,0.29,-0.06,0.31,-0.4,0.45,-0.5,0.29,0.16,1.12,-0.76,-0.775,0
YJR160C,0.495,0.52,0.23499998,-0.05,-0.32,-0.19,0.52,0.1,0.12,0.03,0.32,0.15,0.0,0.18,0.37,-0.42,0.11,-0.7,-0.55,-0.7,0.46,-0.02,0.025,0
YJR161C,-0.305,-0.23,-0.105000004,0.02,0.21,-0.23,-0.23,-0.34,0.36,-0.03,0.55,0.21,0.72,0.1,0.33,-0.25,0.09,-0.41,0.19,-0.49,0.5,-0.14,-0.16,0
YKL001C,0.26500002,0.43,0.53999996,0.65,0.88,-0.44,-0.79,-0.51,-0.73,-0.45,-0.42,1.3,0.18,0.79,0.37,-0.58,-0.37,-0.44,-0.55,-0.09,-0.04,0.04,0.155,1
YKL002W,0.19,0.26,0.305,0.35,-0.19,0.1,-0.36,0.1,-1.06,0.27,-0.79,0.19,-0.46,0.6,-0.62,0.21,-0.36,0.21,-0.67,0.31,-0.64,0.86,0.76,0
YKL003C,-0.26,-0.22,-0.135,-0.05,-0.47,0.01,-0.17,0.07,-0.47,0.51,-0.07,0.59,-0.33,0.13,-0.07,0.32,-0.28,0.17,-0.91,-0.13,-0.44,0.77,0.65999997,0
YKL004W,-0.095,-0.08,0.285,0.65,0.23,0.87,0.02,0.49,-0.18,-0.04,-0.68,-0.03,-0.38,0.07,0.24,0.46,-0.11,0.46,0.5,-0.58,-0.16,-0.68,-0.69,1
YKL005C,0.315,0.2,0.14500001,0.09,-0.14,0.0,-0.11,0.12,-0.32,0.19,-0.4,0.0,-0.4,-0.19,-0.14,0.12,0.0,-0.03,0.11,-0.28,-0.11,0.23,0.155,0
YKL006W,-0.1,0.02,0.114999995,0.21,0.63,0.39,0.58,0.35,0.47,0.23,0.14,0.27,0.1,-0.03,-0.27,-0.16,-0.16,0.17,-0.43,-0.55,-0.36,-0.31,-0.335,0
YKL008C,0.365,0.68,0.765,0.85,0.98,0.29,-0.17,-0.85,-0.96,-0.06,0.6,0.98,0.89,0.52,0.78,0.15,0.28,-0.51,-0.64,-1.66,-0.44,-0.3,-0.17,1
YKL010C,0.07000001,-0.04,0.095,0.23,0.22,-0.03,0.09,0.27,0.17,-0.06,-0.42,-0.22,-0.13,-0.03,0.53,-0.29,0.09,-0.42,0.46,-0.09,0.5,-0.34,-0.305,0
YKL011C,-0.08,0.04,0.22999999,0.42,-0.1,0.24,-0.07,-0.17,-0.28,-0.39,-0.33,-0.01,-0.27,0.95,0.59,0.42,0.04,0.05,-0.32,0.32,0.34,-1.08,-0.565,0
YKL012W,0.19,0.35,0.34,0.33,-0.25,0.36,-0.36,0.26,-0.59,0.23,-0.41,0.17,-0.41,0.32,-0.15,-0.34,-0.51,0.27,-0.51,0.18,-0.48,0.57,0.465,0
YKL013C,-0.355,-0.2,-0.085,0.03,0.05,-0.09,-0.1,-0.09,-0.45,-0.05,-0.22,0.28,-0.01,0.15,0.8,0.08,-0.03,0.15,-0.33,0.32,0.36,-0.56,-0.114999995,0
YKL014C,0.35999998,0.14,0.27,0.4,0.29,0.39,0.29,0.41,-0.03,-0.03,-0.08,-0.23,-0.19,-0.02,-0.15,0.29,-0.17,-0.45,0.21,-0.03,-0.43,-0.36,-0.51,0
YKL015W,-0.135,-0.17,-0.11,-0.05,0.01,-0.31,-0.05,-0.01,-0.3,-0.26,-0.07,-0.37,-0.2,0.19,0.58,0.3,0.18,-0.12,0.33,0.77,0.37,-0.04,-0.14999999,0
YKL016C,-0.42499998,-0.14,0.015000001,0.17,0.23,0.05,-0.23,0.28,-0.05,0.19,-0.06,0.08,-0.14,0.15,-0.29,-0.28,-0.4,0.09,-0.19,0.22,0.35,0.44,0.35,0
YKL017C,0.010000005,0.18,0.125,0.07,0.0,-0.16,-0.54,0.16,0.0,-0.12,0.24,0.08,-0.01,-0.16,0.57,-0.12,-0.01,-0.33,-0.04,0.49,0.41,-0.1,-0.085,0
YKL018W,0.009999998,-0.11,-0.035,0.04,0.24,0.24,0.18,0.25,0.2,0.26,0.08,0.27,-0.09,-0.08,-0.32,0.03,-0.36,0.11,-0.26,-0.47,-0.21,-0.05,-0.14,0
YKL019W,-0.32,-0.08,0.005000003,0.09,-0.15,0.04,-0.05,0.13,-0.12,0.08,-0.17,0.26,-0.08,-0.07,0.5,0.02,-0.02,0.09,-0.42,-0.08,0.69,-0.01,0.02,0
YKL020C,-0.17500001,-0.33,-0.19000001,-0.05,0.1,-0.05,0.38,0.26,0.16,0.17,-0.11,-0.42,-0.2,-0.09,-0.01,0.01,0.41,-0.3,0.34,0.36,0.29,-0.17,-0.21000001,0
YKL021C,0.76,0.49,0.33,0.17,-0.35,0.26,0.01,0.21,-0.75,0.21,-0.39,-0.11,-0.83,-0.33,0.01,0.3,-0.35,0.14,-0.7,0.13,-0.18,0.13,-0.045,0
YKL022C,0.225,0.21,-0.695,-1.6,0.1,-0.33,-0.25,0.07,-0.23,0.15,-0.21,0.21,-0.23,0.17,0.18,0.02,-0.02,0.12,0.32,0.53,0.04,0.02,0.0,0
YKL024C,0.675,0.66,0.57,0.48,0.19,0.4,-0.11,0.28,-0.38,0.23,-0.58,0.09,-0.58,0.04,-0.48,0.16,-0.45,0.34,-0.81,-0.5,-0.53,0.14,0.015000001,0
YKL026C,-0.08,-0.16,-0.235,-0.31,-0.07,0.18,0.41,0.23,0.51,-0.04,-0.65,-0.41,-0.1,-0.43,0.28,-0.11,0.07,0.2,-0.11,-0.19,0.48,0.07,0.055,0
YKL027W,0.605,0.53,0.46999997,0.41,-0.63,0.62,-0.6,0.53,-0.91,0.36,-0.56,0.03,-0.76,0.17,-0.51,0.59,-0.49,0.59,-0.66,-0.21,-0.63,0.24,0.099999994,0
YKL028W,0.11,0.07,0.13,0.19,-0.13,0.14,0.09,0.22,-0.37,0.22,-0.55,-0.1,-0.47,-0.01,-0.17,0.2,-0.1,0.15,-0.55,0.12,-0.47,0.6,0.45000002,0
YKL029C,0.985,0.78,0.775,0.77,-0.53,0.65,-0.56,0.19,-0.97,0.3,-0.5,0.35,-0.44,0.4,-0.17,0.53,-0.38,0.4,-0.88,-0.81,-0.73,-0.41,-0.44,0
YKL030W,0.755,0.59,0.605,0.62,0.56,0.48,-0.08,0.0,-0.19,0.11,-0.32,0.33,-0.27,0.22,-0.02,0.3,0.16,0.29,-0.52,-1.39,-0.97,-0.83,-0.78,0
YKL032C,0.26,0.26,0.525,0.79,0.13,0.73,-0.31,0.31,-0.7,0.4,-0.6,0.16,-0.65,0.22,-0.18,0.74,-0.25,0.14,-0.78,-0.27,-0.8,0.31,0.145,0
YKL033W,0.19,0.29,0.155,0.02,-0.06,0.07,0.37,0.05,-0.45,-0.14,0.16,-0.32,-0.48,0.63,-0.14,0.04,0.16,0.16,-0.16,0.16,0.47,-0.14,-0.175,0
YKL034W,-0.32,-0.21,-0.065,0.08,0.22,0.09,0.19,0.28,0.21,0.03,-0.07,-0.03,0.05,-0.12,0.24,-0.18,0.21,-0.03,0.33,-0.34,0.25,-0.09,-0.05,0
YKL035W,-1.38,-0.7,-0.11,0.48,0.58,0.72,-0.44,0.08,-0.62,-0.46,-0.54,-0.04,0.14,0.31,1.13,0.52,0.6,0.24,0.08,0.0,0.75,0.1,0.155,1
YKL036C,-0.675,-0.35,-0.08,0.19,0.63,0.31,0.35,-0.15,0.1,-0.32,-0.32,-0.22,0.0,0.33,0.52,0.04,-0.05,-1.08,0.37,0.13,1.13,-0.06,-0.07,0
YKL037W,-0.29,-0.41,0.19500001,0.8,-0.19,-0.33,-0.05,-0.13,-0.05,-0.26,0.4,-0.38,0.33,-0.04,0.96,-0.31,0.16,-0.02,0.57,0.41,0.58,-0.42,-0.45499998,0
YKL038W,-0.12,-0.29,-0.145,0.0,0.24,-0.26,-0.18,0.07,0.36,-0.1,-0.13,-0.26,-0.13,-0.18,0.96,-0.26,-0.13,-0.43,0.6,0.25,0.55,-0.1,-0.31,0
YKL039W,-0.645,-0.72,-0.515,-0.31,0.0,0.06,0.26,0.26,-0.23,0.31,0.35,0.2,0.11,-0.18,0.3,-0.12,0.06,0.08,-0.25,0.2,0.01,0.3,0.215,0
YKL040C,0.030000001,0.09,0.060000002,0.03,-0.19,0.3,-0.04,0.19,-0.33,0.17,-0.39,0.05,-0.41,0.12,1.64,0.29,-0.71,0.17,-0.67,0.02,-0.53,0.53,0.34499997,0
YKL041W,-0.065,-0.1,-0.14,-0.18,-0.27,-0.24,-0.41,-0.16,-0.45,-0.13,0.27,0.3,-0.45,-0.02,0.38,-0.16,-0.19,0.02,0.27,1.49,0.09,-0.03,-0.044999998,0
YKL042W,0.65,0.69,0.29,-0.11,0.07,-0.37,-0.28,-0.26,-0.06,0.04,0.51,0.09,0.42,0.39,0.57,-0.35,-0.3,-0.01,-0.32,0.23,-0.04,-0.62,-0.45,1
YKL043W,-1.145,-1.52,-0.815,-0.11,0.12,0.36,0.5,0.54,-0.1,0.36,-0.04,-0.08,-0.34,0.13,0.67,0.17,0.55,0.32,0.39,0.46,0.67,-0.28,-0.34,1
YKL044W,-0.91499996,-1.24,-0.6,0.04,0.2,0.24,0.33,0.64,0.6,0.54,-0.12,-0.01,-0.28,-0.01,0.2,0.21,0.37,0.36,0.49,0.12,-0.01,-0.22,-0.32999998,1
YKL045W,1.015,1.01,0.29,-0.43,-0.91,-1.03,-0.52,-0.91,-0.83,0.83,0.65,1.13,0.42,0.84,0.24,-0.45,-0.52,-0.72,-0.47,-0.16,0.31,0.38,0.205,1
YKL046C,0.19,0.34,0.35500002,0.37,0.27,0.1,-0.22,-0.04,-0.15,0.22,0.07,0.54,0.24,0.32,-0.12,0.04,-0.5,-0.01,-0.61,-0.48,-0.57,0.15,0.035000004,0
YKL047W,0.55,0.55,0.44,0.33,-0.63,0.28,-0.49,0.3,-0.78,0.2,-0.34,0.03,-0.39,-0.12,-0.34,0.3,-0.66,0.31,-0.34,-0.06,0.0,0.42,0.28,0
YKL048C,0.32,0.59,0.65,0.71,0.18,0.33,-0.09,-0.15,-0.81,-0.09,-0.64,0.35,-0.25,0.38,0.33,0.68,0.19,0.15,-0.29,-0.79,-0.46,-0.02,-0.055,1
YKL049C,0.63,0.71,0.74,0.77,-0.46,0.45,0.07,0.08,-0.95,-0.03,-0.31,0.1,-0.39,0.02,-0.29,0.58,-0.37,0.13,-0.39,-0.29,-0.69,0.01,0.01,0
YKL050C,0.425,0.47,0.38,0.29,0.28,0.23,-0.21,-0.14,-0.81,-0.17,-0.47,0.5,-0.21,0.1,0.43,0.06,0.5,-0.41,0.08,-0.43,0.41,-0.19,-0.32,0
YKL051W,0.035,0.08,0.30499998,0.53,-0.43,0.44,-0.23,0.36,-0.47,0.26,-0.56,0.31,-0.47,0.21,-0.31,0.53,-0.07,0.34,-0.58,-0.47,-0.25,0.09,0.0,0
YKL052C,0.16,0.46,0.68,0.9,0.15,0.85,-0.34,0.23,-0.77,-0.08,-0.91,0.23,-0.8,0.32,-0.11,0.72,-0.09,0.57,-0.67,-0.77,-0.57,0.29,0.27499998,1
YKL053W,0.13499999,0.35,0.585,0.82,-0.59,0.78,1.96,0.05,-1.13,0.12,-0.8,0.06,-0.94,0.23,-0.26,0.64,-0.39,0.26,-0.57,-0.48,-0.5,0.18,0.16,0
YKL054C,0.635,0.63,-0.034999996,-0.7,-0.34,0.36,-0.41,0.28,-0.7,0.4,-0.62,-0.03,-0.66,0.32,-0.66,0.16,-0.09,0.09,-0.54,0.09,-0.37,0.63,0.505,0
YKL055C,-0.19,-0.19,0.015000001,0.22,-0.4,0.28,0.11,0.05,-0.74,0.12,0.26,0.12,-0.11,-0.12,0.44,0.23,0.15,-0.03,0.46,-0.44,0.12,-0.14,-0.060000002,0
YKL056C,-0.41500002,-0.37,-0.14,0.09,0.67,0.36,0.45,0.27,0.97,0.27,0.19,0.19,0.22,-0.2,-0.25,-0.19,0.39,0.18,0.45,-1.27,-0.16,-0.4,-0.385,0
YKL058W,-0.2,-0.09,0.07,0.23,0.41,0.24,-0.06,0.11,0.03,0.12,-0.12,0.34,0.14,0.09,-0.8,0.29,0.33,0.29,0.05,-0.61,-0.24,-0.07,-0.085,0
YKL059C,-0.015,-0.01,0.06,0.13,-0.46,0.02,-0.18,-0.01,-0.8,0.11,0.1,-0.11,-0.02,0.64,0.4,0.33,-0.23,0.06,-0.25,0.33,0.01,0.14,0.015000001,0
YKL060C,-1.015,-0.86,-0.39000002,0.08,0.28,0.35,0.15,0.57,0.49,-0.51,0.29,0.42,0.11,0.32,0.13,0.52,-0.25,0.47,0.1,-0.2,-0.26,0.08,-0.005000003,0
YKL061W,-0.195,-0.11,-0.08,-0.05,0.69,-0.18,0.01,-0.23,-0.19,-0.15,0.02,-0.05,0.08,-0.11,1.18,-0.12,0.21,-0.29,0.26,0.02,0.47,-0.25,-0.345,0
YKL062W,0.105000004,-0.29,-0.39,-0.49,-0.49,-0.41,-0.32,0.22,0.08,0.72,0.6,0.5,-0.48,-0.04,-0.19,0.01,-0.27,-0.11,-0.13,0.03,0.11,0.8,0.625,0
YKL063C,0.47,0.32,0.13,-0.06,-0.92,-0.31,-0.18,-0.25,-0.5,0.23,0.1,0.34,0.09,0.09,0.18,-0.12,-0.48,-0.06,-0.4,0.54,-0.11,0.32,0.12,0
YKL064W,0.285,0.17,0.08,-0.01,0.17,-0.4,-0.16,-0.01,0.04,-0.26,-0.06,-0.22,-0.44,0.11,0.27,-0.24,0.31,-0.44,0.2,0.31,0.55,-0.13,-0.024999999,0
YKL065C,-0.35,0.0,0.28,0.56,0.28,0.16,-0.11,-0.19,-0.61,-0.13,-0.06,0.27,0.08,0.24,0.61,-0.11,-0.14,-0.22,-0.34,-0.07,0.21,0.2,0.195,1
YKL066W,0.019999996,0.34,0.115,-0.11,0.2,-0.63,-0.86,-1.16,-0.51,-0.16,0.27,0.78,0.82,0.42,0.87,-0.23,0.51,-0.5,0.22,0.12,0.45,-0.09,0.024999999,1
YKL067W,0.049999997,0.41,0.255,0.1,0.17,-0.45,-0.69,-0.93,-0.89,-0.01,0.36,0.95,0.75,0.7,1.01,0.01,-0.15,-0.21,-0.73,-0.22,0.25,0.23,0.245,1
YKL068W,0.095000006,0.01,0.255,0.5,0.23,0.3,-0.23,0.28,-0.1,0.11,-0.43,-0.18,-0.35,0.35,-0.21,0.18,-0.03,-0.12,-0.12,0.21,-0.41,-0.23,-0.20500001,0
YKL069W,-0.375,-0.1,0.32,0.74,0.64,0.52,0.19,-0.02,-0.85,-1.1,-0.6,-0.12,0.02,0.1,0.92,0.27,0.35,0.3,-0.07,0.01,-0.09,-0.51,-0.32,1
YKL070W,-0.2,-0.1,0.155,0.41,0.79,0.17,0.48,0.12,0.37,-0.17,-0.1,-0.11,0.04,-0.02,0.3,0.0,0.28,-0.19,0.29,-0.52,0.07,-0.43,-0.45,0
YKL071W,-0.11500001,0.1,0.24499999,0.39,-0.02,0.5,0.4,0.18,0.02,-0.02,-0.03,-0.01,-0.15,0.15,0.1,0.26,0.05,0.02,0.22,-0.45,-0.03,-0.26,-0.32,0
YKL072W,0.22,0.09,0.11,0.13,-0.03,0.02,-0.19,0.11,-0.25,-0.02,-0.69,-0.07,-0.35,0.02,0.06,0.15,0.44,0.02,0.09,-0.27,0.05,-0.1,-0.04,0
YKL073W,-0.065000005,0.05,0.065,0.08,-0.76,0.19,-0.28,0.16,-0.52,0.08,0.24,0.19,-0.4,0.31,-0.36,0.39,-0.25,0.16,-0.08,0.21,0.05,0.36,0.20500001,0
YKL074C,0.46,0.31,0.305,0.3,-0.35,0.3,-0.01,0.38,-0.44,0.55,-0.44,0.16,-0.66,0.06,-0.57,0.48,-0.37,0.3,-0.74,-0.94,-0.66,0.49,0.335,0
YKL075C,0.48,0.44,0.4,0.36,-0.75,0.35,-0.17,0.4,-0.73,0.32,0.02,-0.13,-0.53,0.12,-0.11,0.23,-0.41,0.09,-0.64,-0.27,-0.3,0.37,0.235,0
YKL076C,0.29500002,0.25,0.29000002,0.33,0.06,0.19,0.04,0.18,-0.21,0.0,-0.42,-0.03,-0.35,0.14,-0.39,-0.09,0.27,0.04,-0.03,-0.72,0.14,-0.02,-0.085,0
YKL077W,0.17,0.28,0.41500002,0.55,-0.41,0.53,-0.2,0.36,-0.69,0.13,-0.38,0.12,-0.33,0.37,-0.05,0.47,-0.69,0.4,-0.33,-0.6,-0.46,0.17,0.125,0
YKL078W,0.8,0.41,0.39999998,0.39,-0.03,0.53,0.05,0.46,-0.2,0.39,-0.52,0.05,-0.87,-0.09,-0.44,0.57,0.01,0.17,-0.35,-1.15,-0.65,-0.21,-0.42,0
YKL079W,0.425,0.49,0.3,0.11,-0.78,0.28,-0.52,0.21,-0.69,0.14,0.07,-0.03,-0.72,0.0,-0.13,0.25,-0.49,0.34,-0.44,0.17,-0.15,0.48,0.365,0
YKL080W,-0.39,-0.31,-0.15,0.01,0.11,0.24,0.13,0.17,0.23,0.29,-0.09,0.35,-0.01,0.05,-0.49,0.17,-0.06,0.33,-0.02,-0.43,0.04,-0.02,0.07,0
YKL081W,0.074999996,0.16,0.255,0.35,-0.12,0.5,0.03,0.28,0.16,0.25,-0.1,0.18,-0.28,0.01,0.09,0.2,-0.3,0.31,0.03,-0.77,-0.46,0.01,-0.11,0
YKL082C,0.84,0.62,0.47500002,0.33,-0.91,0.37,-0.6,0.35,-1.18,0.45,-0.79,0.41,-1.14,0.17,-0.88,0.64,-0.65,0.15,-0.68,0.5,-0.6,0.71,0.43,0
YKL084W,0.18,0.2,0.26500002,0.33,0.64,0.26,0.25,0.18,0.25,-0.26,-0.09,-0.01,-0.09,0.01,0.1,-0.14,0.03,0.11,0.25,-0.7,-0.24,-0.51,-0.605,0
YKL085W,-1.095,-0.75,-0.375,0.0,0.0,0.15,-0.14,0.1,-0.43,0.05,-0.14,0.06,-0.11,0.41,0.53,-0.03,-0.08,0.39,-0.46,0.93,0.68,0.61,0.6,0
YKL086W,-0.255,-0.29,-0.065,0.16,0.09,-0.13,0.03,-0.15,0.1,0.05,-0.22,0.05,-0.63,0.14,0.32,-0.07,0.21,-0.05,0.16,-0.03,0.23,0.44,0.13499999,0
YKL087C,-0.39999998,-0.39,-0.255,-0.12,-0.33,0.01,-0.24,0.2,-0.2,0.09,-0.19,0.13,-0.35,-0.01,0.46,0.07,-0.14,0.35,-0.27,0.43,0.35,0.29,0.17999999,0
YKL088W,0.13,0.07,0.07,0.07,-0.28,-0.01,-0.49,0.11,-0.08,0.23,-0.17,0.09,-0.03,0.26,-0.09,0.01,-0.22,-0.37,0.27,0.32,-0.28,0.39,0.24499999,0
YKL091C,-0.79499996,-0.71,-0.29999998,0.11,0.06,-0.02,0.19,-0.25,0.07,-0.12,-0.48,-0.23,-0.22,0.33,0.47,-0.16,1.35,-0.15,0.02,0.07,0.25,0.42,0.41,0
YKL093W,-0.31,-0.44,-0.065,0.31,0.34,-0.04,-0.07,-0.03,0.33,-0.37,-0.87,-0.34,-0.03,0.48,0.51,-0.04,0.41,-0.37,0.64,-0.24,0.88,-0.19,-0.21000001,0
YKL095W,0.39000002,0.12,0.08,0.04,-0.35,-0.71,0.23,0.25,-0.23,-0.05,-0.14,-0.29,-0.45,0.03,0.31,-0.07,0.03,-0.21,-0.33,-0.41,-0.33,0.34,0.3,0
YKL096W,-1.14,0.08,0.325,0.57,1.36,0.59,0.22,-0.46,-0.26,-0.59,0.48,0.83,1.12,0.66,0.7,0.5,0.82,0.08,0.24,-1.02,-0.73,-0.63,-0.45999998,1
YKL096W-A,-0.98,-0.66,-0.23000002,0.2,0.79,0.65,0.76,0.59,0.84,-0.03,-0.21,-0.19,0.07,-0.3,-0.29,0.33,0.59,0.64,0.64,-0.39,-0.24,-0.4,-0.495,1
YKL097C,0.11,0.09,-0.024999999,-0.14,-0.53,0.24,0.53,-0.36,0.29,-0.47,0.31,-0.5,0.15,0.33,0.44,-0.16,0.38,0.11,0.34,-0.39,0.39,-0.23,-0.38,0
YKL098W,0.17,0.22,0.305,0.39,-0.1,0.32,-0.14,0.35,-0.36,0.38,-0.27,0.47,-0.14,-0.11,0.1,0.32,-0.36,0.2,-0.35,-0.48,-0.9,0.27,0.11500001,0
YKL099C,0.79499996,0.75,0.515,0.28,-0.33,0.2,-0.33,0.1,-0.68,0.21,-0.5,0.36,-0.79,0.28,-0.54,0.43,-0.17,0.27,-0.7,0.14,-0.5,0.02,-0.085,0
YKL101W,0.66,0.97,0.70000005,0.43,0.16,-0.48,-0.68,-1.06,-0.48,0.16,0.09,0.8,0.42,0.88,0.13,-0.19,0.09,-0.55,-0.15,-0.24,0.16,-0.09,-0.13,1
YKL103C,-0.82,-0.71,-0.57,-0.43,-0.55,-0.6,-1.04,-0.97,-0.95,0.12,-0.37,0.82,0.14,0.42,0.14,0.6,0.3,0.23,0.05,0.21,0.09,1.03,1.105,1
YKL104C,0.065,0.0,-0.16,-0.32,-0.67,-0.09,-0.19,0.25,0.43,0.41,0.31,0.27,0.07,-0.07,-0.29,-0.45,-0.61,-0.18,-0.06,-0.65,0.1,0.41,0.42000002,1
YKL105C,0.135,0.22,0.22999999,0.24,0.15,-0.03,-0.11,0.17,-0.47,-0.04,-0.49,0.74,-0.3,0.05,0.13,0.01,0.26,-0.15,-0.32,0.15,0.31,0.07,-0.11500001,0
YKL106W,-0.120000005,-0.34,-0.120000005,0.1,-0.1,0.01,0.1,0.05,0.2,0.09,-0.14,0.14,0.15,0.17,-0.02,0.09,-0.14,-0.08,0.37,-0.32,-0.1,-0.27,-0.32,0
YKL108W,0.62,0.41,-0.70500004,-1.82,-0.33,-0.5,-0.11,-0.62,0.02,0.37,0.3,0.43,0.49,0.78,0.14,-0.24,-0.5,-0.16,-0.2,0.3,0.27,0.27,0.13000001,1
YKL110C,0.385,0.24,0.145,0.05,-0.44,0.03,0.0,0.17,-0.21,0.14,-0.5,0.03,-0.39,0.16,-0.5,0.27,-0.65,0.3,-0.53,-0.08,0.07,0.36,0.155,0
YKL112W,-0.71000004,-0.51,-0.24499999,0.02,-0.13,0.16,0.16,0.12,-0.35,-0.45,-0.48,-0.05,0.0,0.4,0.45,0.52,0.65,0.54,0.0,0.16,0.43,0.07,0.035,0
YKL114C,0.4,0.33,0.22500001,0.12,-0.31,0.03,-0.14,0.0,-0.07,0.2,-0.26,0.3,0.12,0.17,0.0,-0.29,-0.95,-0.01,-0.35,0.08,-0.03,0.25,0.09,0
YKL116C,0.69000006,-0.19,-0.35999998,-0.53,-0.76,-0.67,0.18,-0.19,0.16,1.37,0.47,0.54,-0.15,-0.37,-0.46,-0.57,-1.22,-0.55,-0.3,-0.19,1.21,0.62,0.35500002,1
YKL117W,-0.305,-0.37,-0.22,-0.07,-0.43,-0.01,-0.35,0.0,-0.49,0.22,-0.43,0.09,-0.45,0.16,-0.43,0.2,-0.45,0.26,-0.39,1.21,-0.58,0.97,0.89,0
YKL118W,0.3,0.31,0.019999996,-0.27,0.23,-0.03,0.47,-0.81,0.4,-0.62,0.06,-0.21,0.31,0.15,0.47,-0.85,0.06,-0.13,0.4,-0.13,0.5,-0.27,-0.2,0
YKL119C,0.19999999,0.26,0.065,-0.13,0.17,-0.17,-0.06,-0.13,-0.35,0.0,-0.26,0.72,-0.26,0.11,0.05,-0.17,0.3,-0.07,0.0,0.25,-0.26,-0.11,-0.065,0
YKL120W,0.435,0.41,0.46499997,0.52,-0.3,0.34,-0.34,0.16,-0.58,0.05,-0.75,0.0,-0.46,0.39,-0.22,0.32,-0.36,0.37,-0.46,-0.49,-0.46,0.39,0.27499998,0
YKL121W,0.06,0.16,-0.015000001,-0.19,-0.06,-0.36,-0.32,-0.09,-0.24,-0.42,-0.36,0.51,-0.26,0.22,0.02,-0.21,0.34,-0.24,0.2,0.08,0.43,0.0,0.415,0
YKL122C,0.845,0.89,0.66999996,0.45,-0.55,0.27,-0.13,0.2,-0.77,0.4,-0.42,0.49,-0.42,0.47,-0.53,0.21,-0.96,0.35,-1.49,-0.79,-1.11,0.68,0.53,0
YKL123W,0.155,0.07,0.055,0.04,-0.07,-0.2,-0.18,-0.04,-0.32,0.07,-0.36,0.43,-0.04,-0.17,0.24,-0.27,-0.2,0.03,0.21,0.1,0.52,0.05,0.15,0
YKL127W,0.034999996,0.39,0.48999998,0.59,0.32,0.17,-0.7,-0.47,-0.64,0.02,-0.14,1.69,0.44,0.77,0.02,0.42,0.24,-0.04,-0.14,-0.47,-0.39,-1.5,-0.77,1
YKL129C,0.04,-0.02,0.060000002,0.14,-0.02,0.19,-0.54,0.08,-0.28,0.17,-0.35,0.89,-0.37,0.01,-0.39,0.02,0.11,0.08,-0.07,0.12,-0.24,0.05,0.11,0
YKL130C,-0.4,-0.44,-0.034999996,0.37,0.32,0.48,0.6,0.65,0.38,-0.07,-0.36,-0.19,0.07,-0.02,0.2,-0.99,-0.6,0.44,0.1,-0.1,0.66,-0.05,-0.305,1
YKL135C,0.024999999,-0.09,-0.030000001,0.03,-0.2,-0.05,-0.09,0.08,-0.05,0.14,-0.22,0.3,-0.02,0.11,-0.18,-0.09,-0.14,-0.11,0.0,-0.02,-0.38,0.25,0.28,0
YKL136W,0.0,-0.08,0.12,0.32,-0.58,-0.26,0.23,0.14,0.05,-0.33,-0.13,0.26,-0.02,0.41,0.55,-0.78,0.36,-0.2,0.46,0.08,0.69,-0.31,-0.120000005,0
YKL138C,-0.65999997,-0.61,-0.51,-0.41,-0.89,0.07,0.0,0.26,-0.3,0.32,-0.13,0.2,-0.3,0.28,0.05,0.38,-0.86,0.43,-0.35,0.4,0.08,1.01,0.79999995,0
YKL140W,-0.19,0.02,0.19000001,0.36,0.15,0.15,0.08,0.07,-0.13,-0.1,-0.22,0.22,0.18,0.38,0.1,0.17,-0.55,0.03,-0.16,-0.11,0.07,0.22,0.095,0
YKL142W,-0.085,-0.05,-0.010000001,0.03,-0.66,0.08,-0.29,-0.12,-0.56,0.21,-0.4,0.16,-0.29,0.19,-0.51,0.14,-1.09,0.35,-0.95,0.03,-0.29,1.15,1.2049999,0
YKL144C,0.49,0.44,0.375,0.31,-0.43,0.42,0.33,0.32,-0.46,0.28,-0.56,-0.15,-0.25,0.2,-0.41,0.28,-0.48,0.36,-0.69,-0.69,-0.56,0.23,0.14,0
YKL145W,-0.1,-0.05,-0.075,-0.1,-0.44,0.03,-0.38,-0.1,-0.59,0.3,-0.56,0.27,-0.53,0.14,-1.73,0.39,-0.27,0.47,-0.5,0.7,-0.33,1.31,1.23,0
YKL146W,0.005000003,0.15,0.17500001,0.2,-0.14,0.27,0.12,0.14,0.23,0.15,-0.16,0.39,0.08,0.23,-0.11,0.23,-0.07,-0.07,0.01,-0.72,-0.14,-0.12,-0.105000004,0
YKL147C,-0.2,-0.02,-0.035,-0.05,0.2,0.05,-0.14,0.09,0.09,0.23,0.09,0.31,0.14,-0.09,-0.18,0.05,0.06,-0.95,0.44,0.15,0.28,0.03,0.03,0
YKL148C,-1.0,-0.64,-0.16,0.32,0.36,0.56,0.32,0.42,0.57,0.49,0.1,-0.77,0.08,0.31,-0.07,-0.01,-0.19,0.09,-0.17,-0.5,0.23,0.31,0.28,0
YKL149C,0.325,0.35,0.16499999,-0.02,-0.02,0.09,-0.25,0.15,-0.46,0.2,-0.34,0.31,-0.42,0.2,-0.08,0.11,0.09,0.09,-0.12,0.12,-0.11,0.07,0.04,0
YKL150W,-0.35000002,-0.16,0.16,0.48,-0.27,0.57,-0.03,0.47,-0.27,0.73,-0.41,0.38,-0.53,0.34,-1.19,0.27,-0.79,0.48,-0.76,-0.61,-0.23,0.79,0.755,0
YKL151C,-0.99,-1.0,-0.675,-0.35,-0.15,-0.16,-0.33,0.06,2.3,0.2,-0.33,0.39,-0.63,-0.2,-0.18,-0.35,-0.1,-0.03,0.18,0.29,0.22,0.49,0.46,1
YKL152C,-1.205,-1.19,-0.81000006,-0.43,-0.83,0.21,0.03,0.51,-0.09,0.53,-0.01,0.5,-0.22,0.43,-0.58,0.65,-0.31,0.93,-0.39,-0.47,0.15,0.94,0.9,0
YKL153W,-1.45,-1.39,-1.06,-0.73,-0.25,0.02,0.02,0.28,0.25,0.37,-0.07,0.31,-0.05,0.21,-0.05,0.42,0.16,0.68,0.36,0.33,0.03,0.71,0.635,0
YKL154W,0.09,0.09,0.255,0.42,0.11,0.2,0.33,-0.01,0.08,-0.17,-0.38,0.04,-0.14,0.22,-0.45,0.32,-0.71,0.28,-0.3,0.04,-0.17,-0.01,-0.11,0
YKL155C,-0.045,-0.17,-0.17500001,-0.18,-0.38,-0.41,-0.3,-0.13,-0.56,0.21,-0.42,0.08,-0.13,0.38,-0.26,0.08,0.03,0.11,0.17,0.84,-0.04,0.5,0.29,0
YKL156W,-0.035,-0.01,0.12,0.25,0.16,0.31,0.23,0.3,-0.13,0.09,-0.16,0.17,-0.16,0.05,-0.98,0.02,-0.39,0.33,-0.16,0.11,-0.09,0.12,-0.075,0
YKL160W,0.19,0.23,0.23,0.23,-0.14,0.32,0.11,0.38,-0.37,0.16,-0.48,-0.02,-0.46,0.16,-0.73,0.22,-0.88,0.16,-1.01,0.34,-0.25,0.73,0.52,0
YKL162C,-0.195,-0.32,-0.14,0.04,0.12,-0.21,0.15,0.07,0.47,-0.12,-0.14,0.01,0.17,-0.05,0.15,-0.07,-0.28,-0.22,0.44,0.06,0.62,0.03,-0.16,0
YKL163W,-0.22999996,-1.65,-1.73,-1.81,-2.04,-1.78,-1.81,-0.07,1.21,1.51,1.18,0.64,0.33,-0.48,-1.16,-0.9,-0.49,-0.41,0.58,0.09,1.25,0.89,0.98,1
YKL164C,0.40499997,-1.45,-1.6800001,-1.91,-2.33,-1.97,-1.91,0.25,1.7,2.38,2.14,1.02,0.27,-0.54,-1.5,-1.97,-2.1,-0.74,0.25,0.25,2.01,1.35,0.97,1
YKL165C,-0.03,-0.02,-0.07,-0.12,0.01,-0.64,-0.68,-0.76,-0.36,-0.12,0.46,0.53,0.85,0.66,0.46,-0.39,0.71,-0.46,0.77,-0.18,0.47,-0.53,-0.29999998,1
YKL166C,0.275,0.14,0.14,0.14,-0.15,0.21,0.15,0.31,-0.37,0.17,-0.66,-0.11,-0.33,-0.33,-0.06,0.34,-0.11,0.12,-0.25,-0.27,-0.15,0.14,-0.005000003,0
YKL167C,-0.375,-0.42,-0.63,-0.84,-0.24,-0.49,-0.34,0.09,-0.4,0.51,-0.16,0.17,-0.33,-0.02,0.29,0.02,-0.28,0.4,-0.24,0.67,0.02,0.55,0.615,0
YKL168C,0.060000002,-0.05,-0.08,-0.11,-0.15,0.23,-0.17,0.49,-0.13,0.22,-0.21,0.4,0.07,0.33,-0.17,0.04,-0.41,-0.13,-0.51,-0.53,-0.09,0.35,0.275,0
YKL169C,-0.44,-0.41,-0.55,-0.69,-0.62,-0.47,-0.59,0.1,-0.29,0.43,-0.04,0.26,-0.24,0.2,0.02,0.07,-0.24,0.39,0.06,0.85,0.15,0.46,0.525,0
YKL170W,-0.099999994,-0.13,-0.255,-0.38,-0.92,-1.44,-0.53,0.33,-0.43,0.87,0.1,0.15,-0.17,0.46,-0.54,0.3,-0.64,0.53,-0.73,-0.15,-0.17,1.11,1.03,0
YKL172W,1.49,1.35,0.885,0.42,-1.84,0.69,-0.36,0.54,-1.09,0.72,-0.5,0.63,-0.73,0.29,-1.63,0.56,-1.28,0.58,-1.77,-0.33,-1.56,0.95,0.725,1
YKL173W,-0.025000002,-0.17,-0.11,-0.05,0.18,0.22,-0.39,0.3,-0.32,0.23,0.06,0.09,-0.88,0.11,-0.17,0.16,0.15,-0.09,0.09,0.31,-0.1,-0.15,-0.11,0
YKL174C,0.015000001,0.05,0.105,0.16,-0.44,0.35,0.54,0.3,0.47,0.06,-0.35,0.26,0.08,-0.25,-0.16,0.19,0.11,0.14,0.13,-0.94,0.05,-0.35,-0.245,0
YKL175W,-0.25,-0.26,-0.059999995,0.14,0.35,0.28,-0.1,0.22,0.11,0.02,-0.2,-0.02,-0.02,-0.15,0.33,0.03,0.67,-0.01,0.6,-0.33,0.02,-0.46,-0.435,0
YKL176C,0.19,0.25,0.2,0.15,-0.58,0.4,0.5,0.23,-0.01,0.13,-0.26,0.1,-0.04,-0.13,-0.11,0.19,0.1,0.13,0.13,-0.74,-0.38,-0.04,-0.14,0
YKL177W,-1.08,-1.58,-1.58,-1.58,-1.21,-0.77,-0.49,0.5,0.82,0.92,0.68,0.3,-0.07,-0.61,-0.95,-0.88,0.01,0.21,0.71,0.83,0.95,1.27,1.1949999,1
YKL178C,-1.29,-1.92,-1.8299999,-1.74,-1.4,-0.95,-0.58,0.27,0.84,0.63,0.55,0.17,0.11,-0.63,0.42,-0.71,-0.07,-0.05,0.77,1.33,1.76,0.94,0.96000004,1
YKL180W,-0.11,-0.1,0.025000002,0.15,0.29,-0.46,0.24,0.07,-0.41,0.01,0.17,0.09,-0.03,0.1,1.2,-0.21,-0.04,-0.01,-0.16,0.81,0.27,-0.44,-0.45,0
YKL181W,0.435,0.44,0.48,0.52,0.3,0.46,-0.09,0.38,0.2,0.05,-0.23,0.05,-0.21,-0.07,-0.66,-0.03,-0.12,-0.03,0.1,-0.31,0.05,-0.39,-0.53499997,0
YKL182W,0.525,0.49,0.435,0.38,0.36,-0.27,-0.64,-0.6,-0.21,-0.24,-0.18,-0.21,0.12,-0.13,-0.42,-0.08,0.18,-0.39,0.62,-0.16,0.34,0.09,0.115,1
YKL183W,-0.105,-0.08,0.14000002,0.36,0.36,0.1,0.37,0.36,0.13,-0.28,-0.44,-0.46,-0.16,0.13,-0.08,0.04,0.16,-0.08,0.05,0.32,0.56,-0.3,-0.325,1
YKL184W,-0.725,-0.69,-0.205,0.28,0.32,-0.34,0.47,0.03,0.15,-0.46,0.35,-0.43,0.23,0.43,1.21,-0.22,0.12,-0.14,0.92,0.59,0.67,-0.71,-0.66499996,0
YKL185W,0.28000003,-1.31,-1.52,-1.73,-2.23,-1.78,-1.16,0.54,1.34,1.82,0.92,0.31,-0.55,-0.53,0.58,-1.48,-1.44,-0.48,-0.46,1.31,1.48,1.23,0.855,1
YKL186C,0.08,-0.16,-0.11,-0.06,-0.35,-0.12,0.17,0.21,-0.04,0.0,-1.35,-0.14,-0.34,0.48,0.38,-0.18,-0.14,0.0,-0.18,1.06,0.35,-0.04,-0.125,0
YKL187C,0.11,-0.06,-0.024999999,0.01,0.01,-0.19,0.56,-0.02,0.21,0.04,0.06,0.02,-0.01,-0.47,0.49,-0.49,0.51,-0.43,-0.17,0.14,0.91,-0.15,-0.435,0
YKL189W,0.08,-0.01,-0.1,-0.19,-0.28,-0.07,-0.11,0.25,-0.16,0.18,-0.14,0.14,-0.3,-0.16,-0.31,-0.04,-0.47,0.13,-0.28,-0.08,0.3,0.54,0.465,0
YKL191W,0.43,0.24,0.22999999,0.22,0.2,0.49,0.6,0.48,0.31,0.37,-0.28,0.14,-0.44,-0.41,-0.28,0.12,0.09,0.18,-0.32,-0.98,0.05,-0.63,-0.66999996,0
YKL193C,0.02,0.07,-0.075,-0.22,0.07,-0.38,-0.34,-0.22,-0.28,-0.11,-0.15,0.0,-0.47,0.05,0.31,-0.19,0.26,-0.1,0.11,0.08,0.69,0.19,0.16,0
YKL194C,-0.685,-0.77,-0.645,-0.52,-0.34,-0.22,0.01,0.08,-0.26,0.3,-0.14,0.15,-0.01,-0.04,0.32,0.05,0.03,-0.04,0.42,-0.16,0.44,0.62,0.51,0
YKL195W,-0.49,-0.51,-0.35999998,-0.21,-0.87,-0.03,-0.8,0.05,-0.8,0.36,-0.44,0.25,-0.64,0.4,-0.4,0.75,-0.66,0.3,-0.64,0.67,-0.55,1.7,1.62,0
YKL197C,-0.035,-0.11,-0.06,-0.01,-0.09,0.01,-0.17,0.06,-0.33,0.24,-0.15,1.05,-0.24,0.14,-0.01,-0.06,0.04,-0.15,-0.15,-0.19,0.19,-0.04,0.11500001,0
YKL199C,0.48,0.38,0.39,0.4,0.16,0.08,0.08,0.18,0.19,0.1,-0.2,0.37,-0.1,0.21,-0.1,-0.08,-0.1,-0.26,-0.33,-0.2,0.28,-0.63,-0.565,0
YKL201C,-0.04,-0.02,-0.02,-0.02,0.51,-0.14,0.54,-0.27,0.16,0.03,0.05,-0.86,-0.02,-0.08,0.94,-0.64,0.45,-0.29,0.65,-0.18,0.65,-0.46,-0.41000003,0
YKL202W,-0.465,-0.7,-0.45499998,-0.21,0.89,-0.75,0.35,-0.65,0.67,-0.09,0.35,-0.09,0.51,0.2,0.83,-0.34,0.1,-0.06,0.53,0.63,0.65,-0.8,-0.645,0
YKL203C,0.08,0.0,0.17,0.34,0.33,0.39,0.28,0.08,0.06,0.04,-0.2,-0.09,0.05,-0.06,0.08,-0.26,-0.19,-0.23,0.27,-0.34,0.26,-0.37,-0.525,0
YKL204W,0.020000003,-0.24,-0.11,0.02,-0.28,-0.21,-0.04,-0.07,0.02,0.12,-0.26,-0.14,-0.43,0.7,0.38,-0.04,-0.43,-0.02,0.09,0.77,0.32,0.05,-0.045,0
YKL205W,0.20500001,-0.13,0.065,0.26,0.12,0.16,-0.1,0.39,-0.03,0.11,-0.18,-0.15,-0.39,0.06,-0.11,0.15,-0.03,-0.29,-0.33,0.09,0.06,-0.06,-0.225,0
YKL206C,-0.55,-0.4,-0.3,-0.2,-0.07,-0.51,0.02,-0.24,0.04,-0.23,0.02,-0.13,-0.03,0.54,0.67,-0.07,0.03,-0.17,0.4,0.7,0.69,0.02,-0.015000001,0
YKL207W,-0.48,-0.53,-0.18999998,0.15,0.32,0.06,0.05,0.02,0.25,0.03,0.14,0.19,0.33,0.05,0.34,-0.12,0.18,-0.2,-0.01,-0.55,0.34,-0.12,-0.105000004,0
YKL208W,-0.29,-0.07,-0.07,-0.07,-0.11,-0.57,0.34,-0.07,0.44,-1.29,0.03,-0.13,0.02,-0.08,1.08,-0.19,0.3,-0.47,0.75,0.71,0.83,-0.34,-0.25,0
YKL210W,-0.735,-0.9,-0.695,-0.49,-0.26,-0.35,-0.8,-0.18,0.01,-0.04,-0.04,-0.2,-0.16,-0.2,0.73,0.01,0.39,0.15,0.73,0.83,1.05,0.36,0.28,0
YKL211C,-0.07,0.01,0.22,0.43,0.14,0.21,-0.23,0.16,-0.19,0.1,-0.46,0.13,-0.3,0.1,-0.19,0.11,-0.15,0.05,-0.21,0.11,-0.06,0.28,0.205,0
YKL212W,0.005000001,0.05,-0.045,-0.14,-0.17,-0.11,-0.17,-0.06,0.14,-0.04,0.03,0.14,0.02,0.06,0.36,-0.11,-0.17,-0.17,0.03,0.55,0.24,0.02,-0.065000005,0
YKL213C,0.035,0.03,0.07,0.11,-0.2,-0.2,-0.42,-0.05,-0.29,0.11,-0.1,0.19,-0.15,0.23,-0.15,-0.13,-0.36,-0.29,-0.23,0.45,0.19,0.52,0.29999998,0
YKL215C,0.15,0.18,0.32,0.46,0.3,0.27,-0.18,0.02,-0.16,0.19,-0.14,0.02,-0.14,0.11,-0.37,0.02,-0.42,0.18,-0.44,-1.16,0.98,-0.16,-0.07,0
YKL216W,0.93,0.74,0.475,0.21,-0.59,0.39,-0.35,0.36,-0.52,0.16,-0.45,0.06,-0.85,-0.25,-0.79,0.39,-0.07,0.56,-0.39,-0.35,-0.54,0.13,0.004999999,0
YKL218C,0.325,0.16,0.42000002,0.68,-0.87,-0.42,-0.53,-0.23,-0.67,-0.21,-0.26,0.37,-0.78,0.04,-0.07,0.16,-0.08,-0.47,-0.32,0.04,0.09,0.63,0.675,0
YKL219W,-0.089999996,-0.02,0.01,0.04,0.44,-0.23,0.29,-0.02,0.15,-0.15,-0.16,0.05,0.5,0.18,0.39,-0.44,0.28,-0.1,-0.05,-0.44,0.55,-0.38,-0.35,0
YKL222C,0.44,0.4,0.25,0.1,-0.04,0.0,0.03,-0.26,-0.05,0.14,-0.28,-0.38,-0.2,0.67,-0.05,-0.3,0.2,-0.47,-0.67,0.2,0.49,-0.11,0.009999998,0
YKL224C,0.405,0.19,0.085,-0.02,-0.62,-0.24,-0.19,-0.3,-0.14,0.17,0.01,-0.07,0.03,0.29,0.0,0.12,-0.14,-0.04,-0.21,-0.42,0.21,-0.1,-0.035,0
YKL225W,0.050000004,-0.08,0.045,0.17,0.04,-0.09,0.32,0.27,0.24,0.15,-0.09,0.24,0.01,-0.01,0.37,-0.3,-0.02,-0.41,0.18,-0.13,0.25,-0.08,-0.215,0
YKR001C,-0.3,-0.16,0.07000001,0.3,0.08,-0.07,0.05,-0.36,-0.23,-0.2,-0.22,-0.12,-0.03,0.32,0.74,0.1,-0.02,-0.16,0.08,0.5,0.28,0.08,-0.010000002,0
YKR002W,0.085,-0.02,0.085,0.19,0.02,-0.05,-0.07,0.04,-0.05,0.25,0.02,0.06,-0.23,0.11,-0.19,0.13,-0.57,0.13,-0.42,-0.09,-0.26,0.47,0.3,0
YKR003W,-0.175,-0.28,-0.060000002,0.16,-0.05,-0.17,-0.3,-0.4,-0.85,-0.19,-0.42,0.11,-0.07,0.38,0.45,-0.07,-0.03,0.01,-0.28,0.15,0.06,0.46,0.42000002,0
YKR004C,0.105000004,0.47,0.365,0.26,0.41,0.07,0.26,-0.14,0.0,-0.31,-0.24,-0.24,0.03,0.05,0.39,-0.08,-0.14,-0.02,0.0,-0.18,0.45,-0.06,-0.255,0
YKR005C,0.06,0.04,-0.125,-0.29,-0.06,-0.4,0.27,-0.1,-0.48,-0.17,0.45,-0.08,0.51,-0.19,0.9,-0.02,0.18,-0.42,0.34,0.44,0.66,-0.44,-0.32999998,0
YKR006C,-0.65999997,-0.7,-0.555,-0.41,-0.46,-0.16,-0.37,0.24,-0.17,0.56,-0.17,0.48,-0.09,0.22,-0.3,0.36,-0.64,0.4,-0.1,-0.04,-0.83,1.19,1.005,0
YKR007W,0.16,0.16,0.08,0.0,-0.52,-0.06,-0.16,0.1,-0.52,0.2,-0.48,0.35,-0.05,-0.19,0.31,-0.08,-0.41,0.24,-0.43,0.22,0.14,0.58,0.45,0
YKR008W,0.285,0.32,0.39499998,0.47,0.09,0.12,-0.23,0.07,-0.48,-0.09,-0.38,0.07,-0.17,0.48,0.04,0.29,-0.43,0.04,-0.64,-0.23,-0.78,0.42,0.255,0
YKR009C,-0.215,-0.3,0.030000001,0.36,0.17,-0.25,0.46,-0.32,-0.16,-0.32,-0.28,0.1,0.21,-0.36,1.06,-0.23,0.36,-0.21,0.46,0.07,0.95,-0.48,-0.44,0
YKR010C,0.235,0.49,0.64,0.79,0.57,0.17,0.05,-0.39,-0.58,-0.53,-0.61,-0.12,-0.04,0.49,0.63,0.42,0.32,-0.39,0.16,0.14,-0.28,-0.5,-0.45999998,1
YKR011C,-0.66999996,-0.77,-0.59,-0.41,-0.25,-0.9,0.01,-0.8,-0.24,-0.45,-0.12,-0.12,0.18,-0.01,0.65,-0.27,0.09,0.2,0.26,1.12,1.7,0.58,0.525,0
YKR012C,1.0550001,1.51,1.065,0.62,0.54,-0.04,-0.54,-0.8,-0.82,0.15,0.73,1.29,1.02,0.01,0.51,-0.25,-0.78,-0.69,-0.61,-1.3,-0.31,0.09,0.09,1
YKR013W,1.3100001,1.71,1.2850001,0.86,-0.33,0.18,-1.03,-1.08,-1.68,0.57,0.73,1.7,0.81,1.27,0.2,-0.01,-1.03,-0.72,-1.15,-1.36,-0.31,0.42,0.485,1
YKR014C,0.05,0.09,0.095,0.1,-0.02,-0.05,-0.21,-0.04,-0.44,0.03,-0.42,0.13,-0.21,-0.33,0.18,-0.07,0.03,0.1,-0.44,0.22,-0.12,0.57,0.62,0
YKR016W,0.115,0.15,0.22500001,0.3,-0.35,0.27,-0.42,0.3,-0.74,0.43,-0.55,-0.04,-0.76,0.25,-0.44,0.28,-0.44,0.27,-1.1,0.48,-0.88,1.12,0.905,0
YKR017C,0.06,-0.12,-0.13,-0.14,-0.64,-0.33,0.37,-0.02,-0.01,-0.33,0.16,0.55,-0.33,1.05,0.28,-0.27,0.19,-0.48,0.09,0.12,0.73,-0.2,-0.155,0
YKR018C,-0.16,-0.12,-0.08,-0.04,-0.24,0.03,0.88,0.3,0.0,0.29,-0.38,0.03,-0.3,-0.11,-0.24,-0.02,-0.11,0.02,-0.36,0.0,-0.07,0.47,0.275,0
YKR019C,0.33,0.49,0.42000002,0.35,-0.53,-0.12,0.1,0.1,-0.28,-0.5,-0.28,0.03,-0.3,0.58,-0.23,-0.02,0.35,-0.25,0.54,0.27,0.14,-0.3,0.024999991,0
YKR020W,0.29500002,0.32,0.095,-0.13,0.03,-0.03,0.33,0.27,0.03,0.15,-0.45,0.13,-0.29,-0.68,0.02,-0.15,-0.29,-0.27,-0.23,-0.22,0.12,0.34,0.34,0
YKR021W,-0.385,-0.46,-0.44,-0.42,-0.38,0.19,0.64,0.41,0.18,-0.14,-0.36,0.03,-0.29,0.48,0.21,0.07,0.34,0.0,0.69,0.55,0.47,-0.42,-0.235,1
YKR022C,0.285,0.42,0.255,0.09,-0.09,0.24,0.34,0.02,0.33,-0.05,-0.35,-0.24,-0.42,-0.12,-0.33,0.04,-0.01,-0.12,-0.39,-0.05,-0.24,0.44,0.325,0
YKR023W,0.66499996,0.55,0.29500002,0.04,-1.0,0.35,-0.02,0.45,-0.62,0.29,-0.49,-0.09,-0.77,0.56,-0.74,0.32,-0.32,0.14,-0.62,-0.04,-0.23,0.39,0.39999998,0
YKR024C,0.755,0.56,0.315,0.07,0.13,0.25,0.05,0.23,-0.3,0.07,-0.17,0.21,-0.64,0.01,-0.54,0.25,0.17,-0.01,-0.01,-0.35,-0.48,-0.32,-0.515,0
YKR025W,0.51,0.39,0.23499998,0.08,-0.37,0.27,-0.08,0.3,-0.83,0.14,-0.52,0.05,-0.49,0.15,-0.26,0.44,-0.29,0.26,-0.65,0.21,-0.29,0.14,0.005000003,0
YKR026C,0.415,0.39,0.25,0.11,0.06,0.17,0.17,0.2,0.08,0.39,0.0,0.27,-0.45,0.18,-0.41,0.17,-1.3,0.2,-0.5,-0.39,-0.82,0.27,0.18,0
YKR027W,-0.01,-0.04,0.24499999,0.53,0.02,-0.33,0.16,-0.17,0.66,-0.33,-0.11,-0.03,0.13,0.49,0.29,-0.21,0.02,-0.63,0.26,0.16,0.47,-0.33,-0.285,0
YKR028W,0.16,0.0,0.01,0.02,0.09,-0.24,-0.22,-0.33,-0.03,0.29,0.23,-0.11,0.24,0.37,0.44,-0.15,-0.26,-0.33,-0.05,0.24,0.31,-0.56,-0.425,0
YKR030W,-0.14,-0.29,-0.125,0.04,0.27,0.07,0.32,0.27,0.38,-0.08,0.04,-0.03,0.04,-0.05,0.09,0.18,0.06,-0.06,0.04,-0.64,0.01,-0.23,-0.19,0
YKR033C,-0.605,-0.69,-0.14,0.41,0.16,-0.21,0.15,-0.82,-0.13,-0.84,-0.16,0.15,0.56,0.46,1.41,0.23,0.44,-0.49,0.45,0.27,0.92,-0.43,-0.255,0
YKR034W,-0.79499996,-0.71,-0.49,-0.27,-0.28,-0.16,-0.13,-0.02,-0.43,-0.42,-0.27,0.54,-0.17,0.53,0.86,0.98,0.07,-0.01,-0.09,-0.38,0.11,0.49,0.71500003,0
YKR035C,0.13,0.06,-0.015000002,-0.09,-0.51,0.0,-0.11,0.18,-0.9,0.14,-0.49,0.23,-0.58,0.46,-0.37,0.22,-0.54,0.29,-0.56,0.46,-0.15,0.75,0.58,0
YKR036C,0.39499998,0.44,0.28,0.12,-0.18,0.11,-0.08,0.37,-0.3,-0.12,-0.53,0.35,-0.3,0.69,-0.12,0.11,-0.08,-0.18,-0.3,0.11,-0.12,-0.05,-0.22,0
YKR037C,0.48000002,0.85,0.845,0.84,-0.19,0.37,-0.1,-0.33,-0.63,-0.23,-0.31,0.33,-0.44,0.59,0.37,0.29,0.07,-0.21,0.0,-0.56,-0.12,-0.4,-0.175,1
YKR038C,0.39,0.45,0.435,0.42,0.1,0.27,-0.19,0.17,-0.3,0.15,-0.43,0.37,-0.2,0.18,-0.58,-0.07,0.04,0.01,-0.17,-0.47,-0.2,-0.01,-0.030000001,0
YKR039W,-2.56,-1.61,-0.395,0.82,0.11,0.84,0.1,0.72,-0.1,0.23,-0.28,0.37,0.26,0.92,0.81,1.18,0.5,0.83,-0.04,-0.43,0.38,0.23,0.315,1
YKR041W,0.105,0.16,0.305,0.45,-0.07,0.52,0.01,0.0,-0.35,-0.23,-0.46,0.03,0.2,0.69,0.37,0.1,0.62,-0.29,-0.06,-0.13,0.67,-0.78,-0.565,1
YKR042W,-0.735,-0.95,-0.505,-0.06,-0.16,0.85,0.37,1.37,1.02,0.51,-0.66,-0.27,-0.81,-0.6,-1.52,0.15,-0.06,0.86,0.2,-0.01,-0.01,0.01,-0.12,1
YKR043C,0.26,0.25,0.415,0.58,-0.7,0.77,-0.2,0.71,-0.5,0.48,-0.56,0.36,-0.76,0.22,-0.36,0.57,-0.93,0.68,-0.64,-0.79,-0.61,0.28,0.2,0
YKR044W,0.21,0.51,0.425,0.34,0.53,0.12,0.06,-0.09,-0.18,-0.16,-0.42,0.82,-0.31,0.46,-0.02,0.07,0.27,-0.01,-0.09,-0.73,-0.01,-0.44,-0.47,0
YKR045C,0.21000001,0.19,0.26,0.33,-0.15,0.29,-0.17,0.13,-0.47,0.04,-0.3,0.04,-0.17,0.79,-0.01,0.16,0.02,-0.05,0.02,-0.47,-0.17,-0.21,-0.12,0
YKR046C,-1.71,-1.41,-0.71999997,-0.03,0.58,0.54,0.63,0.29,0.43,0.08,-0.22,0.16,0.21,-0.01,0.09,0.21,0.8,0.48,0.83,-0.48,0.17,-0.17,-0.1,1
YKR047W,0.495,0.51,0.45,0.39,-0.64,0.6,0.0,0.51,-1.09,0.44,-0.58,0.06,-0.71,0.26,-0.49,0.29,-0.55,0.47,-0.52,-0.25,-1.0,0.54,0.4,0
YKR048C,0.335,0.4,0.4,0.4,-0.11,0.54,-0.47,0.48,-0.96,0.26,-0.77,0.17,-0.86,0.14,-0.96,0.26,-0.29,0.42,-0.17,-0.15,-0.38,0.61,0.41,0
YKR049C,-0.175,-0.31,-0.030000001,0.25,0.07,0.39,0.09,0.49,-0.09,0.0,-0.28,0.33,-0.05,-0.31,0.23,-0.69,0.19,0.16,-0.2,-0.05,0.23,-0.31,-0.29500002,0
YKR050W,-0.435,-0.4,-0.080000006,0.24,0.12,0.43,0.17,0.16,0.27,0.12,-0.19,-0.09,0.04,-0.1,-0.21,0.23,0.19,0.09,0.4,-0.7,0.3,0.09,-0.059999995,0
YKR051W,-0.41000003,-0.46,-0.28,-0.1,-0.18,-0.01,0.26,0.33,0.37,-0.25,0.08,-0.05,0.11,-0.03,0.56,0.27,0.04,0.02,-0.26,0.2,0.62,-0.18,-0.255,0
YKR052C,-0.22,-0.34,-0.15,0.04,0.05,0.05,-0.04,0.25,0.07,0.1,-0.2,0.24,-1.54,0.17,0.26,-0.14,0.37,-0.22,0.41,0.26,0.37,-0.06,-0.004999999,0
YKR053C,-0.26500002,-0.1,-0.14,-0.18,0.19,0.07,0.52,0.33,0.46,-1.83,0.22,-0.32,0.24,0.29,0.54,-0.02,0.22,0.02,0.32,0.51,0.75,-0.41,-0.53,0
YKR054C,-0.365,-0.27,-0.13000001,0.01,0.32,0.38,0.84,0.32,0.35,-0.4,-0.38,-0.2,0.24,0.22,0.18,0.0,0.2,-0.11,0.07,-0.11,0.8,-0.52,-0.53999996,0
YKR056W,0.55,0.46,0.21000001,-0.04,-0.21,-0.15,-0.29,0.17,-0.19,-0.03,-0.25,-0.19,-0.03,0.07,0.39,-0.25,0.25,-0.49,-0.03,0.01,0.07,-0.13,-0.22,0
YKR057W,-0.11,-0.04,0.0,0.04,0.43,0.13,0.18,-0.01,0.35,0.18,-0.05,0.14,-0.06,0.09,-0.08,-0.21,-0.12,0.2,-0.32,-0.05,0.09,-0.06,-0.17,0
YKR058W,-0.465,-0.46,-0.6,-0.74,-0.09,-0.53,-0.26,-0.25,-0.01,0.12,-0.22,0.02,0.34,0.13,0.46,0.07,0.18,-0.31,0.37,0.31,0.66,0.7,0.47,0
YKR059W,-0.385,-0.33,-0.20500001,-0.08,0.5,0.15,0.58,0.07,0.54,-0.1,0.21,-0.15,0.25,-0.25,0.22,-0.2,0.19,-0.22,0.68,0.26,0.6,-0.54,-0.635,0
YKR060W,0.375,0.2,0.11,0.02,-0.18,0.14,0.0,0.19,0.01,-0.1,-0.5,-0.26,-0.34,0.2,0.0,0.15,0.07,-0.3,0.02,-0.03,0.01,-0.15,-0.2,0
YKR061W,0.34,0.66,0.335,0.01,-0.4,0.05,0.98,-0.01,0.14,-0.16,-0.2,-0.21,-0.56,-0.04,0.4,-0.13,-0.01,0.03,0.08,-0.89,-0.14,-0.3,-0.23500001,0
YKR062W,0.11,0.13,-0.020000003,-0.17,-0.11,0.09,-0.1,0.22,-0.35,0.18,-0.74,0.24,-0.37,0.08,-0.35,-0.03,0.03,0.13,0.02,0.12,0.03,0.28,0.195,0
YKR063C,0.165,0.18,0.095000006,0.01,-0.27,0.36,0.25,0.4,-0.02,0.11,-0.04,0.11,-0.13,0.25,-0.33,0.07,-0.15,0.11,-0.36,-0.36,-0.33,-0.05,-0.11,0
YKR064W,0.025000006,0.18,0.020000003,-0.14,0.04,0.12,0.2,0.04,0.31,-0.07,-0.18,0.18,0.08,-0.07,0.09,-0.07,0.07,-0.43,0.28,0.03,0.27,-0.24,-0.13499999,0
YKR065C,-0.54999995,-0.57,-0.5,-0.43,-0.57,0.0,-0.09,0.09,0.24,0.2,0.06,0.32,0.12,-0.06,0.4,0.01,0.16,0.24,0.43,-0.6,0.28,0.12,0.089999996,0
YKR067W,-0.53499997,-0.42,-0.36,-0.3,-0.36,-0.22,-0.06,0.1,0.0,0.32,0.0,0.22,0.02,0.32,0.06,-0.25,-0.36,0.26,0.28,0.06,0.54,0.52,0.48,0
YKR068C,-0.015000001,0.19,0.16,0.13,0.08,0.25,-0.12,0.07,-0.08,0.14,-0.44,0.55,-0.12,0.1,-0.17,0.01,0.2,0.13,-0.06,-0.29,0.01,0.02,-0.04,0
YKR069W,-0.049999997,0.34,0.41500002,0.49,0.02,-0.08,-0.4,-0.24,-0.44,-0.08,-0.2,0.55,0.05,0.4,0.18,-0.22,-0.07,-0.34,0.34,0.18,0.3,0.06,0.004999999,1
YKR071C,0.38,0.31,0.245,0.18,-0.43,0.39,0.01,0.13,-0.36,0.25,-0.54,0.03,-0.71,0.07,-0.23,0.31,-0.34,0.49,-0.51,-0.77,-0.97,0.48,0.385,0
YKR072C,0.45,0.43,0.38,0.33,-0.05,0.41,0.12,0.33,-0.04,0.27,-0.27,0.01,-0.6,-0.11,-0.6,0.15,-0.62,0.18,-0.31,-0.11,-0.96,0.25,0.09,0
YKR074W,0.27,0.23,0.075,-0.08,-0.28,-0.36,-0.08,0.08,-0.28,0.08,-0.26,0.16,-0.44,0.3,-0.22,0.1,-0.16,0.14,-0.06,-0.22,-0.16,0.45,0.275,0
YKR075C,-0.099999994,-0.38,-0.089999996,0.2,-0.35,-0.06,0.16,0.62,-0.16,0.1,-0.38,0.01,-0.78,-0.12,0.89,0.39,-0.09,0.42,0.45,-0.18,-0.05,0.17,-0.12,0
YKR076W,-0.18,-0.22,-0.41000003,-0.6,0.21,-0.69,-0.02,-0.51,0.12,-0.43,0.1,0.16,0.34,0.87,0.64,-0.82,0.37,-0.7,0.65,0.12,0.44,0.05,-0.18499999,0
YKR077W,0.59000003,-0.31,-0.65999997,-1.01,-0.93,-1.32,-0.91,-0.71,0.29,1.54,1.3,1.08,0.42,0.29,-0.01,-0.91,-0.73,-0.79,-0.13,0.59,0.69,0.5,0.255,1
YKR078W,0.115,0.08,0.04,0.0,-0.1,-0.34,-0.19,0.15,0.14,0.16,-0.05,0.01,-0.2,0.75,0.22,-0.24,0.09,0.01,0.35,-0.12,-0.02,0.09,-0.004999999,0
YKR079C,-0.114999995,-0.5,-0.36,-0.22,0.1,-0.13,0.29,0.28,0.26,0.06,0.01,0.02,-0.07,0.04,0.06,-0.08,-0.26,-0.24,0.39,0.44,0.32,-0.14,-0.34,1
YKR080W,0.11,0.0,-0.25,-0.5,-0.48,-0.68,-0.2,0.3,0.01,0.05,-0.45,0.06,-0.55,0.42,-0.22,-0.13,0.36,0.21,0.37,0.22,0.23,0.05,-0.01,0
YKR081C,0.635,0.3,0.125,-0.05,-0.38,0.12,0.56,0.05,-0.21,-0.06,-0.41,-0.3,-0.59,-0.29,-0.24,0.14,-0.26,-0.03,-0.1,0.8,0.06,-0.16,-0.34499997,0
YKR083C,0.105000004,0.07,-0.16,-0.39,-0.45,-0.52,0.17,-0.32,0.17,0.01,-0.16,0.27,-0.11,-0.23,0.32,-0.39,2.2,-0.5,-0.07,0.44,0.3,-0.13,-0.175,0
YKR085C,-0.245,-0.23,-0.31,-0.39,-0.7,-0.3,-0.42,-0.82,-0.62,0.6,-0.27,0.47,-0.27,0.39,-0.07,0.4,-0.2,0.42,-0.36,-0.22,-0.06,1.0,0.945,0
YKR086W,0.135,0.1,-0.054999996,-0.21,-0.05,-0.14,-0.14,-0.23,-0.46,-0.01,-0.6,0.54,-0.19,0.03,-0.3,-0.05,0.32,-0.12,0.14,0.49,0.24,0.2,0.16499999,0
YKR087C,0.14500001,0.09,0.11,0.13,-0.33,0.35,0.04,0.22,1.27,0.44,-0.31,0.29,-0.72,-0.11,-0.58,0.25,-0.29,0.08,-0.36,-1.14,-0.04,0.19,0.12,0
YKR088C,-0.24000001,-0.17,-0.1,-0.03,0.6,0.16,0.08,0.04,0.09,-0.13,-0.2,0.31,0.16,-0.2,0.13,-0.09,0.56,-0.13,0.48,-0.37,0.24,-0.4,-0.365,0
YKR089C,-0.28,-0.28,-0.075,0.13,-0.85,0.27,-0.15,0.26,-0.46,0.43,-0.1,0.11,-0.06,0.08,0.18,0.09,-0.48,0.22,-0.13,-0.15,0.48,0.49,0.43,0
YKR090W,0.315,0.47,0.315,0.16,0.23,-0.26,-0.17,-0.41,-0.27,0.1,-0.07,0.79,0.41,0.42,-0.03,-0.17,-0.08,-0.48,-0.15,-0.12,0.34,-0.17,-0.26,1
YKR091W,0.89,1.25,0.755,0.26,-0.23,-0.22,-0.27,-0.42,-0.53,0.59,0.21,0.61,-0.2,-0.06,-0.45,-0.63,-0.78,-0.7,-0.6,-1.0,0.2,0.84,0.78,1
YKR092C,0.13,0.02,0.07,0.12,0.37,0.24,-0.16,0.08,-0.5,0.14,-0.4,0.41,-0.27,-0.1,-0.16,0.15,0.24,0.15,-0.05,-0.05,-0.3,-0.2,-0.275,0
YKR093W,-1.4200001,-1.08,-0.44000003,0.2,0.16,0.42,0.57,0.61,0.83,0.41,0.1,0.54,0.04,0.28,0.22,0.23,0.32,0.2,0.74,-1.34,0.61,-0.78,-0.26,0
YKR094C,-0.060000002,0.08,0.08,0.08,0.22,0.47,0.1,0.3,-0.41,0.43,-0.2,0.49,-0.33,0.08,-0.65,0.04,-0.17,0.35,-0.3,0.2,-0.54,0.27,0.075,0
YKR095W,0.16,0.37,0.205,0.04,-0.13,0.05,0.22,0.0,-0.28,0.07,-0.23,-0.39,-0.37,-0.23,0.26,-0.13,0.43,0.17,-0.07,-0.07,0.11,-0.11,0.18,0
YKR097W,-0.315,-0.41,-0.315,-0.22,0.04,-0.29,0.41,-0.14,0.79,-0.28,0.22,-0.19,0.37,0.01,1.07,-0.28,0.4,-0.29,0.54,0.15,0.98,-0.91,-0.76,0
YKR100C,0.37,0.36,0.26,0.16,0.16,0.01,-0.2,-0.05,-0.16,0.17,-0.32,0.17,-0.27,0.18,0.28,0.01,0.0,0.0,-0.2,-0.59,-0.13,0.01,-0.215,0
YKR102W,0.225,0.1,-0.22500001,-0.55,0.25,-0.14,0.09,-0.33,0.46,-0.35,0.18,0.19,-1.02,-1.31,0.41,-0.41,0.66,-0.16,1.16,0.4,0.97,-0.5,-0.345,0
YKR104W,0.155,0.13,-0.195,-0.52,0.27,0.05,0.52,-0.02,0.44,-0.08,0.17,-0.4,-0.48,-0.08,0.37,-0.58,0.01,-0.42,0.26,0.25,0.49,-0.02,-0.11,0
YKR106W,-0.01,0.05,-0.275,-0.6,-0.03,-0.23,0.4,0.09,0.41,0.09,0.18,-0.22,0.3,0.26,0.52,-0.31,-0.16,-0.49,0.57,0.16,0.15,-0.14,-0.17,0
YLL001W,-0.505,-0.31,0.045,0.4,0.35,0.08,0.0,-0.21,-0.2,0.03,-0.39,-0.03,-0.04,0.25,0.01,-0.89,-0.01,0.05,0.78,0.54,0.67,0.28,0.195,0
YLL002W,0.695,1.03,0.57,0.11,-0.33,-0.47,-0.65,-0.49,-0.42,0.27,0.19,0.83,0.55,0.73,-0.11,-0.27,-0.13,-0.11,-0.4,-0.15,-0.09,0.22,0.11,1
YLL003W,-0.014999986,0.5,0.565,0.63,0.05,0.13,0.05,0.23,-0.56,0.14,-0.17,0.23,-0.42,-0.12,-0.53,0.37,-0.3,-0.14,-0.21,-0.02,-0.3,0.46,0.275,0
YLL005C,-0.09,-0.03,-0.04,-0.05,0.25,0.17,0.36,0.27,0.49,-0.19,-0.28,-0.17,-0.32,-0.32,0.15,-0.07,0.4,-0.07,0.2,-0.21,0.47,-0.19,-0.19,0
YLL007C,0.085,0.16,-0.030000001,-0.22,0.01,0.2,0.37,0.01,-0.1,0.21,-0.21,0.13,0.2,0.28,0.34,-0.86,-0.12,-0.15,0.04,-0.24,0.65,-0.1,-0.1,0
YLL008W,0.605,0.53,0.32999998,0.13,-0.13,0.4,-0.24,0.25,-0.74,0.36,-0.59,0.51,-0.88,-0.06,-0.3,0.4,-0.06,0.02,-0.22,0.12,-0.83,-0.09,0.0,0
YLL009C,-0.53499997,-0.49,-0.36,-0.23,-0.68,0.13,-0.34,0.46,-0.73,0.58,-0.56,-0.43,-0.52,0.57,-0.3,0.09,-0.44,0.58,-1.04,0.17,-0.1,1.25,1.11,0
YLL011W,0.73,0.44,0.4,0.36,-0.83,0.42,-0.03,0.42,-0.58,0.48,-0.68,0.18,-0.75,-0.01,-0.21,0.3,-0.23,0.26,-0.61,-0.68,-0.46,0.22,-0.005000003,0
YLL013C,-0.58500004,-0.81,-0.31,0.19,0.12,0.3,0.55,0.21,0.68,0.49,0.21,0.36,0.15,0.25,0.1,-0.22,0.4,0.07,0.3,-1.02,0.15,-0.72,-0.595,0
YLL014W,-0.12,0.01,-0.045,-0.1,0.35,0.17,0.16,0.17,0.36,-0.22,-0.24,0.12,-0.63,-0.11,0.22,-0.14,0.56,0.11,0.27,-0.67,0.16,-0.11,-0.095,0
YLL018C,0.145,0.21,0.27,0.33,0.01,0.51,-0.46,0.19,-0.33,0.29,-0.29,0.18,-0.31,0.06,0.06,0.24,-0.17,0.03,-0.6,-0.39,0.08,0.28,0.18,0
YLL020C,-0.26999998,-0.42,-0.28,-0.14,0.19,-0.19,0.19,-0.15,0.23,0.02,0.02,-0.31,-0.07,-0.18,0.82,-0.25,0.34,-0.3,0.49,0.33,0.22,-0.03,-0.355,0
YLL021W,0.26,0.36,0.38,0.4,0.22,0.13,-0.25,-0.47,0.03,-0.13,-0.15,-0.15,0.25,0.23,-0.1,0.04,0.22,-0.5,0.19,0.44,1.05,-0.25,-0.29500002,0
YLL022C,0.9,1.0,0.635,0.27,-0.44,-0.28,-0.65,-0.56,-0.63,0.45,0.09,0.88,0.33,0.86,-0.28,-0.04,-0.34,-0.38,-0.76,-0.63,-0.53,0.31,0.19,1
YLL023C,-0.245,-0.38,-0.17999999,0.02,0.24,-0.01,0.15,0.04,0.47,-1.67,0.31,0.4,0.48,0.06,0.3,-0.1,0.1,-0.23,0.61,-0.85,0.78,-0.12,-0.15,0
YLL024C,-1.235,-1.37,-1.4449999,-1.52,-0.99,-1.52,-0.88,-1.37,-0.44,-0.99,-0.69,-0.78,-0.52,-0.6,-0.1,0.8,1.31,1.31,1.76,1.29,1.76,1.67,1.595,0
YLL026W,-1.21,-1.09,-0.8,-0.51,-1.4,-0.66,-1.47,-0.84,-1.15,-0.06,-0.79,-0.43,-0.47,0.14,-0.3,0.62,0.32,0.84,0.79,1.72,0.81,2.23,1.985,0
YLL027W,0.515,0.65,0.685,0.72,0.07,0.54,-0.34,0.27,-0.17,0.11,-0.41,0.11,-0.29,0.33,-0.93,0.24,-0.23,0.42,-0.66,-1.19,-0.96,0.21,0.19,0
YLL028W,-1.33,-1.57,-0.785,0.0,0.27,0.58,0.28,0.89,0.48,0.18,-0.63,-0.45,-0.48,-0.44,0.1,0.41,0.75,0.59,0.94,0.06,0.17,-0.32,-0.39999998,1
YLL029W,-0.045,-0.2,0.04,0.28,-0.12,0.35,0.03,0.59,-0.37,0.39,-0.42,0.0,-0.25,0.06,-0.48,0.08,-0.23,0.07,-0.2,-0.69,0.03,0.29,0.215,0
YLL032C,-0.695,-0.58,0.0,0.58,0.51,0.51,0.03,0.17,-0.12,-0.47,-0.79,-0.66,-0.47,0.19,0.71,0.72,0.95,0.29,0.58,0.46,-0.05,-0.51,-0.56,1
YLL033W,0.014999997,0.12,0.11,0.1,0.75,-0.26,0.43,0.01,0.31,-0.03,-0.4,0.52,0.08,-1.93,0.48,0.03,0.33,-0.35,0.15,-0.45,0.58,-0.35,-0.21,0
YLL034C,0.69,0.56,0.57,0.58,-0.51,0.67,-0.17,0.52,-1.03,0.52,-0.31,0.12,-0.62,0.12,-0.07,0.65,-0.35,0.36,-0.88,-1.38,-0.4,0.07,-0.06999999,0
YLL036C,0.285,0.25,0.18,0.11,-0.28,0.35,-0.3,0.37,-0.82,0.17,-0.82,0.14,-0.64,0.04,-0.14,0.42,-0.22,0.31,-0.22,0.11,-0.38,0.34,0.235,0
YLL037W,0.41500002,0.28,0.39999998,0.52,-0.24,0.51,-0.1,0.35,-0.56,0.42,-0.61,0.34,-0.84,0.17,-0.32,0.47,-0.36,0.51,-0.66,-0.9,-0.9,0.36,0.22,0
YLL038C,0.055,0.04,0.015,-0.01,0.0,0.16,-0.21,0.22,0.0,0.28,-0.58,-0.03,-0.48,-0.07,-0.27,0.23,0.19,0.16,0.09,0.12,-0.33,0.2,0.13,0
YLL039C,-0.37,-0.25,-0.21000001,-0.17,0.01,-0.4,-0.32,-0.46,-0.33,-0.1,-0.33,0.09,-0.2,0.0,-0.06,0.14,-0.07,0.19,-0.13,0.45,-0.01,0.62,0.73,0
YLL040C,-0.015000001,-0.07,0.044999998,0.16,0.17,0.14,0.18,0.14,0.2,0.26,0.08,-0.09,-0.21,0.1,0.06,0.02,-0.12,0.07,-0.49,-0.51,0.08,0.04,0.01,0
YLL041C,-0.96000004,-0.6,-0.185,0.23,0.31,0.12,0.39,0.16,0.19,0.01,-0.67,-0.13,0.24,-0.02,0.63,-0.31,-0.04,-0.09,0.77,0.68,1.05,-0.02,-0.085,0
YLL042C,0.080000006,0.01,0.035,0.06,0.03,-0.14,-0.31,-0.05,-0.24,-0.03,-0.29,-0.17,-0.21,0.0,0.03,0.08,0.08,-0.11,0.39,-0.43,0.79,0.19,0.015000001,0
YLL043W,-0.055,-0.11,0.0,0.11,0.2,0.05,-0.05,-0.06,-0.25,-0.23,-0.47,-0.09,0.05,0.26,0.49,0.09,0.15,0.02,0.27,0.54,0.23,-0.31,-0.36,0
YLL044W,-0.049999997,0.06,0.165,0.27,0.03,0.35,-0.42,0.39,-0.04,0.21,-0.14,0.41,-0.19,0.27,-0.54,-0.09,-0.44,0.13,0.24,-0.12,0.17,0.06,-0.015000002,0
YLL045C,-0.13499999,-0.03,0.04,0.11,0.14,0.2,0.02,0.26,-0.22,0.14,-0.1,0.25,0.02,0.18,0.52,-0.02,-0.31,-0.07,-0.28,0.56,0.16,-0.19,-0.23,0
YLL048C,0.14,0.11,0.14,0.17,0.35,-1.89,0.24,0.27,0.61,0.08,0.18,-0.18,0.34,0.02,0.02,-0.04,0.65,-1.25,0.63,0.2,0.24,-0.27,-0.41500002,0
YLL049W,-0.03,-0.04,-0.06,-0.08,-0.02,-0.15,0.22,0.08,0.11,-0.07,0.04,-0.15,0.13,-0.11,0.66,-0.3,0.22,-0.1,0.37,-0.14,0.63,-0.35,-0.36,0
YLL050C,-0.17,-0.2,0.004999995,0.21,0.17,0.03,-0.67,0.13,-0.1,0.1,-0.06,0.4,0.0,0.19,-0.21,0.12,-0.17,0.25,-0.27,-0.4,0.52,0.17,-0.019999996,0
YLL054C,-0.049999997,-0.13,-0.065,0.0,-0.11,0.1,-0.54,0.46,0.29,0.27,-0.08,0.22,-0.02,0.21,0.22,0.11,-0.19,-0.04,-0.35,-0.44,0.39,0.04,-0.005000001,0
YLL058W,-0.11,-0.05,-0.025,0.0,0.04,-0.22,0.09,-0.3,0.1,-0.07,0.1,0.49,0.32,0.1,0.37,-0.19,0.06,-0.15,-0.4,-0.91,0.56,0.0,0.075,0
YLL060C,-0.055,-0.01,0.02,0.05,0.04,0.03,0.3,0.09,-0.05,-0.08,-0.31,0.14,-0.39,-0.01,0.22,-0.21,0.1,0.16,-0.14,-0.31,0.41,-0.05,0.020000001,0
YLL062C,-0.00999999,0.61,0.745,0.88,0.23,-0.33,-0.6,-0.45,-0.6,-0.07,-0.06,0.54,0.3,-0.03,0.12,-0.56,-0.22,-0.35,-0.45,-0.3,0.19,0.8,0.76,1
YLL063C,0.010000001,-0.03,-0.03,-0.03,0.14,-0.45,0.63,0.06,0.34,-0.43,0.5,-0.43,0.11,0.01,0.97,-0.26,-0.09,-0.34,0.73,0.07,0.85,-0.65,-0.53999996,0
YLL064C,0.285,0.0,-0.095,-0.19,0.13,-0.36,-0.04,-0.4,-0.03,-0.14,0.06,-0.11,0.06,-0.14,0.06,0.03,0.34,-0.07,0.05,-0.54,0.59,-0.21,-0.265,0
YLL065W,-0.185,-0.37,-0.245,-0.12,-0.15,-0.31,0.26,0.12,0.33,0.24,-0.39,0.01,-0.14,0.37,0.71,-0.17,-0.03,-0.17,0.12,0.33,0.83,-0.3,-0.345,0
YLL066C,0.33,0.0,-0.155,-0.31,-0.65,-0.39,-0.9,0.24,0.11,1.13,0.87,0.95,0.32,0.3,-0.73,-0.37,-0.43,-0.48,-0.62,-0.35,0.22,0.51,0.32,1
YLL067C,0.135,-0.29,-0.375,-0.46,-0.77,-0.65,-0.24,0.07,-0.04,0.9,0.35,0.66,0.24,-0.04,0.28,-0.42,-0.22,-0.42,-0.09,0.54,0.67,0.09,-0.065,1
YLR001C,-0.125,-0.23,-0.19,-0.15,0.39,-0.03,-0.27,-0.43,0.16,-0.2,0.17,-0.13,0.47,0.4,0.62,-0.47,0.36,-0.53,0.04,-0.1,0.55,-0.2,-0.024999999,0
YLR002C,0.35,0.01,-0.024999999,-0.06,-0.16,-0.16,0.16,-0.04,-0.58,0.0,0.24,-0.18,-0.3,-0.01,0.41,0.17,0.13,-0.13,-0.24,0.53,0.23,-0.28,-0.37,0
YLR003C,0.445,0.37,0.315,0.26,0.24,0.27,-0.22,0.32,-0.18,-0.01,-0.42,-0.27,-0.13,-0.22,-0.02,0.16,-0.26,0.16,-0.46,0.27,-0.38,-0.13,-0.285,0
YLR005W,0.36,0.38,0.114999995,-0.15,-0.12,-0.18,-0.05,-0.05,-0.17,0.02,-0.22,-0.04,-0.09,0.26,-0.13,-0.24,-0.05,-0.29,-0.17,0.53,0.11,0.07,-0.015000001,0
YLR006C,-0.035,-0.11,0.024999999,0.16,-0.01,-0.17,-0.81,-0.06,0.04,0.05,0.5,0.05,0.08,0.65,0.64,-0.3,0.18,-1.71,0.42,0.48,0.54,-0.06,-0.07,0
YLR007W,0.525,0.58,0.41,0.24,-0.79,0.22,-0.05,0.31,-0.77,0.47,-0.35,0.24,-0.32,-0.15,-0.07,0.29,-0.2,0.31,-1.02,-0.82,-0.32,0.36,0.245,0
YLR009W,0.805,0.62,0.425,0.23,-0.04,0.42,0.07,0.36,-0.52,0.42,-0.63,-0.15,-0.73,-0.03,-0.35,0.35,-0.28,0.18,-0.8,-0.33,-0.67,0.06,-0.105000004,0
YLR011W,0.09,0.2,0.1,0.0,0.07,0.15,0.17,0.26,0.08,0.08,-0.26,-0.05,-0.14,-0.09,0.04,-0.42,-0.27,-0.03,0.11,-0.27,0.22,-0.05,-0.015000001,0
YLR014C,0.35,0.25,0.19,0.13,0.06,-0.21,0.38,-0.29,-0.11,-0.4,0.37,0.0,-0.32,0.96,-0.11,-0.6,0.16,-0.03,0.09,-0.06,0.06,-0.36,-0.26,0
YLR015W,0.33499998,0.26,0.14,0.02,-0.35,0.18,-0.11,0.26,-0.22,0.18,-0.39,0.17,-0.45,-0.01,-0.08,0.11,-0.14,0.07,-0.22,-0.01,0.0,0.04,-0.06,0
YLR018C,0.515,0.5,0.3,0.1,-0.67,0.39,-0.75,0.25,-0.35,0.35,-0.14,0.19,-0.72,0.22,-0.15,0.18,0.02,0.19,-1.17,0.18,0.05,0.02,-0.005,0
YLR019W,0.030000001,0.09,0.05,0.01,0.02,0.16,-0.11,0.22,-0.03,0.11,-0.24,0.08,-0.11,-0.04,0.32,0.04,0.02,-0.07,0.23,-0.23,0.11,-0.23,-0.24000001,0
YLR020C,0.21,0.13,-0.005000003,-0.14,-0.02,0.02,-0.02,0.01,-0.4,0.01,-0.16,0.16,-0.1,0.09,0.44,-0.11,0.01,-0.16,0.05,0.49,-0.22,-0.16,-0.22,0
YLR021W,0.24,0.19,0.114999995,0.04,-0.46,0.15,-0.38,0.16,-0.3,0.04,-0.48,0.04,-0.77,0.13,-0.17,0.13,0.03,0.13,-0.28,0.41,0.1,0.27,0.120000005,0
YLR022C,0.455,0.25,0.049999997,-0.15,-0.61,0.03,-0.15,0.17,-0.4,0.04,-0.34,0.12,-0.26,0.03,0.17,-0.1,-0.47,0.03,-0.19,0.81,-0.57,0.11,-0.004999999,0
YLR023C,-0.29500002,-0.31,-0.215,-0.12,0.28,0.0,0.05,-0.04,0.31,-0.25,-0.1,0.09,0.17,-0.05,0.18,-0.16,0.6,-0.42,0.96,0.08,0.11,-0.29,-0.325,0
YLR024C,0.049999997,0.06,0.205,0.35,-0.04,0.34,-0.06,0.53,-0.6,0.46,-0.06,0.27,-0.12,0.2,-0.33,0.3,-0.41,0.35,-0.35,-1.49,-0.12,0.02,0.22500001,0
YLR025W,0.345,0.34,0.060000002,-0.22,-0.58,-0.1,-0.03,0.12,-0.61,0.24,-0.43,0.21,-0.51,0.35,-0.83,0.2,-0.53,0.37,-0.93,0.63,-1.0,0.98,0.83500004,0
YLR026C,-0.120000005,-0.04,0.11,0.26,-0.3,0.11,-0.15,0.09,-0.44,-0.11,-0.35,-0.11,-0.09,0.2,0.49,0.21,-0.28,-0.61,0.11,0.73,0.21,0.16,0.055,0
YLR027C,-0.895,-0.73,-0.36,0.01,0.31,0.45,0.12,0.51,0.49,0.31,0.03,0.31,0.05,0.1,-0.24,0.27,-0.08,0.48,-0.02,-0.51,-0.95,0.33,0.255,0
YLR028C,-0.45,-0.48,-0.285,-0.09,0.11,0.0,-0.16,0.1,-0.38,-0.06,-0.61,-0.19,-0.06,0.03,0.49,0.1,0.09,-0.23,0.62,0.67,0.56,0.0,-0.015,0
YLR030W,-0.17,-0.17,0.12499999,0.42,0.11,-0.06,-0.09,-0.31,0.07,-0.22,0.05,-0.03,0.43,-0.31,0.76,-0.11,0.18,-0.15,0.72,0.02,0.38,-0.31,-0.45,0
YLR031W,-0.07,-0.19,-0.14,-0.09,0.48,-0.56,0.33,-0.07,0.15,-0.29,0.15,-0.14,0.06,-0.56,0.82,-0.39,0.29,-0.09,0.61,0.11,0.9,-0.22,-0.22,0
YLR033W,0.16999999,0.13,0.13499999,0.14,0.04,0.13,-0.11,-0.12,-0.23,0.09,-0.57,-0.16,-0.39,0.21,0.06,0.07,0.07,-0.12,0.17,0.2,0.02,-0.01,-0.015,0
YLR034C,-0.185,-0.29,-0.14999999,-0.01,-0.66,0.34,0.77,0.48,-0.15,0.06,-0.29,-0.29,-0.66,-0.07,0.16,0.1,0.17,0.13,0.37,-0.01,0.48,-0.15,-0.18,1
YLR035C,0.15,0.13,-0.44,-1.01,0.07,0.13,0.1,0.27,-0.02,-0.01,-0.12,0.08,-0.19,0.07,0.1,-0.24,0.28,-0.12,0.37,0.21,0.41,-0.22,-0.145,0
YLR036C,0.0,0.02,0.155,0.29,-0.5,0.41,0.36,0.16,-0.38,0.3,0.02,-0.02,-0.36,0.26,-0.07,0.2,-0.42,0.15,-0.42,-0.38,-0.01,0.06,0.1,0
YLR037C,0.245,0.09,-0.065,-0.22,0.35,-0.05,0.1,-0.16,0.18,-0.14,-0.2,-0.17,0.02,-0.27,0.12,-0.27,0.21,-0.25,0.18,-0.27,0.35,-0.25,-0.16499999,0
YLR038C,-0.39999998,-0.16,0.07000001,0.3,-0.79,0.5,-0.13,0.47,-0.59,0.51,-0.37,0.36,-0.72,0.52,-0.17,0.35,-0.64,0.58,-1.33,0.09,-0.04,0.89,0.815,0
YLR040C,-0.53999996,-0.83,-0.845,-0.86,-0.69,-0.25,0.38,0.17,0.5,0.47,0.38,0.31,-0.1,-0.42,-0.07,-0.72,-0.22,-0.04,0.54,-0.66,1.3,0.43,0.405,1
YLR041W,-0.475,-0.74,-0.655,-0.57,-0.21,-0.31,0.3,0.09,0.96,0.41,0.53,0.18,0.24,-0.47,-1.19,-0.77,0.33,-0.17,0.57,-0.25,0.62,0.29,0.235,1
YLR042C,0.005,-0.03,-0.01,0.01,-0.93,0.32,-0.32,0.27,-0.57,0.43,-0.24,0.37,-0.12,-0.12,0.18,0.02,-0.34,0.29,-0.78,-0.49,0.33,0.46,0.42000002,0
YLR043C,-0.17500001,-0.05,0.075,0.2,0.5,0.43,0.2,0.26,0.14,0.16,-0.24,0.19,-0.1,-0.04,-1.06,0.17,0.05,0.34,-0.36,-0.42,-0.36,0.08,0.055,0
YLR044C,-1.26,-1.32,-0.87,-0.42,-0.08,-0.07,0.01,0.2,-0.19,0.25,-0.08,0.32,0.28,0.21,0.71,0.24,0.44,0.21,1.1,0.59,0.66,-0.32,-0.32,0
YLR045C,0.23500001,0.3,0.515,0.73,0.3,0.05,-0.77,-0.27,-0.55,-0.33,-0.23,-0.11,0.36,0.82,0.54,0.04,-0.01,0.1,0.14,-0.18,-0.09,-0.25,-0.3,1
YLR046C,-0.48,-0.51,-0.004999995,0.5,0.3,-0.27,0.19,-0.18,-0.13,-0.49,0.37,-0.13,0.31,0.65,0.87,-0.34,0.0,-0.1,0.36,0.22,0.85,-0.71,-0.64,0
YLR047C,-0.16,-0.16,0.045,0.25,0.46,-0.13,-0.04,-0.16,0.35,0.21,-0.15,-0.39,0.31,-0.04,0.39,-0.49,0.22,-0.61,0.63,0.07,0.67,-0.56,-0.435,0
YLR048W,-0.375,-0.32,-0.099999994,0.12,0.65,0.13,0.51,0.07,0.4,-0.08,0.41,-0.08,0.11,-0.23,0.71,-0.43,0.31,-0.13,0.2,0.32,0.72,-0.73,-0.775,0
YLR049C,1.065,0.37,-0.065,-0.5,-1.38,-1.02,-1.43,-0.65,0.11,1.39,1.04,1.04,0.32,0.16,-0.38,-1.25,-1.34,-1.02,-0.83,0.63,0.16,1.16,0.945,1
YLR050C,-0.26500002,-0.3,-0.07000001,0.16,-0.07,-0.29,-0.36,-0.33,-0.92,0.03,0.18,0.54,0.51,0.34,1.06,-0.38,0.12,-0.07,0.49,-0.45,0.48,-0.23,-0.245,1
YLR051C,0.79,0.47,0.28,0.09,-0.6,-0.03,-0.5,0.14,-0.59,0.29,-0.28,0.11,-0.42,0.14,-0.41,0.25,-0.89,0.09,-0.59,0.48,-0.54,0.4,0.25,0
YLR053C,0.405,0.26,0.155,0.05,0.29,-0.41,0.14,0.18,0.04,0.21,-0.28,0.26,-0.1,-0.23,0.42,-0.35,-0.37,-0.23,0.14,-0.23,0.37,-0.3,-0.315,0
YLR055C,0.105000004,-0.06,0.045,0.15,-0.01,-0.16,-0.16,-0.14,0.11,0.03,1.1,-0.01,0.36,0.11,-0.29,-0.57,-0.06,-0.29,0.4,0.11,0.22,-0.04,-0.32000002,0
YLR056W,-0.745,-0.48,0.12500001,0.73,0.77,0.93,0.77,0.68,0.01,0.32,-0.34,0.11,-0.03,0.02,0.3,0.13,0.18,0.26,0.45,-1.06,0.2,-0.6,-0.70500004,1
YLR057W,-0.095000006,-0.33,-0.22,-0.11,0.09,0.32,0.27,0.32,0.14,-0.11,-0.3,0.06,-0.51,-0.45,0.03,-0.26,0.26,0.17,0.23,0.18,1.15,-0.33,-0.535,1
YLR058C,-1.3199999,-1.25,-0.90999997,-0.57,-0.35,-0.05,-0.05,-0.02,-0.43,-0.08,-0.44,0.2,-0.08,0.35,0.56,0.44,0.24,0.59,0.67,-0.18,0.93,0.41,0.45,1
YLR059C,0.195,0.17,0.24000001,0.31,0.38,0.51,-0.12,0.31,0.13,0.2,-0.4,0.1,-0.6,-0.17,-0.72,0.15,0.1,0.28,-0.08,-0.28,-0.13,-0.03,-0.13499999,0
YLR060W,0.305,0.32,0.265,0.21,-0.22,0.31,-0.14,0.26,0.72,0.35,-0.53,0.12,-0.92,0.13,-0.45,0.13,-0.68,0.1,-0.3,-0.1,-0.18,0.28,0.125,0
YLR061W,-0.060000002,0.16,0.29,0.42,0.48,0.55,0.03,0.37,-0.07,0.23,-0.5,0.38,-1.52,0.34,-0.92,0.08,-0.05,0.53,-0.37,0.31,-0.37,0.04,-0.015000001,0
YLR062C,0.175,0.28,0.315,0.35,-0.59,0.57,-0.12,0.56,-0.32,0.48,-0.36,0.44,-0.44,0.33,-0.26,0.12,-0.48,0.54,-0.82,-0.38,-0.67,0.27,0.22,0
YLR063W,0.17,0.16,0.29500002,0.43,0.32,0.25,0.01,0.18,0.04,0.2,-0.32,0.23,-0.34,0.03,-0.36,0.19,0.4,-0.08,-0.13,-0.39,0.18,-0.26,-0.375,0
YLR064W,-0.23,-0.3,-0.13000001,0.04,0.11,0.3,0.23,-0.05,0.28,0.13,-0.12,0.13,-0.88,-0.15,0.28,0.19,-0.38,0.4,0.37,-0.65,-0.02,0.11,0.065,0
YLR065C,0.120000005,0.15,0.14500001,0.14,0.05,0.21,-0.26,0.24,-0.11,0.35,-0.38,0.69,-0.38,0.15,-0.54,0.09,0.01,0.24,-0.52,-0.6,-0.11,0.09,0.030000001,0
YLR066W,0.22500001,0.27,0.27,0.27,-0.7,0.39,-0.46,0.3,0.06,0.45,-0.6,0.41,-0.7,0.44,-0.11,0.27,-0.55,0.46,-0.67,-0.7,-1.05,0.56,0.53,0
YLR067C,0.035000004,-0.02,-0.049999997,-0.08,-0.44,0.19,0.19,0.19,-0.57,0.27,-0.07,0.13,-0.44,0.04,0.23,0.27,0.29,0.23,-0.87,-0.29,0.02,0.3,0.17,0
YLR068W,0.505,0.35,0.019999996,-0.31,-0.48,0.0,-0.04,0.14,-0.35,0.09,-0.03,-0.1,-0.24,0.17,-0.1,0.02,-0.53,-0.01,-0.63,0.61,-0.35,0.18,0.035000004,0
YLR069C,-0.885,-0.92,-0.765,-0.61,-0.94,-0.15,-1.1,0.42,-0.31,0.57,-0.08,0.59,-0.18,0.47,-0.56,0.21,-0.02,0.35,0.19,0.84,0.02,0.96,0.83,0
YLR070C,-0.345,-0.48,-0.21,0.06,-0.45,-0.11,0.18,0.13,0.1,0.06,0.07,0.3,0.23,-0.02,0.61,-0.2,-0.16,-0.16,0.1,0.09,0.81,-0.06,-0.225,0
YLR071C,0.21000001,0.09,0.16499999,0.24,-0.51,0.27,-0.93,0.5,1.36,0.33,-0.45,0.14,-0.16,0.29,-0.96,0.16,-0.21,-0.12,0.01,0.07,-0.81,0.28,0.024999999,0
YLR072W,0.060000002,0.02,-0.005,-0.03,-0.18,0.22,0.05,0.26,-0.17,-0.06,-0.01,0.33,-0.46,-0.01,0.15,0.14,-0.27,0.1,-0.82,-0.38,0.07,0.43,0.35000002,0
YLR073C,-0.099999994,0.04,0.205,0.37,0.54,0.63,0.23,0.45,0.45,0.06,-0.14,0.14,0.03,-0.05,-0.53,0.06,0.5,0.27,0.24,-0.92,-0.55,-0.43,-0.56,0
YLR074C,0.75,0.44,0.32999998,0.22,-0.45,0.56,-0.19,0.58,-0.76,0.48,-0.37,0.17,-0.91,-0.21,-0.62,0.5,-0.78,0.4,-1.45,0.32,-0.4,0.14,-0.045,0
YLR075W,-0.060000002,0.18,0.215,0.25,0.49,0.43,0.26,0.36,0.11,0.2,-0.12,0.34,-0.26,0.23,-0.47,0.0,-0.47,0.1,-0.42,-0.05,-0.83,0.14,0.14,0
YLR076C,-0.21000001,-0.05,0.21,0.47,0.15,0.36,0.18,0.55,-0.09,0.09,-0.36,0.15,-0.22,0.16,-0.02,-0.11,-0.27,0.13,-0.2,0.15,0.1,-0.06,-0.089999996,0
YLR077W,0.089999996,0.05,0.089999996,0.13,-0.17,0.08,-0.5,0.06,-0.11,0.19,-0.24,0.05,0.11,0.2,0.02,-0.12,-0.04,-0.21,0.06,0.0,-0.5,0.34,0.23,0
YLR078C,-0.120000005,-0.04,0.095,0.23,-0.27,0.16,-0.08,0.12,-0.44,-0.04,-0.55,0.02,-0.22,0.41,-0.31,0.09,-0.22,0.18,-0.05,0.22,0.09,0.32,0.19999999,0
YLR079W,0.845,-0.17,-0.44500002,-0.72,-1.56,-0.74,-1.85,-0.05,0.06,1.8,0.13,0.87,-0.08,-0.15,-1.45,-0.54,-1.03,-0.56,-0.42,0.45,-0.4,1.63,1.315,1
YLR081W,0.13499999,-0.26,-0.325,-0.39,0.48,-0.4,0.48,-0.06,0.81,0.57,0.43,0.47,0.01,-0.26,0.42,-0.36,0.58,-0.51,0.94,-0.09,1.01,-3.3,-1.79,0
YLR082C,0.335,0.54,0.3,0.06,-0.49,0.21,-0.06,0.01,-0.22,0.35,0.06,0.35,0.03,0.42,0.06,0.23,-0.42,0.04,-0.34,-0.71,-0.28,0.37,0.3,0
YLR083C,-0.29500002,-0.16,0.08500001,0.33,0.91,0.48,0.41,0.09,0.5,-0.25,-0.2,-0.13,0.3,-0.04,0.04,0.18,0.86,0.13,0.41,-0.82,-0.11,-0.79,-0.79,0
YLR084C,-0.365,-0.73,-0.26000002,0.21,0.49,0.6,0.77,0.36,0.53,-0.06,0.03,-0.13,-0.78,-0.15,0.14,0.3,0.42,0.19,0.45,-0.7,0.16,-0.32,-0.565,1
YLR085C,0.325,0.33,0.09,-0.15,-0.08,0.15,-0.16,0.11,-0.2,0.16,-0.06,0.51,-0.39,-0.06,-0.45,0.06,-0.06,0.0,-0.27,0.13,-0.03,0.15,0.075,0
YLR086W,0.004999999,0.11,0.225,0.34,-0.3,0.47,-0.01,0.46,-0.14,0.01,0.16,-0.02,-0.73,0.33,0.21,0.21,0.03,0.24,-0.37,-0.16,0.11,-0.12,-0.2,0
YLR087C,-0.12,-0.02,0.04,0.1,0.23,-0.33,-0.07,0.06,0.2,0.12,0.28,0.72,0.3,0.22,0.05,-0.16,0.13,-0.44,0.15,-0.4,0.47,-0.42,-0.355,0
YLR088W,0.08,0.32,0.32,0.32,-0.34,0.28,0.13,0.2,-0.02,0.09,-0.16,0.41,0.04,0.31,0.29,0.18,-0.08,0.2,-0.1,-1.34,-0.18,-0.06,-0.06,0
YLR089C,-0.505,-0.45,-0.44,-0.43,-0.29,-0.32,-0.14,-0.14,0.19,0.04,-0.2,0.13,0.15,-0.07,-0.33,0.19,0.64,0.38,0.35,-0.11,0.38,0.43,0.41500002,0
YLR090W,-0.1,-0.25,-0.33499998,-0.42,-1.3,0.11,-0.35,0.38,-0.44,0.71,-0.33,0.45,-0.64,0.14,-0.35,0.51,-0.41,0.19,-0.46,-0.75,-0.27,1.19,1.08,0
YLR091W,-0.16499999,-0.13,-0.125,-0.12,-0.13,0.27,-0.2,0.03,0.08,0.18,-0.61,0.81,-0.23,0.05,-0.01,0.02,0.1,0.08,0.13,-0.29,0.13,0.16,0.105,0
YLR093C,0.145,0.24,0.099999994,-0.04,-0.41,-0.1,-0.16,-0.07,-0.23,0.16,-0.32,0.2,-0.18,0.26,-0.2,-0.25,-0.74,0.02,0.04,-0.05,-0.15,0.64,0.57,0
YLR095C,0.26,0.26,0.23499998,0.21,-0.24,0.24,-0.42,0.3,-0.29,-0.01,-0.35,0.05,-0.22,0.13,-0.12,0.08,-0.01,-0.16,0.43,-0.04,0.03,0.15,-0.08,1
YLR096W,0.25,0.05,-0.095,-0.24,-0.64,0.17,-0.04,0.13,0.08,-0.06,-0.16,-0.13,-0.27,-0.04,-0.2,0.11,-0.31,-0.18,0.24,0.49,0.76,0.02,-0.155,0
YLR097C,0.375,0.38,0.215,0.05,-0.28,-0.08,-0.17,-0.08,-0.3,0.07,-0.17,0.11,-0.06,0.1,-0.48,0.02,-0.34,-0.02,0.05,-0.28,-0.5,0.44,0.405,0
YLR098C,0.105,0.24,0.13,0.02,0.12,0.15,-0.3,0.08,-0.02,0.19,-0.13,0.06,-0.22,-0.1,0.12,0.03,-0.06,0.02,-0.11,-0.15,0.09,-0.1,0.044999998,1
YLR099C,0.065000005,0.15,0.41000003,0.67,0.45,0.77,0.07,-0.49,-0.45,-0.22,-0.55,0.21,-0.11,0.29,0.42,0.57,0.7,0.15,0.11,-1.06,-0.94,-0.41,-0.345,1
YLR100W,-0.70000005,-0.6,-0.32000002,-0.04,-0.51,0.54,0.39,0.58,0.01,0.22,-0.15,0.24,-0.24,0.16,-0.41,0.23,0.25,0.41,-0.31,0.45,0.38,-0.01,-0.09,1
YLR101C,-0.635,-0.57,-0.28,0.01,0.06,0.49,0.24,0.6,0.38,0.26,-0.28,0.22,-0.39,0.04,-0.15,0.22,0.26,0.46,0.22,-0.17,-0.59,0.01,-0.05,0
YLR102C,-0.34,-0.36,-0.185,-0.01,-0.23,0.13,0.34,0.11,0.15,-0.01,-0.25,-0.11,0.07,-0.02,-0.01,0.04,-0.11,-0.07,-0.02,0.34,0.36,0.21,0.095,0
YLR103C,1.105,1.25,0.585,-0.08,-0.61,-0.36,-0.79,-0.31,-0.33,-0.04,0.42,0.25,0.45,0.5,0.28,-0.53,-0.18,-0.72,0.15,-0.16,0.39,0.13,-0.025000006,1
YLR104W,0.225,0.22,0.3,0.38,-0.18,0.46,-0.12,-0.01,-0.34,0.44,-0.22,0.25,-0.43,0.18,-0.36,0.22,-0.18,0.2,-0.31,-1.2,-0.22,0.12,0.11,0
YLR105C,0.14,0.24,0.14999999,0.06,-0.08,0.23,-0.12,0.1,-0.32,0.38,-0.58,0.84,-0.56,-0.09,-0.28,0.06,-0.32,0.0,-0.58,-0.17,-0.35,0.55,0.45,0
YLR107W,0.44,0.34,0.215,0.09,-0.2,0.0,-0.35,0.26,-0.39,0.37,-0.5,0.28,-0.61,-0.1,-0.56,0.25,-0.45,0.15,-0.35,0.02,-0.29,0.27,0.165,0
YLR108C,-0.155,0.08,0.23499998,0.39,-0.06,0.25,0.3,0.28,0.03,0.01,-0.23,-0.23,-0.27,0.03,0.22,0.08,-0.27,0.27,-0.21,-0.78,-0.16,-0.01,0.17500001,0
YLR109W,-0.685,-1.16,-0.99,-0.82,-0.78,-0.45,-0.71,-0.51,-0.74,0.02,-0.82,-0.09,-0.85,-0.21,-0.64,0.4,-0.09,0.81,-0.45,0.82,0.29,1.44,1.475,0
YLR112W,-0.18,-0.17,-0.14,-0.11,-0.13,0.09,0.37,0.06,0.28,0.0,-0.01,-0.07,-0.17,0.13,0.18,-0.01,0.44,0.25,0.13,-0.91,0.57,-0.15,-0.14,0
YLR114C,0.26,0.27,0.45499998,0.64,-0.42,0.63,0.04,0.4,-0.42,0.22,-0.6,0.02,-0.7,0.27,-0.31,0.42,-0.31,0.36,-0.47,-0.8,-0.7,0.48,0.29,0
YLR115W,0.085,0.1,0.16,0.22,-0.24,0.12,-0.1,0.1,-0.29,0.14,-0.36,0.75,0.14,0.09,-1.0,0.34,0.16,0.19,-0.08,0.12,-0.73,0.22,0.145,0
YLR116W,0.22,0.03,0.21,0.39,-0.34,0.27,-0.16,0.21,-0.16,0.25,-0.41,0.11,-0.36,-0.02,-0.23,0.23,-0.33,0.01,-0.07,-0.31,0.08,-0.06,-0.17,0
YLR117C,0.35,0.2,0.305,0.41,-0.31,0.33,-0.37,0.29,-0.43,0.33,-0.45,0.0,-0.6,0.09,-0.15,0.49,0.12,-0.09,-0.07,-0.17,-0.67,-0.01,-0.01,0
YLR118C,-0.19,-0.22,-0.185,-0.15,0.01,-0.04,-0.2,-0.02,-0.22,0.03,-0.26,0.26,0.12,0.08,0.05,-0.12,-0.07,-0.02,0.11,0.01,0.44,0.02,0.015,0
YLR120C,-0.16999999,0.25,0.315,0.38,-0.03,0.07,-0.45,-0.29,-0.13,0.0,0.25,0.42,0.43,0.0,0.32,-0.31,0.1,-0.43,0.37,-0.69,0.56,0.02,-0.045,0
YLR121C,1.605,1.55,0.995,0.44,-0.21,-0.63,-1.1,-0.83,-0.82,0.83,1.03,1.64,1.11,0.61,-0.08,-0.31,-0.02,-0.89,-0.42,-1.58,-0.71,-0.23,-0.25,1
YLR122C,-0.05,-0.2,-0.215,-0.23,-0.05,1.95,0.1,-0.16,0.18,-0.41,-0.01,-0.15,0.16,-0.46,0.26,-0.37,0.17,-0.12,0.31,-0.25,0.61,-0.41,-0.48000002,0
YLR123C,0.26,-0.09,-0.1,-0.11,0.0,-0.12,0.13,0.14,0.19,0.2,0.04,0.43,-0.31,0.07,0.45,-0.21,-0.12,-0.43,0.19,-0.26,0.17,-0.47,-0.45999998,0
YLR125W,0.205,0.04,0.005,-0.03,0.13,-0.1,0.35,0.12,0.39,0.29,0.05,0.09,-1.14,-0.05,0.25,-0.21,0.31,-0.23,0.07,0.0,0.05,-0.27,-0.20500001,0
YLR126C,-0.11,0.01,-0.2,-0.41,-0.75,4.14,-0.25,-0.33,-0.39,-0.16,-0.37,0.28,0.08,-0.13,-0.2,-0.07,-0.35,-0.11,0.02,-0.11,-0.11,-0.03,-0.125,0
YLR127C,0.21,0.26,-0.040000007,-0.34,-0.1,0.1,0.0,0.22,-0.12,0.01,-0.55,0.01,-0.13,0.23,-0.36,0.19,0.03,0.18,-0.22,0.82,-0.4,-0.12,-0.074999996,0
YLR129W,0.34500003,-0.16,0.145,0.45,0.04,0.5,0.04,0.27,-0.3,0.41,-0.32,0.31,-0.56,-0.01,-1.67,0.44,0.24,0.02,-0.37,0.01,-0.74,0.12,-0.11,0
YLR130C,-0.14,-0.32,-0.195,-0.07,-0.08,0.32,0.33,0.38,0.64,0.6,0.1,0.26,-0.27,-0.23,-0.1,0.11,0.03,0.23,-0.1,-1.27,0.06,-0.16,-0.29,0
YLR131C,-0.72,-0.67,-0.015000016,0.64,-0.15,1.22,0.75,1.17,-0.27,0.05,-0.77,-0.81,-1.24,-0.39,-0.01,0.82,0.33,0.86,-0.42,0.29,-0.22,0.07,-0.16,1
YLR132C,0.48499998,0.52,0.39499998,0.27,-0.23,0.15,0.06,0.28,-0.28,0.36,-0.19,0.15,-0.38,-0.6,-0.26,0.13,-0.51,0.09,-0.51,-0.57,-0.1,0.34,0.32,0
YLR133W,-0.175,-0.28,-0.205,-0.13,-0.4,0.01,-0.38,0.14,-0.19,0.56,-0.26,0.14,-0.24,-0.17,-0.33,0.12,-0.15,0.07,-0.07,0.3,0.07,0.56,0.55,0
YLR134W,-1.3,-1.26,-0.94,-0.62,-0.21,-0.12,0.09,0.31,0.54,0.51,0.11,0.36,0.18,0.22,0.18,0.57,0.62,0.62,0.49,0.08,0.27,-0.21,-0.12,0
YLR135W,0.465,0.63,0.375,0.12,-0.32,-0.12,-0.4,-0.19,-0.44,0.27,-0.38,0.69,0.11,0.16,-0.17,-0.23,-0.06,-0.14,-0.01,0.09,-0.11,0.02,0.1,1
YLR136C,-0.39,-0.31,-0.21000001,-0.11,-0.4,0.23,2.0,0.34,-0.11,-0.25,-0.31,-0.68,-0.37,-0.17,0.55,0.18,0.33,0.04,0.27,-0.78,0.79,-0.17,-0.15,0
YLR137W,-0.105000004,0.09,-0.09,-0.27,-0.12,-0.15,0.13,0.08,-0.09,0.28,-0.29,0.05,-0.03,0.04,0.48,-0.78,0.21,0.03,-0.09,-0.22,0.27,0.32,0.245,0
YLR138W,0.495,0.42,0.42,0.42,-0.05,0.54,0.24,0.47,-0.1,0.17,-0.44,-0.05,-1.0,-0.02,-0.28,0.33,-0.2,0.1,-0.19,-0.97,-0.44,-0.03,-0.1,0
YLR139C,-0.27,-0.34,-0.034999996,0.27,0.01,0.48,-0.29,0.42,-0.07,0.32,-0.59,0.22,-0.48,0.06,0.04,0.47,0.18,0.42,0.01,-0.34,-0.33,0.02,-0.03,0
YLR141W,0.06,-0.01,-0.085,-0.16,0.26,-0.06,0.17,-0.02,0.21,0.17,-0.19,0.01,-0.09,-0.09,0.01,-0.06,0.24,0.04,0.26,-0.28,-0.11,0.01,-0.205,0
YLR142W,-0.91,-0.35,0.25,0.85,0.76,0.99,0.36,-0.17,-0.21,-1.25,-0.91,-0.09,0.06,0.6,-0.12,0.48,0.4,0.37,0.06,0.02,0.43,0.09,0.18,1
YLR143W,0.385,0.29,0.215,0.14,-0.27,-0.04,-0.01,0.13,-0.11,0.21,-0.42,0.02,-0.4,0.25,-0.47,-0.09,0.13,-0.21,-0.21,0.65,-0.27,0.05,-0.1,0
YLR144C,-0.02,-0.06,0.085,0.23,0.29,0.35,0.22,0.16,0.03,-0.12,-0.18,-0.01,-0.04,-0.16,-0.46,-0.02,0.22,-0.16,0.46,0.05,0.3,-0.15,-0.25,0
YLR145W,0.16499999,0.09,-0.155,-0.4,-0.11,0.1,0.01,0.32,-0.04,0.29,-0.18,0.01,-0.24,0.04,-0.43,0.01,-0.12,0.08,-0.24,0.15,-0.33,0.26,0.145,0
YLR147C,0.33499998,0.22,-0.034999996,-0.29,-0.13,0.15,-0.15,0.37,-0.23,0.18,-0.52,0.17,-0.23,-0.15,-0.55,0.09,-0.1,0.26,-0.63,-0.1,-0.39,0.37,0.255,0
YLR151C,0.275,0.44,0.16,-0.12,-0.08,-0.33,-0.16,-0.19,0.16,0.11,-0.06,0.43,0.1,-0.09,0.3,-0.19,0.16,0.02,-0.11,-0.17,0.28,0.38,0.39999998,1
YLR152C,-0.21,-0.04,0.035,0.11,0.04,0.7,-0.26,0.37,0.04,0.25,-0.33,0.04,-0.04,0.24,-0.16,0.05,0.07,0.05,0.04,-1.0,-0.26,0.14,0.27,0
YLR153C,-0.71,-0.53,-0.295,-0.06,0.47,0.21,-0.15,0.01,0.26,0.2,0.21,0.23,0.48,0.15,0.18,0.04,0.2,-0.02,0.11,-0.21,-0.33,0.09,0.085,0
YLR154C,1.1,1.36,0.92,0.48,-0.08,0.1,-0.41,-0.2,-0.99,0.48,-0.11,0.75,-0.36,0.34,-0.64,0.06,-0.75,-0.05,-0.96,-0.94,-0.62,0.41,0.3,1
YLR155C,-0.52,-0.42,-0.205,0.01,0.34,0.23,-0.02,0.1,0.35,-0.17,-0.21,0.16,0.23,-0.2,0.3,0.08,0.38,0.08,0.59,-0.46,0.15,-0.04,-0.13,0
YLR156W,-0.42,-0.42,0.03500001,0.49,0.25,0.55,0.22,0.4,-0.05,0.09,-0.01,0.04,-0.27,-0.11,-0.05,0.49,0.25,0.43,0.11,-1.31,0.11,0.12,-0.02,0
YLR157C,-0.505,-0.37,-0.21000001,-0.05,0.39,0.15,0.06,0.06,0.37,0.15,-0.72,0.1,0.12,-0.23,0.31,0.07,0.48,0.01,0.71,-0.37,0.15,-0.11,-0.09,0
YLR158C,-0.32,-0.16,0.060000002,0.28,0.16,0.47,-0.14,0.28,-0.12,0.22,-0.02,0.34,0.05,0.06,-0.1,0.32,0.15,0.36,-0.24,-1.53,0.05,0.13,0.095,0
YLR159W,-0.61,-0.62,-0.34,-0.06,0.54,0.39,0.21,0.02,0.09,0.11,-0.1,-0.01,-0.07,-0.43,0.51,0.19,0.44,0.13,0.66,-0.12,0.21,-0.37,-0.285,0
YLR160C,-0.39499998,-0.21,0.030000009,0.27,0.23,0.52,-0.05,0.24,0.16,0.22,-0.12,0.36,0.05,-0.06,-0.15,0.3,0.19,0.37,-0.19,-1.35,-0.13,0.07,0.04,0
YLR161W,-0.525,-0.47,-0.29,-0.11,0.53,0.07,0.16,-0.03,0.23,-0.05,-0.33,-0.21,0.02,-0.18,0.51,0.28,0.75,0.1,0.71,-0.02,0.32,-0.8,-0.35,0
YLR162W,0.27,0.1,0.17999999,0.26,-0.02,0.59,0.04,0.28,-0.33,0.44,-0.16,0.49,0.34,-0.21,-0.31,0.06,0.01,-0.33,-0.38,-0.84,0.01,-0.12,-0.19,0
YLR163C,-0.345,-0.32,-0.19999999,-0.08,-0.39,-0.99,-0.65,0.39,-0.47,0.77,-0.2,0.34,-0.53,0.2,-0.2,0.28,-0.08,0.35,-0.29,0.49,-0.46,0.88,0.745,0
YLR165C,0.0,-0.06,-0.044999998,-0.03,0.04,0.11,0.25,0.14,-0.13,-0.07,-0.44,-0.4,0.04,-0.25,0.26,-0.03,0.31,-0.16,-0.37,0.14,0.46,0.19,0.0,0
YLR166C,-0.065,0.06,0.075,0.09,-0.05,-0.26,0.06,-0.07,0.12,-0.05,0.08,-0.1,0.3,-2.17,0.47,0.09,0.05,0.14,0.11,0.91,0.69,-0.02,-0.02,0
YLR167W,-0.065,0.07,0.099999994,0.13,0.31,0.23,-0.01,0.22,-0.06,0.15,-0.01,0.14,-0.07,0.16,-0.61,-0.06,-0.52,0.14,-0.03,0.17,-0.11,0.18,0.080000006,0
YLR168C,-0.020000003,0.13,0.24,0.35,-0.13,0.09,0.21,0.24,-0.43,0.02,-0.12,-0.22,-0.47,0.12,0.34,-0.04,-0.37,0.04,-0.44,0.7,-0.17,0.31,0.215,0
YLR169W,-0.36,-0.34,-0.18,-0.02,0.06,0.17,0.57,-0.21,0.17,-0.06,0.64,-0.48,0.03,-0.13,0.53,-0.51,0.54,-0.2,0.53,-0.46,0.64,-0.59,-0.23999998,1
YLR170C,0.055,0.04,0.08,0.12,-0.04,-0.09,0.1,0.07,-0.51,-0.2,-0.07,-0.28,0.04,-0.04,0.65,-0.01,-0.06,0.13,-0.13,0.66,0.01,-0.82,-0.39,0
YLR171W,0.065,0.03,0.1,0.17,-0.68,0.24,-0.16,0.21,-0.35,0.05,-0.27,-0.14,0.39,0.0,-0.33,0.2,-0.58,-0.03,-0.55,0.14,0.23,0.4,0.375,0
YLR172C,0.70000005,0.66,0.53000003,0.4,-0.27,-0.27,-0.03,0.3,-0.68,0.13,-0.37,0.26,-0.43,0.26,-0.1,-0.05,-0.53,0.3,-0.46,-0.12,-0.78,0.24,0.13499999,0
YLR173W,0.145,-0.03,-0.05,-0.07,-0.12,-0.57,-0.28,0.2,0.16,0.13,-0.34,0.0,-0.02,0.26,-0.36,-0.32,0.05,-0.24,0.0,-0.28,0.82,0.11,0.02,0
YLR174W,-0.31,-0.48,0.14,0.76,0.01,-2.22,0.38,-0.17,0.21,-0.17,0.06,-0.03,0.1,0.05,0.72,-0.08,0.23,-0.61,0.22,0.48,0.82,-0.04,-0.055,0
YLR175W,0.74,0.69,0.64,0.59,-0.01,0.65,-0.12,0.49,-0.34,0.3,-0.51,0.13,-0.74,0.03,-0.81,0.38,-0.67,0.33,-0.89,-0.03,-0.85,0.21,-0.04,0
YLR177W,-0.315,-0.31,-0.045,0.22,-0.17,-0.09,-0.19,-0.14,-0.28,0.46,-0.19,-0.05,-0.17,-0.18,0.0,-0.09,0.06,-0.03,-0.05,-0.51,0.26,0.83,0.845,0
YLR179C,0.245,0.29,0.33999997,0.39,0.35,0.42,-0.79,0.05,-0.24,0.17,-0.27,0.39,-0.12,0.12,-0.14,0.15,-0.17,0.31,-0.42,-1.12,-0.11,-0.14,-0.045,0
YLR181C,0.255,0.33,0.315,0.3,0.02,0.03,-0.17,-0.03,-0.3,0.15,-0.54,0.32,-0.34,0.22,-0.21,0.11,-0.4,0.11,-0.12,-0.74,0.06,0.22,0.195,0
YLR183C,1.63,2.06,0.96,-0.14,-0.72,-1.4,-1.53,-1.76,-1.23,0.88,0.99,1.89,0.96,1.28,0.3,0.07,-0.76,-0.64,-1.23,-1.17,1.02,0.45,0.33499998,1
YLR185W,0.060000002,0.2,0.22,0.24,0.46,0.51,0.29,0.37,0.19,0.38,0.12,0.28,-0.22,0.08,-0.13,-0.16,-0.32,0.29,-1.08,-0.42,-0.73,-0.06,-0.125,0
YLR186W,0.88,0.68,0.645,0.61,-0.59,0.38,0.56,0.25,-0.7,0.25,-0.56,0.19,-0.94,0.08,-0.75,0.49,-0.25,0.35,-0.52,-0.7,-0.85,0.13,-0.020000003,0
YLR187W,0.19,0.47,0.57,0.67,0.47,0.45,0.01,0.32,-0.24,-0.06,-0.67,-0.15,-0.11,0.29,0.32,-0.11,0.06,0.17,-0.18,-0.47,-0.16,-0.32,-0.28,0
YLR188W,0.14,0.28,0.19,0.1,0.0,-0.25,-0.33,0.03,-0.2,-0.18,-0.09,0.11,0.26,0.61,0.52,-0.21,-0.23,-0.23,-0.03,0.35,0.14,-0.23,-0.195,0
YLR189C,-0.07,-0.05,0.085,0.22,0.24,-0.22,-0.65,0.36,0.17,-0.05,-0.35,-0.07,0.1,0.54,0.32,-0.51,0.3,-0.28,0.29,0.74,0.57,-0.28,-0.09,0
YLR190W,-1.9449999,-2.05,-1.04,-0.03,0.35,1.23,1.43,1.42,1.01,-0.25,-1.09,-1.34,-1.54,-0.71,0.11,0.54,0.1,1.06,0.96,1.12,0.46,-0.23,0.074999996,1
YLR191W,0.28,0.18,0.20500001,0.23,-0.18,0.22,-0.37,0.37,-0.28,0.33,-0.19,0.42,-0.49,0.2,0.0,0.26,-0.09,-0.16,-0.54,-0.43,0.03,0.26,0.089999996,0
YLR192C,0.16499999,0.08,0.03,-0.02,-0.55,-0.14,-0.12,0.04,-0.4,0.17,-0.19,0.07,-0.36,0.21,0.25,0.04,-0.7,0.04,-0.21,0.62,-0.07,0.36,0.32,0
YLR193C,-0.12,-0.19,-0.105,-0.02,-0.05,-0.16,-0.17,0.09,-0.13,0.32,-0.41,-0.24,-0.16,0.27,0.1,0.05,0.13,-0.01,-0.27,-0.07,0.25,0.34,0.29,0
YLR194C,1.825,1.88,0.92,-0.04,-0.61,-0.76,-1.05,-0.78,-0.26,0.74,0.73,0.88,-0.09,-0.05,-0.08,-1.05,-1.09,-1.17,-1.05,-0.39,0.28,0.46,0.315,1
YLR195C,-0.065000005,0.02,-0.085,-0.19,-0.15,-0.05,-0.03,-0.06,-0.21,0.1,-0.17,-0.13,-0.35,-0.12,0.19,-0.01,0.31,-0.08,0.13,0.33,0.2,0.31,0.19,0
YLR196W,1.01,0.72,0.43,0.14,-0.11,0.25,0.44,0.14,-0.23,0.09,-0.28,-0.09,-0.61,0.13,-0.08,0.22,-0.34,-0.04,-0.32,-0.08,-0.97,-0.34,-0.47500002,0
YLR197W,0.88,0.89,0.72,0.55,-0.02,0.53,-0.04,0.36,-0.49,0.42,-0.41,0.15,-0.67,0.03,-0.77,0.38,-0.64,0.33,-0.87,0.18,-1.67,0.3,0.11500001,0
YLR198C,0.78999996,0.71,0.615,0.52,0.12,0.42,0.25,0.3,-0.16,0.25,-0.14,0.2,-0.43,0.06,-0.06,0.02,-0.45,0.29,-0.92,0.2,-1.56,-0.23,-0.26500002,0
YLR199C,0.195,0.26,0.13499999,0.01,0.12,0.15,0.17,0.25,-0.09,-0.01,-0.3,0.08,-0.37,0.17,-0.32,0.1,-0.3,0.29,-0.15,-0.19,-0.47,0.25,0.15,0
YLR200W,0.11500001,0.27,0.165,0.06,-0.46,0.14,0.21,0.34,-0.8,-0.02,-0.42,-0.21,-0.61,0.08,-0.86,0.46,0.01,0.3,-0.56,0.27,-0.39,0.71,0.66499996,0
YLR201C,-0.45499998,-0.29,-0.114999995,0.06,0.02,0.28,0.12,0.22,0.11,0.11,-0.45,0.12,-0.31,-0.21,0.32,0.08,0.14,0.33,-0.15,-0.4,0.15,0.34,0.225,0
YLR202C,-0.36,-0.5,-0.35,-0.2,-0.68,-0.03,0.02,0.17,-0.34,0.26,0.1,0.36,-0.22,0.0,-0.22,0.13,-0.07,0.42,0.25,-0.38,0.46,0.22,0.215,0
YLR203C,-0.63,-0.69,-0.55,-0.41,-0.51,-0.05,-0.22,0.1,-0.05,0.47,-0.05,0.41,0.01,0.06,-0.05,0.22,0.04,0.34,-0.34,-0.15,0.23,0.47,0.4,0
YLR204W,-0.325,-0.34,-0.36,-0.38,-0.88,-0.04,-0.08,0.32,-0.86,-0.88,-0.04,0.52,-0.56,0.2,-0.24,0.34,-0.1,0.5,-0.1,0.25,0.01,1.02,0.92999995,0
YLR205C,-0.78499997,-0.82,-0.48,-0.14,-0.16,0.38,0.25,0.31,-0.15,0.1,-0.6,0.02,-0.48,0.04,0.13,0.16,0.05,0.42,-0.6,0.19,0.45,0.7,0.6,0
YLR206W,0.04,0.16,0.175,0.19,-0.47,0.34,0.0,0.06,-0.92,0.24,-0.28,-0.08,-0.24,0.16,0.26,0.29,0.1,0.02,-0.58,-0.24,-0.44,0.58,0.48499998,0
YLR207W,0.030000005,0.18,0.080000006,-0.02,-0.34,0.02,-0.02,0.26,-0.25,0.27,-0.23,0.06,-0.14,0.11,-0.02,0.04,0.04,-0.1,-0.18,0.04,0.24,-0.02,0.060000002,0
YLR208W,0.03,0.12,0.02,-0.08,0.05,-0.01,0.01,0.09,0.05,0.09,-0.25,1.15,-0.31,-0.01,-0.03,-0.05,0.02,0.04,-0.35,-0.56,0.02,0.13,0.04,0
YLR209C,-0.39,-0.02,0.18499999,0.39,0.49,0.6,0.22,0.04,-0.27,-0.31,-0.79,0.11,-0.25,0.17,0.52,0.35,0.49,0.35,-0.34,-0.46,0.01,-0.06,-0.015,1
YLR210W,-0.095,0.09,0.52,0.95,0.24,0.7,-0.22,-0.22,-0.72,-0.43,-0.24,0.24,-0.22,0.76,0.38,0.86,-0.37,0.13,-0.96,-0.61,-0.53,0.3,0.305,1
YLR212C,0.425,0.47,0.22,-0.03,-0.14,-0.63,-0.58,-0.34,-0.16,0.48,0.79,0.89,0.79,0.29,0.56,-0.39,-0.18,-0.6,-0.28,-0.5,0.45,-0.05,-0.125,1
YLR213C,0.120000005,-0.04,-0.17999999,-0.32,0.3,-0.5,0.39,0.19,0.56,-0.36,-0.13,0.06,0.1,0.09,0.58,-0.45,0.3,-0.52,0.42,-0.3,0.67,-0.41,-0.43,0
YLR215C,0.16,0.08,0.02,-0.04,-0.27,0.16,0.16,0.25,0.08,0.16,-0.37,0.21,-0.69,-0.12,-0.22,0.27,0.03,0.24,-0.04,-0.39,-0.37,0.22,0.015000001,0
YLR216C,-0.305,-0.47,-0.6,-0.73,-0.73,-0.69,-0.84,-0.73,-0.96,-0.41,-0.53,-0.41,-0.5,-0.22,0.16,0.1,-0.12,0.39,0.47,1.06,0.89,1.29,1.175,0
YLR217W,-0.17,-0.33,-0.42000002,-0.51,-0.58,-0.58,-0.75,-0.66,-0.54,-0.24,-0.62,-0.21,-0.47,-0.04,-0.47,0.09,0.04,0.46,-0.01,0.88,-0.27,1.37,1.245,0
YLR218C,-0.42999998,-0.65,-0.42999998,-0.21,0.04,-0.35,-0.21,-0.35,-0.01,-0.38,0.22,-0.21,0.27,0.1,0.69,-0.11,0.11,-0.17,0.34,0.6,0.99,-0.16,-0.16,0
YLR219W,-0.21,-0.13,0.08500001,0.3,0.5,0.15,-0.27,0.0,-0.06,-0.31,-0.46,0.02,-0.31,0.23,0.14,0.27,0.16,0.08,0.06,-0.24,-0.15,0.16,0.089999996,0
YLR221C,0.94,0.87,0.615,0.36,-0.32,0.33,-0.72,0.45,-0.45,0.45,-0.36,0.28,-0.59,0.22,-0.93,0.43,-0.59,0.34,-1.18,-0.1,-1.84,0.73,0.47500002,0
YLR222C,0.61,0.4,0.47000003,0.54,-0.06,0.23,-0.11,0.21,-0.49,0.05,-0.41,-0.12,-0.55,-0.05,0.04,0.34,0.0,0.04,-0.08,0.04,-0.41,-0.3,-0.405,0
YLR224W,0.13,0.07,0.25,0.43,-0.41,0.42,0.41,0.36,-0.87,0.15,-0.21,0.06,-0.61,0.26,0.32,0.39,-0.65,0.15,-0.08,-0.63,-0.12,0.05,0.025,0
YLR225C,0.225,0.48,0.45499998,0.43,-0.11,0.19,-0.34,0.13,-0.76,0.21,-0.47,0.25,-0.45,0.45,-0.08,0.58,-0.19,0.08,-1.04,-0.13,-0.55,0.39,0.315,1
YLR226W,0.57,0.45,0.48,0.51,-0.69,0.36,-0.74,0.33,-0.74,0.36,-0.39,0.13,-0.57,0.17,-0.02,0.43,-0.64,0.39,-0.35,-0.76,-0.61,0.4,0.255,0
YLR227C,0.195,0.15,0.17500001,0.2,0.24,0.16,0.14,0.08,-0.34,-0.03,-0.45,0.16,-0.45,0.24,-0.1,-0.04,-0.03,0.04,0.0,-0.03,-0.17,-0.03,-0.14,0
YLR228C,0.63,0.63,0.68,0.73,-0.32,0.4,-0.4,0.07,-0.54,0.41,-0.11,-0.11,-0.3,0.25,-0.07,0.22,-0.35,-0.05,-0.22,-0.7,-0.03,0.2,0.095,0
YLR229C,-0.155,-0.1,0.11,0.32,0.7,0.36,0.3,-0.02,0.28,0.09,-0.06,0.12,0.1,0.01,-0.14,-0.04,0.48,0.13,-0.08,-0.59,-0.29,-0.32,-0.32,0
YLR230W,-0.06,0.01,0.22999999,0.45,0.17,0.35,0.24,0.1,0.12,0.04,-0.09,0.07,0.1,0.04,0.25,0.13,-0.03,0.16,-0.08,-1.3,-0.14,-0.18,-0.18,0
YLR231C,-0.37,-0.41,-0.225,-0.04,0.35,-0.03,0.3,-0.03,0.26,-0.54,1.03,0.03,-0.11,-0.16,-0.09,-0.08,0.15,0.02,-0.03,-0.23,0.25,0.03,-0.055,1
YLR232W,0.0,0.04,0.0,-0.04,-0.32,0.02,0.53,0.07,0.13,0.11,0.26,-0.16,-0.14,-0.08,0.34,-0.08,0.02,-0.16,-0.55,-0.39,0.58,-0.04,-0.08,0
YLR234W,0.865,1.04,0.78999996,0.54,-0.48,-0.16,-0.34,-0.46,-0.22,0.4,0.1,0.66,0.03,0.56,0.0,0.2,-0.48,-0.34,-0.41,-1.0,-0.08,-0.04,-0.049999997,1
YLR235C,-0.020000001,-0.1,0.044999998,0.19,0.54,-0.56,0.49,-0.85,0.05,-0.17,0.11,0.98,-0.54,-0.08,0.87,-0.59,0.69,-0.3,0.7,-0.05,0.46,-0.71,-0.635,1
YLR236C,0.39,0.49,0.495,0.5,0.28,-0.78,0.06,-0.72,0.13,-0.28,0.5,0.3,0.19,-0.01,1.04,-0.13,0.34,-0.38,0.1,-0.3,0.78,-0.7,-0.725,1
YLR237W,-0.39999998,-0.48,-0.32,-0.16,-0.03,0.07,0.52,0.68,1.14,0.28,0.13,-0.13,-0.06,-0.13,-0.09,-0.01,0.27,0.11,0.41,-0.44,-0.51,-0.5,-0.59000003,0
YLR238W,-0.060000002,-0.23,0.029999994,0.29,-0.38,0.07,0.1,-0.02,-0.68,-0.12,-0.02,-0.25,-0.04,-0.08,0.54,0.16,0.03,0.03,0.11,0.4,-0.27,0.21,0.08499999,0
YLR239C,-0.315,-0.24,-0.285,-0.33,-0.67,-0.09,-0.33,0.28,0.44,0.26,-0.33,0.29,-0.26,0.11,-0.24,-0.06,-0.26,0.08,-0.16,0.43,-0.21,0.8,0.6,0
YLR240W,-0.14,-0.14,-0.085,-0.03,0.02,0.07,-0.14,0.02,0.0,-0.03,-0.09,-0.01,-0.2,0.17,0.54,-0.6,-0.18,-0.23,0.43,0.58,0.45,-0.06,-0.120000005,0
YLR241W,-0.36,-0.4,-0.15,0.1,0.33,-0.3,0.15,0.04,0.57,-0.14,0.01,-0.28,0.04,0.29,0.21,-0.14,-0.07,-0.38,0.19,0.32,0.19,-0.04,-0.049999997,0
YLR242C,-0.245,-0.38,-0.11,0.16,0.27,0.06,0.47,0.01,0.34,-0.25,-0.05,-0.36,-0.02,-0.34,0.58,-0.73,0.18,-0.03,0.47,0.21,0.78,-0.5,-0.48000002,0
YLR243W,0.465,0.31,0.125,-0.06,-0.51,-0.36,-0.06,0.14,0.06,0.05,-0.23,0.11,-0.44,0.15,0.05,-0.12,-0.19,-0.3,0.05,0.23,0.05,-0.01,-0.085,0
YLR244C,0.255,0.1,0.07,0.04,-0.19,0.04,-0.15,0.08,-0.49,0.17,-0.26,0.08,-0.35,0.07,0.14,0.14,-0.17,0.17,-0.68,0.11,0.1,0.13,0.024999999,0
YLR245C,-0.03,-0.03,0.195,0.42,0.24,0.28,-0.06,0.13,0.03,0.1,-0.44,0.39,-0.14,0.53,0.25,0.19,-0.11,-0.2,-0.14,-0.54,-0.29,-0.32,-0.255,0
YLR246W,-0.32999998,-0.25,0.0,0.25,0.25,0.25,-0.05,-0.26,-0.32,-0.08,-0.2,0.12,-0.05,0.09,0.65,0.36,0.35,-0.01,-0.39,0.02,0.3,-0.17,-0.060000002,0
YLR247C,-0.88,-0.9,-0.86,-0.82,-0.68,-0.75,-1.11,-0.9,-0.98,-0.18,-0.68,0.95,-0.78,-0.13,0.2,0.27,0.34,0.66,0.58,1.42,0.87,1.4,1.3199999,0
YLR248W,0.060000002,0.05,0.11,0.17,-0.3,0.34,-0.29,0.39,-0.38,0.39,-0.32,0.02,-0.42,0.39,-0.16,0.14,-0.38,0.08,-0.49,-0.07,-0.07,0.35,0.285,0
YLR249W,-0.060000002,0.02,0.17,0.32,0.87,0.28,0.42,0.18,0.57,0.23,0.26,-0.04,0.36,-0.14,-0.47,-0.01,0.19,-0.33,-0.09,-0.16,-0.25,-0.45,-0.565,0
YLR250W,0.26999998,0.15,0.115,0.08,-0.48,0.31,-0.08,0.33,-0.33,0.43,-0.21,-0.2,-0.75,0.01,-0.25,0.04,-0.62,0.21,-0.54,-0.54,-0.14,0.57,0.505,0
YLR251W,-0.155,-0.2,-0.28,-0.36,0.4,-0.46,0.25,-0.18,0.43,-0.28,-0.06,-0.17,0.07,-0.18,0.51,-0.28,0.24,-0.15,0.05,0.16,0.68,-0.01,-0.21499999,0
YLR252W,0.14500001,0.14,0.25,0.36,0.03,-0.01,0.14,-0.24,0.04,-0.25,0.1,-0.04,-0.22,0.2,0.04,-0.08,0.22,-0.19,0.05,-0.36,0.34,-0.45,-0.13499999,0
YLR253W,0.005000003,0.22,0.105,-0.01,-0.01,0.17,-0.16,0.21,-0.11,-0.01,-0.33,0.3,-1.35,0.26,-0.28,0.17,0.22,0.21,-0.33,0.16,-0.22,0.45,0.325,0
YLR254C,0.074999996,-0.24,-0.31,-0.38,-0.5,0.06,-0.2,0.86,-0.09,0.28,-0.59,-0.17,-1.18,-0.27,-0.24,0.12,-0.27,0.34,-0.68,0.17,0.12,0.76,0.595,1
YLR256W,0.21000001,0.2,0.28,0.36,0.01,0.26,-0.1,0.17,-0.4,0.36,-0.06,-0.05,-0.08,0.42,-0.22,0.14,-0.86,0.22,-0.52,-0.03,-0.47,0.06,0.075,0
YLR257W,-0.105000004,0.15,0.18,0.21,-0.25,-0.01,-0.47,0.14,-0.4,0.42,-0.22,0.56,-0.21,0.39,-0.86,0.0,-0.51,0.2,-0.7,-0.01,-0.68,0.92,0.845,0
YLR258W,-0.67999995,-0.58,-0.505,-0.43,-0.55,-0.26,-0.4,-0.29,-0.39,0.35,0.45,0.73,0.44,0.61,0.53,-0.16,-0.36,-0.43,-0.12,-0.3,-0.16,0.7,0.91999996,0
YLR259C,-1.115,-1.06,-0.78,-0.5,-0.43,-0.36,-0.89,-0.29,-0.43,0.14,-0.34,0.31,0.05,0.19,-0.6,0.2,0.23,0.44,0.4,0.6,1.03,0.68,0.755,0
YLR260W,0.095,0.24,0.11,-0.02,-0.01,-0.23,-0.31,-0.23,-0.07,-0.33,-0.02,0.31,0.25,0.11,0.61,-0.12,-0.02,-0.04,0.15,0.28,0.65,-1.25,-0.38,0
YLR261C,0.045,-0.05,-0.045,-0.04,-0.13,-0.07,0.05,0.1,2.21,-0.18,-0.39,-0.08,-0.39,0.23,-0.24,-0.04,-0.39,-0.15,-0.58,0.01,-0.02,-0.85,-0.31,0
YLR262C,0.065,0.03,0.08,0.13,-0.42,0.02,-0.17,0.13,-0.69,0.12,-0.25,0.18,-0.37,0.33,0.07,0.23,-0.4,0.14,-0.77,0.66,-0.12,0.57,0.22,0
YLR264W,-0.26999998,-0.12,-0.014999997,0.09,0.54,0.27,0.5,0.26,-0.07,-0.1,0.12,0.19,0.32,0.01,-0.04,-0.34,0.04,0.06,-0.27,0.11,0.3,-0.32,-0.39999998,0
YLR265C,-0.030000001,-0.05,-0.02,0.01,-0.01,-0.16,0.02,0.1,0.37,0.19,0.04,0.14,0.04,0.11,0.1,-0.46,0.11,-0.15,0.19,-0.36,0.05,-0.08,-0.145,0
YLR266C,-0.245,-0.32,-0.024999991,0.27,-0.23,-0.27,0.23,-0.23,0.21,-0.39,0.21,-0.05,0.37,0.13,0.4,-0.14,0.14,-0.06,0.6,0.29,0.52,-0.23,-0.155,0
YLR267W,0.114999995,-0.03,-0.11,-0.19,0.39,-0.53,0.35,0.02,0.35,-0.58,-0.14,0.34,0.14,0.14,0.64,-0.44,0.84,-1.03,0.44,-0.02,0.17,-1.03,-0.55,0
YLR268W,-0.060000002,0.03,0.13499999,0.24,0.02,0.17,0.19,-0.03,-0.18,-0.3,-0.39,-0.18,-0.13,0.2,-0.14,0.25,0.18,0.21,0.15,0.01,0.21,-0.14,-0.175,0
YLR269C,0.01,0.08,0.16499999,0.25,-0.34,0.08,0.11,-0.02,0.1,-0.01,-0.47,-0.01,-0.68,0.17,0.44,-0.1,0.29,0.11,0.08,-0.13,-0.17,-0.06,-0.024999999,0
YLR270W,-0.53999996,-0.49,-0.45,-0.41,-1.47,-0.23,-0.46,-0.08,0.01,0.15,-0.02,0.19,0.15,0.25,0.36,-0.24,-0.21,-0.04,0.22,0.69,0.56,0.63,0.55,0
YLR271W,0.1,0.19,0.18,0.17,0.28,-0.06,-0.04,-0.16,0.16,-0.22,-0.07,-0.18,-0.33,0.02,0.36,-0.24,0.24,-0.18,0.45,-0.11,0.27,-0.16,-0.16,0
YLR272C,0.16499999,0.22,0.255,0.29,0.3,0.35,0.02,0.1,-0.51,-0.33,-0.08,0.22,0.17,0.49,0.27,0.2,0.0,-0.12,-0.14,-0.19,-0.14,-0.31,-0.42,0
YLR274W,-0.08499998,-1.03,-1.175,-1.32,-1.86,-0.09,-0.23,1.08,0.73,1.45,0.22,0.18,-0.89,-0.43,-1.23,-0.38,-0.67,0.37,-0.27,0.36,0.41,1.17,0.84499997,1
YLR275W,0.505,0.34,0.13,-0.08,-0.1,-0.13,0.22,0.28,-0.15,0.13,-0.49,0.93,-0.51,-0.07,-0.54,-0.13,0.04,-0.18,-0.12,-0.74,0.12,0.2,0.009999998,0
YLR276C,1.065,0.88,0.55,0.22,-0.99,0.63,-0.07,0.53,-0.59,0.59,-0.46,0.17,-1.11,0.1,-0.72,0.62,-0.75,0.48,-1.11,-0.41,-1.33,0.49,0.27,0
YLR277C,0.205,0.15,0.085,0.02,-0.03,0.21,0.01,0.11,-0.12,0.08,-0.34,1.02,-0.44,0.02,-0.42,0.18,0.13,0.11,-0.29,-0.21,-0.46,0.02,-0.07,0
YLR278C,0.075,0.06,-1.0550001,-2.17,0.46,-0.38,0.45,0.18,0.27,0.39,0.29,0.25,0.2,0.37,0.34,-0.17,0.34,-0.04,0.13,-0.12,0.43,-0.33,-0.4,0
YLR280C,0.115,0.18,-0.014999993,-0.21,0.12,-0.28,0.33,-0.01,0.18,-0.18,-0.16,0.2,0.31,0.3,0.44,-0.33,-0.12,-0.54,0.55,-0.33,0.89,-0.43,-0.405,0
YLR281C,0.26999998,0.39,0.019999996,-0.35,-0.15,-0.46,0.12,0.3,0.03,0.16,-0.23,0.05,-0.05,0.03,0.14,-0.25,0.07,-0.11,-0.05,-0.15,0.4,0.15,0.155,0
YLR282C,0.13,0.26,0.054999992,-0.15,-0.14,-0.17,0.32,-0.23,0.04,-0.12,-0.06,-0.12,0.21,0.32,0.1,0.02,0.31,-0.1,0.0,-0.59,0.36,0.05,0.07,0
YLR283W,-0.115,0.0,-0.205,-0.41,-0.34,-0.14,0.02,-0.02,-0.07,0.02,-0.11,0.65,-0.23,-0.12,-0.15,-0.07,0.11,-0.2,0.05,0.27,0.65,0.13,0.21,0
YLR285W,0.39,0.31,0.095,-0.12,-0.29,-0.09,-0.12,-0.01,-0.1,0.28,-0.03,0.41,-0.8,0.29,-0.1,-0.25,-0.1,0.24,-0.49,-0.41,-0.29,0.36,0.39,0
YLR286C,0.575,0.11,-0.915,-1.94,-1.69,-2.48,-2.13,-2.94,-1.77,1.22,2.44,2.16,2.32,1.08,0.91,-0.54,-0.41,-1.35,-0.85,-0.73,1.8,1.8,2.06,1
YLR287C,0.34,0.18,0.07000001,-0.04,-0.26,0.03,-0.04,0.24,-0.28,0.03,-0.47,0.08,-0.75,0.21,-0.18,0.2,0.0,-0.04,-0.36,-0.16,-0.24,0.32,0.215,0
YLR287C-A,0.14999999,0.26,0.185,0.11,-0.55,0.29,-0.18,0.2,-1.02,0.24,0.21,-0.12,-0.45,0.33,-0.27,0.13,-0.43,0.4,-1.1,0.28,-0.08,0.55,0.47,0
YLR288C,0.225,0.5,0.39,0.28,0.39,0.0,0.32,-0.29,-0.19,-0.52,-0.87,-0.05,0.07,0.24,0.51,0.14,0.23,-0.2,0.21,-0.24,0.47,-0.03,-0.024999999,1
YLR289W,-0.08,0.1,0.105000004,0.11,0.07,-0.07,-0.1,0.07,-0.22,-0.2,-0.24,0.11,-0.15,0.48,0.29,0.09,-0.5,-0.26,-0.07,0.18,-0.05,0.36,0.285,0
YLR290C,-0.285,-0.32,-0.19999999,-0.08,-0.3,-0.24,0.4,-0.24,-0.07,-0.34,-0.44,-0.1,0.24,0.35,0.41,-0.05,0.07,-0.11,-0.2,0.12,0.56,0.27,0.2,0
YLR291C,0.16,0.07,0.045,0.02,-0.19,0.13,0.07,0.27,0.16,0.3,-0.26,0.2,-0.35,-0.03,-0.32,0.05,-0.3,0.02,-0.24,-0.41,-0.3,0.25,0.16,0
YLR292C,0.39,0.37,0.2,0.03,-0.31,-0.12,-0.43,-0.17,-0.47,0.22,-0.28,0.4,-0.35,0.27,-0.12,-0.05,-0.49,0.03,-0.51,0.27,-0.06,0.48,0.365,0
YLR293C,0.325,0.39,0.48999998,0.59,0.35,0.52,0.06,0.3,0.16,0.3,-0.42,0.26,-0.5,0.01,-0.52,0.16,-0.54,0.22,-0.39,-0.39,-0.88,0.0,-0.055,0
YLR294C,-0.19,-0.11,-0.035,0.04,0.1,-0.17,1.47,-0.08,0.08,0.0,0.0,-0.02,-0.33,-0.09,-0.07,-0.39,-0.52,0.01,-0.04,0.28,-0.02,0.16,0.089999996,0
YLR295C,-0.12,0.01,0.105000004,0.2,0.17,-0.06,0.03,0.15,0.16,0.24,-0.12,0.12,-0.25,0.12,-0.33,-0.37,-0.35,0.1,-0.09,0.16,-0.41,0.14,0.185,0
YLR297W,-0.75,-0.8,-0.71000004,-0.62,0.03,0.09,0.8,1.21,1.34,0.06,-0.46,-0.04,-0.62,-0.73,-0.61,-0.58,0.21,0.37,1.05,0.43,0.51,-0.13,-0.255,1
YLR298C,0.64,0.53,0.23999998,-0.05,-0.43,0.1,-0.09,0.25,-0.32,0.11,-0.61,-0.3,-0.61,0.33,-0.56,0.15,-0.23,0.13,-0.26,-0.04,-0.38,0.46,0.29,0
YLR299W,-0.54,-0.4,-0.049999997,0.3,0.25,0.13,-0.34,-0.07,-0.33,0.2,-0.47,0.21,-0.14,0.25,-0.24,0.33,0.08,0.29,-0.14,0.06,-0.12,0.34,0.44,0
YLR300W,0.555,0.16,0.37,0.58,0.38,-0.04,-0.66,-1.2,-0.28,0.65,0.83,0.71,0.43,0.33,0.71,0.24,0.03,-0.56,-0.69,-1.66,-0.31,-0.03,-0.14,1
YLR301W,0.155,0.09,0.155,0.22,0.04,0.27,-0.26,0.21,-0.61,0.18,-0.66,0.6,-0.54,0.02,-0.54,0.19,-0.2,0.39,-0.51,0.06,-0.3,0.27,0.23,0
YLR302C,-0.275,-0.19,0.3,0.79,0.46,0.07,0.05,0.0,-0.07,-0.25,-0.04,-0.13,0.31,0.28,0.78,0.04,0.14,-0.13,-0.27,-0.91,0.22,0.09,-0.04,1
YLR303W,-0.905,-0.26,0.44,1.14,1.52,0.37,-0.65,-1.37,-1.22,-1.19,-0.5,0.59,1.2,0.79,0.2,0.16,0.59,-0.19,0.12,-0.57,0.16,0.32,0.39,1
YLR304C,-1.7049999,-1.43,-0.80999994,-0.19,-0.22,0.46,0.35,0.72,0.72,0.92,0.48,0.67,0.19,0.4,-0.21,0.1,-0.07,0.0,-0.24,-0.8,0.01,0.5,0.5,0
YLR305C,-0.165,-0.1,0.05,0.2,0.3,0.2,0.31,0.24,0.38,0.04,-0.13,-0.18,0.03,-0.05,-0.29,-0.06,-0.06,-0.14,0.47,-0.11,0.25,-0.4,-0.345,0
YLR306W,0.27,0.36,0.17,-0.02,-0.08,0.04,0.01,-0.62,-0.25,0.01,-0.1,0.47,-0.13,-0.11,0.33,-0.02,-0.11,-0.08,-0.15,-0.31,0.51,0.07,0.085,0
YLR309C,0.335,0.3,0.25,0.2,-0.53,0.01,-0.21,0.22,-0.43,0.18,-0.4,0.08,-0.35,0.13,-0.15,0.08,-0.01,0.04,-0.26,0.57,-0.59,-0.45,-0.099999994,0
YLR310C,-0.19,-0.26,-0.074999996,0.11,0.0,0.14,-0.01,0.11,0.03,0.17,-0.01,-0.11,-0.14,0.06,-0.12,0.09,0.3,-0.11,0.51,0.11,0.0,-0.19,-0.155,0
YLR312W-A,0.099999994,-0.06,0.215,0.49,-0.35,-0.32,0.11,-0.55,-0.64,0.37,0.25,0.44,0.18,-0.04,0.12,-0.21,-0.1,-0.32,-0.06,0.63,0.37,-0.95,-0.435,0
YLR313C,0.86,0.82,0.3,-0.22,-0.6,-0.42,-0.42,-0.37,-0.2,-0.05,0.42,0.78,0.29,0.31,0.01,-0.6,0.06,-0.65,0.03,-0.16,0.56,0.06,-0.01,1
YLR315W,-0.055,0.0,-0.035,-0.07,0.02,0.27,0.09,-0.04,0.02,-0.07,-0.27,0.18,-0.21,0.13,0.32,0.21,0.2,-0.09,0.34,-0.29,0.05,-0.09,-0.2,0
YLR317W,-0.014999997,0.1,0.010000002,-0.08,0.11,0.51,0.06,0.26,1.45,-0.06,-0.5,-0.17,-1.17,-0.1,0.06,0.06,-0.02,-0.06,-0.01,-0.01,-0.15,-0.01,-0.09,0
YLR319C,0.155,0.15,0.105000004,0.06,-0.27,0.17,-0.66,0.16,-0.15,0.12,-0.31,0.01,-0.13,0.25,-0.45,0.23,0.0,-0.15,-0.03,0.84,-0.33,0.34,0.120000005,0
YLR320W,0.205,-0.04,-0.01,0.02,0.15,0.2,0.18,0.44,-0.01,0.1,0.06,0.32,-0.08,-0.23,-0.27,0.02,0.06,-0.15,0.02,-0.4,0.06,-0.25,-0.29000002,0
YLR321C,0.16,0.14,0.14,0.14,-0.37,0.26,-0.09,0.09,-0.56,0.26,-0.51,0.05,-0.72,0.14,-0.42,0.31,-0.11,0.28,-0.27,0.33,-0.4,0.51,0.38,0
YLR322W,0.22,0.22,0.25,0.28,-0.24,0.37,0.43,0.3,-0.24,0.3,-0.29,0.07,-0.26,0.2,-0.43,0.33,-0.91,0.31,-0.55,-0.49,-0.32,0.42,0.24499999,0
YLR323C,0.099999994,0.07,-0.14,-0.35,-0.33,-0.07,-0.18,0.17,-0.27,0.14,-0.59,0.34,-0.56,-0.18,0.05,-0.07,0.45,0.04,-0.33,0.35,0.05,0.13,0.18,0
YLR324W,-0.055,-0.1,-0.025,0.05,-0.35,0.13,-0.08,0.39,-0.29,0.48,-0.71,0.03,-0.61,0.11,-0.52,0.2,-0.71,0.63,-0.71,-0.37,0.13,0.79,0.755,0
YLR325C,0.030000001,0.17,0.09,0.01,0.41,0.16,0.05,0.46,-0.04,0.43,-0.03,0.11,-0.92,0.12,-0.11,-0.11,-0.1,0.26,-0.39,0.39,-0.63,0.02,0.060000002,0
YLR326W,0.54499996,1.18,0.905,0.63,0.18,0.1,-0.59,-0.65,-0.68,-0.28,-0.36,0.41,0.16,0.47,0.14,0.11,-0.63,-0.11,-0.78,-0.91,0.41,0.52,0.45499998,1
YLR327C,0.03999999,0.51,0.10499999,-0.3,-0.01,-0.45,-0.32,-0.28,-0.68,-0.03,-0.69,-0.14,-0.12,-0.31,0.38,-0.2,-0.24,-0.13,-0.18,0.41,0.65,0.86,0.765,0
YLR328W,0.145,0.17,0.31,0.45,0.06,0.62,-0.15,0.44,-0.25,0.3,-0.22,0.19,-0.55,0.26,-0.7,0.3,-0.27,0.38,-0.3,-0.77,-0.09,0.16,0.034999996,0
YLR330W,0.285,0.43,0.405,0.38,-0.31,0.54,-0.1,0.3,-0.65,0.3,-0.56,0.12,-0.97,0.32,-0.53,0.41,-0.53,0.25,-0.62,-0.12,-0.62,0.73,0.55,0
YLR331C,0.030000001,0.1,0.120000005,0.14,0.79,-0.23,0.17,-0.27,0.65,-0.15,0.17,-0.23,0.27,-0.42,0.24,-0.44,0.55,-0.48,0.61,-0.48,0.33,-0.38,-0.41,0
YLR332W,-0.16499999,-0.04,0.095,0.23,-0.47,0.24,0.72,-0.08,0.59,-0.4,0.25,-0.04,0.5,-0.37,0.22,-0.4,0.34,-0.25,0.68,0.26,0.4,-0.49,-0.545,0
YLR333C,-0.044999998,0.12,0.08,0.04,0.24,0.23,0.26,0.17,0.14,0.18,-0.15,0.26,-0.04,0.17,-0.28,-0.11,-0.12,0.11,-0.23,0.54,-0.88,-0.04,-0.065,0
YLR334C,0.265,0.32,0.24,0.16,0.09,0.38,0.3,0.01,-0.25,-0.13,-0.35,-0.06,-0.19,0.15,-0.08,-0.37,-0.15,-0.06,0.68,-0.06,0.12,0.04,-0.135,0
YLR335W,0.13499999,0.29,0.39,0.49,-0.26,0.53,-0.47,0.31,-0.55,0.03,-0.55,0.0,-0.5,0.42,-0.35,0.53,0.03,0.15,-0.38,0.35,-0.66,0.29,0.14999999,0
YLR336C,0.435,0.19,0.195,0.2,-0.13,0.31,0.16,0.27,-0.2,-0.11,-0.28,-0.11,-0.26,-0.13,0.37,0.16,-0.13,-0.49,0.37,0.07,0.13,-0.3,-0.44,0
YLR338W,-0.35,-0.35,-0.004999995,0.34,0.24,0.18,0.13,0.0,0.11,0.07,0.09,0.13,-0.08,0.01,-0.35,-0.31,0.0,-0.37,1.06,0.04,0.21,-0.15,-0.15,0
YLR339C,-0.525,-0.43,-0.14,0.15,0.61,0.41,0.55,0.25,0.98,0.08,0.23,0.1,0.36,-0.16,-0.35,-0.22,0.6,-0.05,0.73,-0.66,-0.14,-0.55,-0.53999996,0
YLR340W,-0.53999996,-0.38,-0.175,0.03,0.37,0.37,0.68,0.17,0.95,-0.07,0.43,-0.01,0.65,-0.27,0.02,-0.32,0.5,-0.08,1.02,-0.89,0.64,-0.57,-0.695,0
YLR341W,0.07000001,-0.04,-0.135,-0.23,0.38,-0.38,0.5,-0.17,0.36,0.06,0.17,-0.4,0.24,-0.22,0.64,-0.81,1.25,-0.11,0.55,-0.28,0.44,-0.86,-0.70500004,0
YLR342W,0.34,0.55,0.74,0.93,0.96,0.3,0.12,-0.51,-0.33,-0.09,0.41,0.27,0.92,0.7,0.63,-0.05,-0.05,-0.81,-0.88,-1.71,-0.33,-0.43,-0.47,1
YLR343W,0.62,0.63,0.53999996,0.45,0.67,-0.42,-0.09,-0.59,-0.09,0.09,0.3,-0.24,0.46,-0.01,0.47,-0.87,0.14,-0.99,0.31,-0.94,0.35,-0.07,-0.14,1
YLR344W,0.29,0.39,0.39999998,0.41,0.05,0.54,0.14,0.45,-0.17,0.34,0.13,0.2,-0.45,0.12,-0.4,0.1,-0.34,0.46,-0.71,-0.66,-1.15,0.12,0.07,0
YLR345W,-0.39499998,-0.34,-0.28,-0.22,-0.2,-0.22,-0.45,0.05,-0.45,0.3,-0.22,-0.06,-0.15,-0.03,-0.15,-0.19,-0.22,0.14,0.09,0.51,0.19,-0.08,0.54499996,0
YLR347C,-0.120000005,-0.36,-0.34,-0.32,0.02,-0.03,-0.32,-0.01,0.34,0.24,0.23,0.02,0.03,-0.38,-0.13,-0.09,0.65,-0.06,0.84,-0.16,0.12,-0.29,-0.305,1
YLR348C,-0.435,-0.09,0.099999994,0.29,0.09,0.66,0.25,0.73,-0.06,0.5,-0.46,0.4,-0.46,0.24,-0.62,0.21,-0.23,0.23,-0.46,-0.78,-0.48,0.43,0.41,0
YLR349W,-0.32999998,-0.08,-0.095,-0.11,0.12,0.15,-0.39,0.27,-0.28,0.34,1.0,0.02,-0.36,0.19,-0.05,0.06,-0.08,-0.21,-0.16,-0.08,-0.07,0.06,0.25,0
YLR350W,0.175,0.37,0.45,0.53,0.02,0.63,-0.01,0.5,-0.18,0.5,-0.28,0.37,-0.41,-0.08,-0.46,0.2,-0.06,0.23,-0.86,-1.45,-0.35,0.35,0.35,0
YLR351C,0.29500002,0.44,0.305,0.17,-0.17,0.27,-0.61,0.19,0.07,0.25,-0.46,0.2,-0.47,0.1,-0.22,0.04,-0.08,0.25,-0.03,-1.01,-0.32,0.35,0.325,0
YLR352W,0.08499999,0.21,0.099999994,-0.01,0.15,0.13,-0.02,0.24,0.27,-0.16,-0.14,-0.57,-0.02,-0.47,0.05,-0.16,0.21,-0.26,0.05,-0.28,0.34,0.21,0.25,0
YLR353W,-0.74,-0.43,-0.010000005,0.41,0.36,0.63,0.36,0.68,0.03,-0.26,-0.71,-0.46,-0.63,0.03,0.22,0.42,0.76,0.48,0.74,-0.43,0.06,-0.24,-0.21000001,1
YLR354C,-0.185,0.03,0.165,0.3,-0.18,0.47,-0.36,0.44,-1.0,0.37,-0.28,0.54,0.0,0.42,-0.4,0.58,-0.22,0.65,-0.7,-1.0,-0.57,0.46,0.405,0
YLR355C,-0.035,0.04,-0.035,-0.11,0.28,0.23,-0.31,0.26,0.14,0.22,0.19,0.16,-0.02,-0.14,-0.19,0.05,0.15,0.14,0.13,0.22,-0.55,-0.18,-0.17500001,0
YLR356W,-0.57500005,-0.61,-0.41500002,-0.22,-0.27,-0.55,-0.02,-0.54,0.05,-0.58,0.07,0.13,0.52,0.25,0.83,-0.23,0.38,-0.16,0.44,0.07,0.82,-0.02,0.03,0
YLR357W,0.34,0.38,0.225,0.07,-0.22,0.34,-0.12,0.13,-0.46,-0.02,-0.37,0.08,-0.09,0.33,-0.12,0.33,-0.24,-0.12,0.2,0.23,-0.2,0.22,0.075,0
YLR358C,0.08,0.1,0.055,0.01,-0.17,-0.01,0.24,-0.39,-0.11,-0.3,0.08,0.03,0.03,0.21,0.62,0.16,0.15,0.01,-0.15,0.5,-0.11,-0.32,-0.355,0
YLR359W,-0.3,-0.14,-0.030000001,0.08,-0.25,0.08,-0.19,0.18,-0.15,0.24,-0.24,0.19,-0.09,0.16,-0.56,0.14,-0.34,0.22,0.06,-0.24,0.3,0.5,0.44,0
YLR360W,-0.225,-0.14,-0.16499999,-0.19,-0.09,-0.39,0.33,-0.09,0.16,-0.24,0.22,-0.47,0.11,0.72,0.53,-0.37,0.03,-0.19,0.45,0.49,0.45,-0.66,-0.36,0
YLR361C,-0.089999996,0.14,0.14,0.14,-0.12,0.14,-0.1,-0.36,0.01,0.1,-0.39,0.11,-0.02,0.3,-0.46,0.03,-0.36,0.21,0.34,-0.34,0.21,0.28,0.25,0
YLR362W,0.095,0.05,-0.115,-0.28,0.08,-0.17,0.25,-0.02,-0.47,0.21,0.16,0.97,-0.27,0.03,0.55,-0.54,0.01,0.0,0.67,-0.21,0.08,-1.07,-0.56,0
YLR363C,-0.345,-0.3,-0.24000001,-0.18,-0.39,-0.06,-0.05,0.15,0.06,0.12,-0.01,0.12,0.11,0.01,-0.08,0.07,0.66,0.09,0.29,-0.28,0.33,0.21,0.14,0
YLR367W,0.015000001,0.2,0.29,0.38,0.8,-0.58,0.21,0.16,0.43,-0.06,0.1,0.15,0.25,0.02,-0.06,-0.3,-0.17,-0.11,-0.12,-0.37,0.3,-0.25,-0.265,0
YLR371W,0.255,0.25,0.235,0.22,0.28,0.22,-0.63,0.18,-0.07,0.21,-0.24,0.37,-0.01,0.06,-0.4,0.03,-0.14,0.03,0.07,-0.56,0.1,-0.09,-0.065,0
YLR373C,0.3,0.69,0.685,0.68,0.49,0.53,0.0,0.12,-0.54,-0.05,-0.52,0.24,0.05,0.54,0.08,0.44,0.08,0.08,-0.27,-0.76,-0.65,-0.35,-0.28,1
YLR375W,-0.13000001,0.07,0.099999994,0.13,0.34,0.22,0.22,0.01,0.11,-0.09,-0.17,0.26,0.07,-0.09,0.37,0.19,0.33,0.13,0.21,-1.05,-0.05,-0.22,-0.265,0
YLR378C,-0.285,-0.09,0.185,0.46,0.16,0.42,-0.28,-0.02,-0.28,0.08,-0.42,0.25,0.08,0.3,-0.34,0.35,0.34,0.45,0.46,-1.0,-0.16,-0.02,-0.02,0
YLR379W,-0.475,-0.26,-0.03999999,0.18,0.55,0.23,0.17,-0.18,0.22,-0.03,0.12,0.22,0.51,0.04,0.13,0.15,0.33,0.12,0.08,-0.66,-0.13,-0.2,-0.21000001,0
YLR380W,0.58500004,0.74,0.63,0.52,0.21,-0.09,-0.2,-0.47,-0.45,-0.23,-0.13,0.12,0.09,0.53,0.73,0.02,-0.11,-0.27,-0.04,-0.03,-0.61,-0.29,-0.25,1
YLR381W,0.009999998,0.22,0.125,0.03,0.55,-0.24,0.37,-0.93,0.4,-0.4,0.43,-0.25,0.56,-0.31,1.38,-0.09,0.92,-0.48,0.36,-0.46,0.85,-0.48,-0.47,0
YLR382C,-0.365,-0.46,-0.17,0.12,-0.54,-0.44,-0.64,-0.19,-0.31,0.22,0.21,0.52,0.17,0.67,0.52,-0.29,-0.21,-0.23,-0.11,0.83,-0.31,0.45,0.385,0
YLR383W,0.72,1.14,0.73,0.32,-0.27,-0.15,-0.59,-0.65,-0.49,-0.27,0.23,0.64,0.49,0.84,-0.1,-0.12,-0.15,-0.17,-0.22,-0.4,0.13,0.05,-0.050000004,1
YLR384C,-0.12,-0.19,-0.13499999,-0.08,-0.08,-0.13,0.42,0.49,0.13,0.02,-0.22,-0.28,0.49,-0.39,0.05,-0.35,-0.14,-0.13,0.37,0.01,0.78,-0.78,-0.20499998,0
YLR385C,0.35,0.41,0.47500002,0.54,-0.4,0.11,-0.01,-0.03,-0.09,0.18,0.16,0.27,0.22,0.38,0.38,0.24,-0.07,-0.23,-0.03,-0.54,-0.32,-0.25,-0.44,0
YLR386W,0.15,0.27,0.135,0.0,-0.18,-0.32,-0.25,-0.36,-0.29,0.02,0.26,0.26,0.13,0.12,0.47,-0.22,-0.27,-0.32,0.0,0.33,1.39,-0.17,-0.17500001,0
YLR387C,0.175,0.21,0.18,0.15,-0.13,-0.03,-0.25,-0.06,-0.47,0.06,-0.12,0.26,-0.15,0.35,-0.01,-0.06,-0.04,-0.19,-0.38,0.04,-0.15,0.52,0.345,0
YLR388W,-0.265,-0.19,-0.085,0.02,0.37,0.15,0.38,0.15,0.5,-0.01,0.15,0.12,0.15,-0.01,0.43,-0.26,-0.42,-0.05,0.24,-0.01,-0.01,-0.28,-0.39499998,0
YLR389C,-0.085,-0.05,0.04,0.13,0.19,-0.12,-0.25,0.18,0.19,-0.01,-0.06,-0.01,0.12,0.27,0.22,-0.14,0.47,-0.15,0.19,-0.27,-0.21,-0.1,-0.120000005,0
YLR390W,-0.1,-0.02,-0.005,0.01,-0.15,-0.27,-0.17,-0.12,-0.03,-0.04,-0.21,0.32,0.14,0.12,0.61,0.25,-0.08,-0.13,-0.42,-0.25,0.12,0.2,0.040000003,0
YLR390W-A,-0.175,-0.06,0.01,0.08,0.55,0.12,0.44,-0.15,0.36,-0.35,0.11,-0.11,0.25,0.0,-0.85,-0.31,0.89,-0.02,1.23,-0.51,0.27,-0.73,-0.51,0
YLR393W,0.055,0.12,0.089999996,0.06,0.03,0.4,0.23,0.45,-0.04,-0.14,-0.64,0.0,-0.11,-0.34,-0.12,0.08,0.05,0.08,-0.4,0.22,-0.09,0.19,0.035,0
YLR394W,0.04,0.01,-0.16000001,-0.33,-0.03,-0.34,0.4,-0.08,0.27,-0.31,0.01,-0.68,-0.04,0.5,-0.25,-0.09,0.4,0.08,0.15,0.27,0.29,-0.29,-0.08,0
YLR395C,-0.83500004,-0.58,-0.26,0.06,0.44,0.48,0.39,0.43,0.31,0.33,-0.06,0.22,0.01,-0.09,-0.05,0.13,-0.04,0.39,-0.56,-0.22,-0.05,0.3,0.21000001,0
YLR396C,0.075,0.1,0.04,-0.02,0.05,0.1,0.03,0.21,-0.55,0.29,0.03,0.03,-0.09,0.3,-0.25,-0.04,-0.15,0.13,-0.21,-0.11,-0.19,0.18,0.125,0
YLR397C,0.54,0.42,0.265,0.11,-0.12,0.4,0.15,0.34,-0.08,0.31,-0.32,0.03,-0.55,-0.06,-0.32,0.11,-0.13,0.14,-0.42,-0.15,-0.55,-0.02,-0.18,0
YLR398C,0.09,0.07,0.17,0.27,0.24,-0.1,0.01,0.2,-0.23,0.01,0.24,0.03,-0.19,0.44,-0.25,-0.08,0.01,0.01,-0.1,0.09,-0.17,-0.06,-0.115,0
YLR400W,0.75,0.64,0.555,0.47,-0.52,0.3,-0.01,0.38,-0.52,0.09,-0.46,-0.23,-0.61,0.38,-0.43,0.18,-0.12,0.18,-0.21,-0.38,-0.41,0.12,-0.105000004,0
YLR401C,0.645,0.51,0.39999998,0.29,0.02,0.13,-0.25,0.34,-0.48,0.38,-0.71,0.03,-0.63,-0.31,-0.36,0.03,0.09,0.02,-0.29,0.17,-0.34,-0.02,-0.114999995,0
YLR402W,-0.080000006,-0.18,0.20499998,0.59,-0.09,0.05,0.23,-0.03,-0.14,-0.2,0.15,-0.03,0.02,0.58,0.25,-0.28,-0.03,0.09,0.27,-0.39,0.4,-0.44,-0.27,0
YLR403W,-0.265,-0.24,-0.055,0.13,0.45,-0.03,0.38,0.19,1.77,-0.05,-0.21,-0.08,0.14,-0.16,0.0,-0.81,0.24,-0.06,0.3,-0.22,0.0,-0.53,-0.48999998,0
YLR404W,-0.22500001,-0.12,-0.12,-0.12,0.15,-0.33,0.27,-0.11,0.31,-0.03,-0.26,0.27,0.43,0.04,0.8,-0.12,0.19,-0.37,0.4,0.23,0.24,-0.53,-0.39499998,0
YLR405W,0.12,0.12,0.185,0.25,0.36,0.31,0.16,0.13,0.01,0.15,-0.31,0.12,-0.39,0.0,0.06,0.31,0.03,0.04,-0.37,-0.31,-0.69,0.0,-0.095,0
YLR406C,0.015000001,-0.07,-0.075,-0.08,0.06,-0.74,0.36,-0.1,0.18,-0.07,0.14,0.18,0.12,-0.4,0.45,-0.82,0.43,-0.72,0.73,0.68,1.14,-0.65,-0.505,0
YLR407W,0.53999996,0.52,0.53999996,0.56,0.45,0.29,-0.07,0.0,0.06,-0.09,-0.21,-0.05,-0.3,0.12,0.03,0.1,-0.13,-0.13,-0.34,-0.51,-1.38,-0.15,-0.26999998,0
YLR409C,0.605,0.37,0.225,0.08,0.21,-0.22,-0.13,-0.02,2.29,-0.1,-0.07,-0.27,-0.4,0.07,-0.05,-0.1,0.36,-0.29,-0.33,-0.51,-0.46,-0.81,-0.81,0
YLR410W,0.060000002,-0.08,0.075,0.23,-0.03,-0.15,-0.03,0.1,-0.6,0.02,0.1,-0.06,0.04,0.35,0.3,0.09,-0.15,-0.22,0.16,0.63,-0.45,-0.06,-0.16,0
YLR411W,-0.024999999,-0.08,-0.08,-0.08,0.22,0.18,0.2,0.09,0.14,0.13,-0.23,-0.02,-0.3,0.18,0.0,-0.18,-0.06,0.21,-0.02,-0.25,-0.14,-0.32,-0.19,0
YLR412W,0.265,0.05,0.055,0.06,-0.16,0.03,0.16,0.13,-0.53,0.05,-0.07,0.05,-0.18,-0.15,0.17,0.01,0.06,0.03,-0.07,0.01,-0.21,0.01,-0.12,0
YLR413W,-0.24499997,-1.05,-1.165,-1.28,-1.16,-1.28,-0.67,-0.34,0.56,0.01,-0.07,-0.28,-0.52,-0.41,-0.1,0.35,0.97,0.72,1.29,0.43,0.64,0.06,-0.034999996,1
YLR414C,0.019999996,-0.18,-0.1,-0.02,-0.07,-0.34,0.29,-0.53,-0.21,-0.05,0.47,0.11,0.3,-0.16,0.77,-0.47,0.04,-0.32,0.61,-0.25,0.66,-0.19,-0.265,0
YLR417W,0.120000005,0.15,-0.024999999,-0.2,-0.19,-0.24,0.16,0.05,-0.06,0.08,-0.25,-0.15,-0.38,-0.45,0.29,-0.11,0.15,-0.27,0.21,0.41,0.6,0.05,0.0,0
YLR418C,0.35,0.39,0.28,0.17,-0.81,0.28,-0.27,0.22,-0.75,0.2,0.43,0.2,-0.53,0.35,-0.43,0.22,-0.94,0.23,-0.78,-0.34,-0.31,0.73,0.6,0
YLR419W,0.17,0.2,0.225,0.25,-0.11,0.36,-0.4,0.25,-0.22,0.12,-0.21,-0.06,-0.26,0.12,-0.4,0.03,0.2,-0.19,0.31,0.24,-0.24,-0.06,-0.075,0
YLR420W,0.41000003,0.46,0.325,0.19,-0.86,0.33,-0.28,0.4,-0.8,0.34,-0.45,0.15,-0.4,0.33,-0.42,0.28,-0.67,0.34,-0.53,-0.15,-0.5,0.63,0.51,0
YLR421C,0.115,0.18,0.07000001,-0.04,-0.04,-0.13,0.11,0.17,-0.13,0.32,-0.22,0.27,-0.2,0.21,-0.76,-0.13,-0.26,0.36,-0.48,0.36,-0.52,-0.7,-0.049999982,0
YLR422W,-0.045,-0.07,-0.21,-0.35,0.36,-0.25,0.45,0.19,-0.29,0.27,-0.2,-0.77,0.65,-0.29,-0.33,-0.16,-0.2,-0.25,0.87,0.45,1.09,-0.57,-0.25,0
YLR423C,0.19,0.3,0.18,0.06,-0.1,-0.12,0.09,-0.25,-0.02,-0.19,-0.38,0.09,-0.38,0.04,0.4,-0.34,0.37,-0.04,-0.04,0.14,0.35,-0.34,-0.07,0
YLR424W,0.36,0.63,0.525,0.42,-0.48,0.31,-0.56,0.0,-0.72,0.05,1.2,0.04,-0.32,0.66,0.07,0.25,-0.56,-0.19,-0.17,-0.21,-0.13,-0.11,0.0,0
YLR426W,0.055000003,0.15,0.120000005,0.09,-0.5,0.34,-0.57,0.42,0.01,0.3,-0.19,0.19,-0.09,0.3,0.21,0.09,-0.19,0.23,-0.47,-0.9,0.32,0.1,0.095,0
YLR427W,0.06,0.22,0.11,0.0,0.06,-0.13,0.1,-0.17,-0.15,-0.15,-0.58,-0.15,-0.34,0.15,0.41,-0.08,0.22,-0.06,0.0,0.34,0.3,0.13,0.08,0
YLR428C,-0.065,0.01,0.09,0.17,-0.4,-0.22,-0.03,-0.17,-0.49,0.01,-0.1,0.01,0.04,0.04,0.37,0.12,-0.14,-0.14,-0.24,0.5,0.4,0.28,0.22,0
YLR429W,0.105,0.21,0.155,0.1,-0.29,-0.17,-0.43,0.04,-0.32,-0.02,-0.37,0.1,-0.32,0.3,-0.2,0.08,-0.04,-0.04,-0.13,0.64,-0.37,0.53,0.44,0
YLR430W,-0.04,-0.06,-0.01,0.04,-0.02,0.14,-0.18,0.28,0.01,0.07,-0.01,-0.18,-0.18,0.03,-0.2,0.07,0.22,-0.07,0.66,0.29,0.12,-0.06,-0.16,0
YLR431C,0.29000002,0.31,0.185,0.06,-0.14,0.06,-0.05,0.16,-0.05,-0.02,-0.48,-0.18,-0.29,-0.04,0.09,0.07,-0.21,0.03,-0.27,0.07,-0.48,0.44,0.185,0
YLR432W,0.635,0.65,0.46999997,0.29,0.5,0.17,0.17,0.01,-0.02,-0.21,-0.07,-0.25,-0.12,-0.5,0.14,0.03,0.21,0.03,0.3,-0.35,0.08,-0.45,-0.54499996,0
YLR433C,0.45499998,0.44,0.36,0.28,-0.02,0.07,-0.13,0.09,0.0,-0.13,-0.34,0.04,-0.25,0.14,0.0,-0.23,-0.05,-0.05,0.0,-0.43,-0.48,0.19,0.08,0
YLR435W,0.75,0.62,0.265,-0.09,-0.24,-0.14,0.0,0.24,-0.22,0.06,-0.4,0.06,-0.58,-0.12,-0.38,0.06,-0.34,-0.17,-0.49,0.21,-0.49,0.39,0.175,0
YLR436C,0.11,0.12,0.325,0.53,0.21,0.31,0.13,-0.12,-0.5,0.1,-0.12,0.07,0.07,0.42,0.27,0.15,-0.13,-0.02,-0.72,-0.77,0.21,0.04,-0.044999998,0
YLR437C,-0.255,-0.09,0.33999997,0.77,0.47,0.73,0.01,0.3,-0.15,-0.31,-0.53,-0.12,-0.27,0.08,0.42,0.63,0.98,0.45,0.02,-0.64,-0.64,-0.62,-0.68,1
YLR438W,-0.77,-1.05,-0.43999997,0.17,0.39,0.39,0.08,-0.27,0.37,-0.55,-0.42,-0.35,0.28,-1.69,0.7,0.29,0.67,0.45,1.13,0.4,0.59,-0.73,-0.54,1
YLR439W,-0.42000002,-0.46,-0.14,0.18,-0.16,0.19,-0.47,0.4,-0.08,-0.61,-0.3,0.37,-0.3,0.46,-0.42,-0.22,0.01,0.3,-0.22,0.27,-0.03,0.55,0.42000002,0
YLR440C,0.29500002,0.46,0.35500002,0.25,-0.45,0.41,-0.42,0.29,-0.45,0.23,-0.25,-0.13,-0.36,0.59,-0.39,-0.01,-0.39,0.34,-0.79,-0.28,-0.45,0.55,0.455,0
YLR441C,0.23,0.41,0.39,0.37,0.19,0.42,0.08,0.42,-0.39,0.49,-0.29,0.28,-0.41,0.39,-0.6,-0.01,-0.56,0.33,-0.82,-0.04,-1.03,0.36,0.335,0
YLR444C,0.465,0.76,0.6,0.44,-0.17,0.39,0.04,0.27,-0.19,0.19,-0.12,0.4,-0.01,0.3,0.21,0.17,-0.35,0.13,-0.46,-0.94,-1.19,-0.12,-0.12,0
YLR446W,0.04,0.1,0.19,0.28,0.05,0.39,0.46,0.4,0.08,0.11,-0.28,-0.14,-0.26,-0.09,0.53,0.31,-0.24,-0.28,-0.34,-0.74,-0.28,-0.12,-0.06,0
YLR447C,-0.3,-0.14,0.07,0.28,0.25,0.38,-0.22,0.25,-0.12,0.35,-0.39,0.38,-2.04,0.38,-0.41,0.38,0.22,0.52,-0.18,0.09,-0.26,0.35,0.365,0
YLR448W,0.45499998,0.56,0.49,0.42,-0.25,0.63,0.29,0.52,0.03,0.38,-0.04,0.22,0.13,0.11,0.13,-0.02,-1.92,0.35,-0.62,-0.52,-0.71,0.06,-0.025,0
YLR449W,1.185,1.22,0.805,0.39,-0.36,0.39,-0.23,0.38,-0.66,0.57,-0.44,0.05,-0.79,0.09,-1.07,0.41,-0.66,0.13,-1.36,0.03,-1.47,0.78,0.53,0
YLR450W,-0.205,-0.17,-0.17500001,-0.18,0.58,-0.1,0.22,-0.31,0.44,-0.24,-0.05,-0.26,0.35,-0.22,0.39,-0.28,0.58,-0.3,0.71,-0.69,0.92,-0.39,-0.295,0
YLR451W,0.16,0.11,0.04,-0.03,-0.13,0.0,0.03,0.21,-0.1,0.19,-0.36,-0.57,-0.5,-0.11,0.28,-0.18,0.37,-0.2,0.41,0.45,0.08,-0.1,-0.045,0
YLR452C,-0.91,-1.08,-0.845,-0.61,-0.67,-0.52,-0.26,0.18,0.1,0.18,-0.08,-0.1,-0.36,-0.38,-0.67,-0.81,-0.38,-0.01,0.67,0.88,1.11,1.33,1.375,1
YLR453C,0.29500002,0.3,0.125,-0.05,0.3,0.08,-0.05,0.48,0.27,0.01,-0.07,-0.32,-0.18,-0.22,0.13,0.17,0.11,-0.22,0.06,-0.09,0.22,-0.13,-0.24,0
YLR454W,-0.38,-0.45,-0.28,-0.11,0.21,-0.14,0.48,-0.06,0.4,-0.13,0.17,-0.57,0.55,-0.08,0.18,-0.54,0.12,-0.04,0.66,-0.39,0.87,-0.09,-0.035000004,0
YLR455W,0.059999987,0.52,0.685,0.85,0.79,0.34,-0.2,-0.45,-0.33,-0.58,-0.42,0.0,0.46,0.6,0.76,0.6,0.91,0.14,-0.3,-0.81,-0.75,-0.17,-0.13,1
YLR457C,0.375,0.38,0.15,-0.08,-0.6,-0.42,-0.17,0.01,-0.06,0.18,-0.06,0.25,-0.06,0.12,0.38,-0.19,-0.42,-0.29,-0.6,0.01,0.46,0.46,0.29,1
YLR458W,0.215,0.19,0.35999998,0.53,-0.62,-0.42,0.38,-0.54,-0.24,-0.22,0.13,-0.05,0.51,0.13,0.28,0.04,-0.22,-0.35,-0.05,0.14,0.65,0.16,-0.060000002,1
YLR459W,-0.395,-0.1,0.035,0.17,0.71,0.24,0.36,0.11,0.51,-0.38,-0.26,0.05,0.66,-0.07,0.26,-0.02,1.07,0.01,0.69,-0.99,-0.12,-0.62,-0.62,0
YLR460C,-0.305,-0.38,-0.16,0.06,-0.54,-0.39,0.22,-0.13,-0.38,-0.23,0.12,-0.03,0.18,-0.34,0.61,-0.21,0.43,0.14,0.65,0.37,0.66,-0.09,-0.09,0
YLR461W,0.325,0.03,-0.145,-0.32,0.19,-0.32,0.24,-0.4,0.29,-0.06,0.12,-0.22,-0.44,-0.4,0.14,0.04,0.43,-0.14,0.14,-0.46,0.12,-0.18,-0.23,0
YLR462W,0.345,-0.18,-0.335,-0.49,-0.54,-0.62,-0.68,0.11,-0.03,1.36,1.03,0.95,0.57,0.32,-0.37,-0.52,-1.26,-0.73,-0.62,-0.1,0.55,0.37,0.225,1
YLR463C,0.30499998,-0.17,-0.255,-0.34,-0.65,-0.46,-0.57,0.32,0.32,1.47,1.02,0.98,-0.09,0.27,-0.65,-0.37,-0.77,-0.54,-0.52,-0.44,-0.23,0.46,0.275,1
YLR464W,0.32,-0.15,-0.245,-0.34,-0.8,-0.72,-0.6,-0.29,0.38,1.16,0.97,0.87,0.33,0.21,-0.5,-0.58,-0.4,-0.38,0.21,-0.34,-0.13,0.21,0.21,1
YLR466W,0.65,0.25,0.034999996,-0.18,-1.29,-0.08,-0.68,0.25,-0.18,0.31,0.72,0.96,-0.27,0.29,-0.31,-0.12,-0.65,-0.31,-0.51,-0.8,0.23,0.63,0.45499998,1
YLR467W,0.47,0.06,-0.16,-0.38,-0.64,-0.38,-0.97,0.12,0.17,1.41,0.69,0.92,0.27,0.14,-0.81,-0.31,-0.52,-0.49,-0.73,-0.31,-0.1,0.45,0.355,1
YML001W,0.11,0.09,0.015000002,-0.06,0.02,-0.26,-0.12,-0.51,-0.36,0.0,0.19,0.43,0.18,0.37,0.29,-0.16,-0.12,-0.13,-0.16,-0.53,0.15,0.08,0.08,0
YML002W,0.245,0.18,0.0,-0.18,0.14,-0.13,0.21,0.07,0.43,0.03,-0.1,-0.07,-0.49,-0.46,0.47,-0.29,0.4,-0.36,0.17,-0.4,0.49,-0.27,-0.325,0
YML004C,-0.17,0.0,0.13,0.26,-0.11,0.21,-0.27,0.15,-0.34,0.31,-0.58,0.15,-0.45,0.24,-0.9,0.21,-0.21,0.31,-0.38,0.02,-0.21,0.38,0.52,0
YML005W,0.3,0.24,0.32,0.4,-0.41,0.35,-0.16,0.42,-0.39,0.47,-0.43,0.12,-0.91,0.17,-0.23,0.19,-0.31,0.33,-0.29,-1.11,-0.18,0.28,0.225,0
YML006C,0.445,0.47,0.48000002,0.49,-0.11,0.38,-0.36,0.2,-0.59,0.28,-0.49,0.08,-0.49,0.16,-0.63,0.27,1.3,0.07,-0.63,-0.11,-0.69,-0.35,-0.14,0
YML007W,0.02,-0.08,0.045,0.17,-0.69,0.19,-0.42,0.13,-0.66,0.25,-0.4,-0.08,-0.74,0.13,-0.69,0.56,-0.03,0.44,-0.13,-0.17,0.01,0.83,0.69,0
YML008C,0.099999994,0.32,0.43,0.54,0.02,0.59,-0.23,0.59,-0.44,0.7,-0.48,0.42,-0.53,0.4,-0.97,0.44,-0.51,0.32,-1.0,0.08,-1.21,0.53,0.385,0
YML009C,-0.15,-0.27,-0.37,-0.47,-0.18,-0.36,0.47,-0.7,-0.12,-0.07,0.21,0.23,0.04,0.0,-0.24,-0.01,0.18,0.16,0.28,0.46,0.67,-0.8,-0.46,0
YML010C-B,-0.04,-0.24,-0.11,0.02,0.11,-0.24,0.08,-0.22,-0.14,0.0,-0.18,0.0,0.44,-0.11,-0.18,-0.18,0.02,-0.45,0.38,0.17,0.55,-0.22,0.005000003,0
YML010W,0.20500001,0.05,0.065,0.08,0.92,0.17,-0.29,0.17,-1.01,0.21,-0.32,-0.08,0.01,0.08,-0.51,0.2,-0.25,-0.12,-0.41,0.28,-0.07,0.25,0.16499999,0
YML011C,0.28,0.32,0.305,0.29,0.07,-0.11,-0.53,-0.07,-0.31,0.34,-0.01,0.52,-0.42,0.44,0.32,-0.09,-0.11,-0.14,0.07,-0.44,0.06,-0.12,-0.114999995,0
YML013W,-0.175,-0.12,0.010000002,0.14,-0.02,0.02,-0.3,0.14,0.07,0.21,-0.1,0.03,-0.56,0.24,0.09,0.07,0.47,0.0,0.0,-0.25,0.21,0.19,0.11,0
YML014W,0.645,0.54,0.24000001,-0.06,-0.29,0.22,0.03,0.32,-0.5,0.15,-0.2,0.13,0.03,-0.02,-0.42,0.16,-0.31,0.08,-0.46,-0.18,0.05,0.26,0.105,0
YML015C,0.45,0.45,0.34,0.23,-0.33,0.4,0.21,0.37,-0.44,0.2,-0.53,0.14,-0.41,0.11,-0.46,0.34,-0.48,0.23,-0.79,0.07,-1.0,0.36,0.23,0
YML016C,0.09,0.34,0.2,0.06,0.39,-0.02,0.14,-0.17,0.22,-0.24,0.01,-0.16,0.18,-0.34,0.27,-0.17,0.24,-0.27,0.34,0.06,0.44,-0.34,-0.39499998,0
YML018C,0.105,-0.11,0.024999999,0.16,0.1,0.21,-0.05,0.22,0.42,0.37,0.11,0.5,0.32,-0.07,-0.34,0.07,0.16,0.07,0.34,-1.26,-0.75,-0.32,-0.445,0
YML019W,-0.58,-0.4,-0.155,0.09,0.3,0.4,0.34,0.23,-0.42,-0.19,-0.04,0.23,0.44,0.06,0.5,0.11,0.55,0.33,0.51,-0.87,0.55,-0.34,-0.4,0
YML020W,0.44,0.56,0.345,0.13,-0.45,-0.14,-0.76,-0.25,-0.35,0.18,-0.12,0.52,0.28,0.48,-0.27,-0.06,0.05,-0.35,0.21,0.11,-0.43,0.22,0.09,1
YML021C,0.095,0.26,0.645,1.03,-0.04,-0.41,0.33,-0.14,0.05,-0.01,0.24,0.26,0.11,0.5,-0.05,-0.2,-0.07,-0.51,0.19,-0.49,0.29,-0.38,-0.195,1
YML022W,-0.02,0.02,0.02,0.02,0.29,0.22,0.52,0.24,0.96,0.15,0.15,0.17,0.19,-0.35,-0.09,-0.45,0.3,0.04,0.63,-1.03,-0.33,-0.41,-0.51,0
YML023C,-0.120000005,-0.14,-0.005000003,0.13,-0.01,0.52,0.24,0.3,0.26,0.18,-0.12,-0.12,-0.48,-0.05,-0.51,0.18,0.16,0.36,0.21,-0.61,-0.14,-0.05,-0.15,0
YML027W,1.74,1.08,0.81000006,0.54,-0.12,-0.41,-1.18,-1.34,-1.01,1.3,1.16,1.58,0.84,0.83,-0.19,-0.15,-0.3,-0.72,-0.83,-0.9,-0.37,-0.3,-0.21000001,1
YML028W,-1.015,-0.98,-0.645,-0.31,-0.35,0.21,-0.09,0.24,0.1,0.22,-0.21,0.39,-0.11,0.18,0.15,0.3,0.16,0.55,0.16,-0.59,0.07,0.32,0.365,0
YML029W,-0.195,-0.26,-0.23499998,-0.21,-0.21,0.01,0.01,0.2,0.27,0.26,-0.3,0.36,-0.17,-0.21,-0.56,-0.17,0.21,0.12,0.23,0.03,0.21,0.07,0.095,0
YML030W,-0.39,-0.31,-0.18,-0.05,-0.95,0.13,-0.29,0.35,-0.45,0.55,-0.45,0.31,-0.73,0.16,-0.24,0.3,-0.02,0.43,-0.61,-0.11,-0.54,1.18,1.045,0
YML031W,0.16000001,0.27,0.305,0.34,0.28,0.49,-0.14,0.17,-0.15,0.22,-0.31,0.27,-0.07,0.11,-0.89,0.44,0.08,0.17,-0.15,-0.48,-0.45,-0.15,-0.18,0
YML033W,-0.71000004,-0.54,-0.09,0.36,0.49,1.0,0.5,0.78,0.1,-0.29,-1.03,-0.75,-0.72,-0.22,-0.81,0.55,0.37,0.72,0.13,0.85,-0.03,-0.07,-0.07,1
YML034W,-0.95000005,-0.69,-0.014999986,0.66,0.19,1.41,0.62,1.23,-0.01,-0.1,-1.07,-0.99,-1.07,-0.1,-0.26,0.61,0.05,0.84,0.24,0.13,-0.29,0.51,0.22999999,1
YML035C,0.065,-0.09,-0.115,-0.14,-0.14,0.17,-0.35,0.26,0.2,0.52,-0.2,0.28,-0.41,-0.04,-1.31,0.16,0.04,0.2,-0.09,0.14,-0.18,0.13,-0.015000001,0
YML037C,0.435,0.38,0.41,0.44,-0.09,0.55,0.12,0.12,-0.21,0.23,-0.18,0.15,-0.23,0.21,-0.47,0.26,-0.18,0.02,-0.16,-0.76,-0.53,-0.11,-0.16,0
YML038C,0.175,0.16,0.175,0.19,0.2,0.21,-0.33,0.11,0.08,0.68,0.31,0.55,-0.6,0.04,-0.81,0.1,0.34,0.02,-0.37,-0.5,-0.42,0.12,-0.030000005,0
YML040W,-0.035,-0.1,0.165,0.43,0.13,0.26,0.05,0.59,-0.81,0.46,-0.35,0.26,-0.41,0.31,-0.39,0.34,-0.37,0.09,-0.33,-0.25,-0.22,-0.01,0.07,0
YML041C,0.125,-0.09,-0.035000004,0.02,-0.14,0.01,0.11,0.16,0.01,0.19,-0.37,-0.05,-0.59,-0.05,-0.06,-0.06,0.02,-0.04,0.02,-0.03,-0.16,0.35,0.16,0
YML042W,-0.07,-0.14,-0.19999999,-0.26,0.08,-0.1,0.66,0.02,0.16,-0.17,-0.44,-0.22,0.03,0.1,-0.03,-0.34,0.22,-0.07,0.45,-0.15,0.72,-0.1,-0.125,0
YML043C,0.495,0.54,0.615,0.69,-0.04,0.36,0.03,0.21,-0.45,-0.07,-0.61,0.07,-0.31,0.61,-0.09,0.69,-0.41,-1.25,-0.27,0.03,-1.0,0.15,-0.019999996,0
YML045W,0.005000001,-0.06,0.215,0.49,0.13,0.36,-0.08,0.53,-0.41,0.32,-0.27,0.28,-0.49,0.41,-0.25,0.21,-0.71,0.0,-0.36,-0.32,-0.36,0.03,0.14,0
YML046W,-0.135,0.13,0.205,0.28,-0.12,0.27,0.19,0.36,0.09,0.36,-0.25,0.1,-0.15,-0.05,0.07,0.28,0.39,0.07,-0.05,-0.21,-0.27,-1.67,-0.78999996,0
YML048W,-0.79499996,-0.77,-0.405,-0.04,0.1,0.15,0.09,0.07,0.37,0.09,0.05,-0.04,0.14,-0.16,0.13,0.17,0.64,0.19,0.8,-0.5,-0.03,0.19,0.105,0
YML049C,-0.09,-0.1,-0.085,-0.07,-0.28,-0.19,0.28,0.2,-0.94,0.38,-0.22,0.09,0.58,0.03,0.34,-0.55,0.32,0.36,0.76,0.44,0.39,-0.86,-0.525,0
YML050W,-0.325,-0.52,-0.45,-0.38,-0.52,-0.12,0.34,0.46,0.62,0.14,-0.65,0.08,-0.54,-0.21,0.13,0.07,0.01,0.15,0.26,0.25,0.1,0.3,0.2,1
YML051W,-0.25,-0.15,0.015000001,0.18,0.19,0.42,0.2,0.02,0.06,0.19,-0.09,0.23,0.11,-0.03,0.29,-0.02,0.18,0.03,0.65,-0.82,-0.57,-0.19,-0.235,0
YML052W,-2.16,-1.94,-0.68000007,0.58,1.38,1.15,1.32,0.79,0.95,-0.79,-0.97,-0.66,-0.27,-0.14,-0.25,0.65,0.29,0.73,1.81,0.09,0.76,-0.76,-0.76,1
YML053C,0.54499996,0.56,0.575,0.59,0.02,-0.28,-0.28,-0.03,-0.44,0.0,-0.28,0.41,-0.61,0.47,-0.23,-0.06,-0.16,-0.07,-0.36,0.09,-0.78,0.15,0.055000003,0
YML054C,-0.88,-0.99,-0.695,-0.4,-0.47,-0.22,-0.16,0.06,-0.31,0.37,-0.36,-0.44,-0.51,0.0,0.2,0.19,-0.91,0.18,-0.01,0.42,0.61,1.35,1.31,0
YML057W,-0.245,0.07,0.26,0.45,0.21,0.39,0.23,0.25,-0.01,0.23,-0.3,0.29,-0.1,0.28,0.03,0.15,-0.47,0.15,-0.6,-1.22,0.19,0.29,0.29,0
YML058C-A,-0.365,-0.33,-0.13000001,0.07,0.28,0.11,0.26,0.11,-0.11,-0.14,-0.11,0.17,0.33,0.37,0.33,-0.11,0.05,-0.28,0.21,0.03,0.49,-0.25,-0.145,0
YML058W,-1.915,-1.49,-0.27,0.95,1.6,1.43,1.08,0.99,0.74,-1.02,-1.17,-0.96,-0.22,-0.16,0.75,0.8,1.34,1.09,1.01,-0.09,-0.56,-0.83,-0.90999997,1
YML059C,-0.44,-0.5,-0.305,-0.11,0.13,-0.18,-0.22,0.17,0.05,0.23,0.2,-0.04,0.35,0.18,-0.16,-0.13,0.55,-0.46,0.72,0.18,0.45,-0.31,-0.26,0
YML060W,0.53499997,0.96,0.525,0.09,-0.14,-0.14,-0.4,-0.69,-0.14,0.4,0.2,0.59,-0.09,-0.66,0.58,0.03,0.15,-0.38,-0.22,-0.32,-0.02,-0.28,-0.195,1
YML061C,0.595,0.8,0.45000002,0.1,0.25,-0.14,-0.4,-0.34,-0.69,-0.53,0.03,1.13,0.09,0.28,0.62,-0.32,0.12,0.04,0.03,-0.28,0.62,-1.04,-0.71,1
YML063W,0.46499997,0.64,0.6,0.56,-0.17,0.48,0.24,0.49,-0.63,0.42,-0.29,0.42,-0.92,0.38,-0.85,0.28,-0.92,0.4,-1.01,-0.37,-0.63,0.51,0.42000002,0
YML064C,-0.405,-0.26,-0.054999992,0.15,0.09,0.56,0.35,1.25,0.06,0.24,-0.82,-0.6,-0.82,-0.17,-0.55,0.06,0.11,0.85,-0.13,0.61,-0.41,-0.26,-0.14,1
YML065W,0.030000009,0.3,0.51,0.72,0.1,0.46,0.29,0.35,-0.19,-0.28,-0.92,-0.19,0.05,0.32,-0.26,0.48,0.24,0.15,-0.17,-0.31,-0.03,-0.09,-0.315,1
YML066C,-0.505,-0.42,-0.27499998,-0.13,0.45,0.52,0.62,0.34,0.19,-0.33,-0.65,-0.59,-0.47,-0.53,0.48,-0.01,1.06,0.2,1.27,0.1,0.41,-0.63,-0.57,1
YML068W,-1.63,-3.1,-1.4549999,0.19,-0.02,0.32,0.17,0.11,-0.2,-0.16,-0.1,0.72,0.12,0.4,0.51,0.05,0.11,0.11,0.22,-0.14,0.17,0.24,0.17999999,0
YML070W,-0.34,-0.38,-0.185,0.01,-0.59,0.04,-0.28,-0.03,-0.3,0.27,-0.28,0.58,0.02,0.26,-0.15,0.07,0.02,-0.01,0.23,-0.52,0.01,0.46,0.39,0
YML071C,0.345,0.47,0.375,0.28,-0.44,0.52,-0.46,0.35,-0.39,0.15,-0.67,0.04,-1.11,0.38,-0.31,0.33,-0.31,0.07,-0.24,0.25,-0.39,0.56,0.36,0
YML072C,-0.70500004,-0.69,-0.175,0.34,0.39,0.57,0.53,0.36,0.23,-0.28,-0.54,-0.57,0.31,0.15,-0.02,0.37,0.33,0.05,0.07,-0.26,0.52,-0.48,-0.24,1
YML073C,-0.09,-0.1,0.415,0.93,0.06,0.11,0.41,0.09,-0.11,0.11,0.01,0.11,-0.2,0.09,-0.22,-0.2,-0.54,0.0,0.19,0.01,0.07,-0.13,-0.114999995,0
YML074C,1.0550001,1.07,0.76,0.45,-0.56,0.33,-0.56,0.28,-0.7,0.52,-0.5,0.33,-1.53,0.49,-1.04,0.28,-0.56,0.26,-1.04,0.08,-1.35,0.78,0.61,0
YML075C,-0.47,-0.47,-0.17,0.13,0.23,0.17,-0.1,0.16,0.22,0.27,0.17,0.03,0.27,0.03,-0.34,0.06,0.45,-0.19,0.77,-0.17,0.03,-0.28,-0.32999998,0
YML076C,0.345,0.21,0.205,0.2,-0.05,0.16,0.1,0.27,-0.21,0.17,-0.25,0.17,-0.55,0.04,0.13,0.17,-0.44,-0.23,-0.71,-0.38,-0.05,0.25,0.145,0
YML077W,0.089999996,0.19,0.205,0.22,0.08,0.23,-0.12,0.32,-0.08,-0.21,-0.27,0.21,0.08,0.18,-0.24,0.11,-0.32,0.11,-0.44,-0.39,-0.01,0.1,0.035,0
YML078W,-0.45499998,-0.42,-0.935,-1.45,-0.1,0.1,-0.2,0.22,-0.01,0.31,-0.17,0.37,-0.1,0.17,0.01,0.28,0.29,0.48,0.46,-0.31,-0.17,0.19,0.21000001,0
YML080W,0.845,0.62,0.48000002,0.34,-0.27,0.28,0.12,0.47,-0.38,0.33,-0.67,0.16,-0.63,0.36,-0.4,-0.93,0.1,0.17,-0.17,-0.34,-0.77,-0.1,-0.29,0
YML081W,0.19,0.19,0.35999998,0.53,0.41,0.27,0.14,0.07,-0.01,0.07,-0.25,0.13,-0.21,0.29,-0.27,0.32,-0.02,-0.1,0.06,-0.49,-0.51,-0.36,-0.35000002,0
YML082W,0.235,0.1,0.08,0.06,-0.19,0.18,-0.29,0.3,-0.13,0.56,-0.37,0.04,-0.56,-0.18,-0.14,0.42,0.14,0.2,-0.37,-0.21,-0.6,0.18,-0.004999995,0
YML085C,-0.58500004,-0.44,-0.06999999,0.3,0.65,0.51,0.57,-0.05,0.57,-0.75,-0.21,-0.3,0.4,-0.18,-0.11,0.25,0.35,0.25,0.62,0.04,0.13,-0.8,-0.495,0
YML086C,0.055,-0.17,0.009999998,0.19,-0.2,-0.2,0.05,0.03,0.13,0.27,-0.23,0.17,0.03,0.09,0.08,-0.18,-0.52,-0.09,0.22,-0.26,0.62,-0.16,-0.11,0
YML087C,-0.33499998,0.23,0.055000003,-0.12,-0.23,0.24,0.03,0.33,-0.07,-0.05,-0.21,-0.72,0.02,-1.02,0.82,0.15,0.76,0.19,0.28,0.12,0.43,0.1,0.11,0
YML088W,0.47000003,0.28,0.135,-0.01,-0.4,-0.11,-0.66,0.15,-0.49,0.61,-0.24,0.32,-0.4,-0.4,-0.38,0.3,0.06,0.15,-0.17,-0.45,-0.61,0.7,0.49,0
YML090W,-0.335,-0.05,0.014999999,0.08,0.36,0.26,0.21,0.78,0.18,0.33,-0.31,-0.05,-0.17,0.24,-0.05,-0.14,-0.12,0.47,0.08,-0.22,-0.12,0.02,-0.01,0
YML091C,-0.29999998,-0.21,0.07,0.35,0.33,0.43,0.92,0.67,-0.57,0.36,-0.24,-0.23,-0.16,0.17,-0.41,-0.23,-0.07,0.24,-0.16,-0.11,0.31,0.09,0.025000002,0
YML092C,-0.255,-0.18,-0.155,-0.13,-0.18,0.0,-0.56,0.02,-0.37,0.33,-0.33,0.31,-0.31,0.13,-0.26,0.33,0.1,0.5,0.16,-0.37,-0.44,0.58,0.58,0
YML095C,0.135,0.18,0.085,-0.01,0.05,-0.06,-0.43,0.13,-0.16,-0.03,-0.37,0.13,-0.2,0.12,0.06,0.0,0.38,-0.03,0.06,-0.06,-0.01,-0.06,-0.055,0
YML096W,0.36,0.28,0.235,0.19,-0.34,0.0,-0.01,0.05,-0.34,0.14,-0.25,0.09,-0.16,-0.06,0.09,0.18,0.06,-0.18,0.14,0.36,-0.07,-0.35,-0.325,0
YML097C,0.29000002,0.33,0.29000002,0.25,-0.31,0.15,0.0,0.0,-0.53,0.01,-0.41,-0.14,-0.43,0.17,0.19,0.27,-0.18,0.1,0.14,0.15,0.2,0.19,0.044999998,0
YML098W,0.04,0.11,0.065,0.02,-0.18,-0.09,-0.01,-0.24,-0.45,-0.3,-0.27,-0.21,-0.01,0.16,0.65,0.1,-0.1,-0.05,0.1,0.52,0.2,0.0,0.0,0
YML099C,0.075,-0.03,-0.05,-0.07,-0.03,0.08,0.26,0.15,0.11,-0.1,-0.25,-0.04,-0.08,-0.08,0.07,0.07,0.4,-0.38,0.39,0.47,0.23,-0.14,-0.19999999,0
YML100W,-0.59,-0.65,-0.525,-0.4,-0.16,-0.46,-0.3,-0.83,-0.3,-0.51,-0.4,0.29,0.54,0.64,0.74,-0.57,-0.21,-0.6,0.59,0.83,1.18,0.51,0.68,1
YML101C,0.25,0.27,0.105000004,-0.06,-0.02,-0.03,0.13,-0.43,0.12,0.09,0.27,0.72,0.46,-0.18,-0.33,-0.45,0.21,-0.27,0.69,-0.39,0.61,-0.22,-0.315,0
YML102W,0.57,0.56,0.030000001,-0.5,-0.3,-0.71,-0.5,-0.75,0.05,0.43,0.5,0.64,0.36,0.06,0.51,-0.52,-0.25,-0.5,0.2,0.26,0.71,-0.06,-0.22,1
YML103C,-0.445,0.04,0.09,0.14,0.49,0.44,0.02,0.48,0.48,0.35,0.04,0.04,0.04,-0.08,0.04,0.14,0.22,-0.64,0.31,-0.31,0.14,-0.09,-0.21000001,0
YML104C,-0.21,0.02,0.060000002,0.1,0.52,-1.93,0.05,-0.1,-0.14,-0.56,0.02,-0.44,0.27,0.21,0.81,-0.05,0.42,0.15,0.64,0.59,0.88,-0.46,-0.37,0
YML105C,0.34,0.31,0.125,-0.06,-0.26,0.07,-0.12,0.13,-0.53,-0.05,-0.47,0.0,-0.24,0.04,-0.08,0.13,-0.14,0.11,0.07,0.06,-0.28,0.37,0.27,0
YML106W,-0.46499997,-0.41,-0.175,0.06,0.38,0.01,0.51,0.06,0.84,-0.27,0.03,-0.22,0.12,-0.25,0.63,-0.37,0.44,-0.02,0.87,0.24,0.58,-0.66,-0.70500004,0
YML109W,0.79499996,0.94,0.685,0.43,0.07,0.1,-0.39,-0.23,-0.41,0.36,-0.15,0.44,0.13,0.24,0.24,0.11,-0.19,-0.33,-0.41,-0.73,0.11,-0.01,-0.07,1
YML111W,0.29,0.13,-0.060000002,-0.25,-0.17,-0.23,-0.05,0.07,-0.35,0.22,-0.14,0.23,-0.7,-0.07,0.21,-0.01,0.07,0.07,0.57,-0.48,0.62,0.02,-0.115,0
YML113W,0.38,0.27,0.34,0.41,0.19,0.45,0.08,0.18,-0.14,0.22,-0.38,-0.09,-0.4,0.1,-0.12,0.15,-0.01,0.19,-0.34,-0.7,-0.36,-0.27,-0.325,0
YML115C,-0.07,-0.11,0.04,0.19,0.22,0.24,0.03,0.17,-0.15,0.14,-0.22,-0.05,-0.11,0.1,-0.03,0.15,0.1,0.22,-0.52,-0.49,-0.27,0.15,0.050000004,0
YML116W,-0.745,-0.9,-0.53,-0.16,0.15,-0.11,0.46,-0.01,0.02,-0.09,0.38,-0.47,-0.29,-0.23,-0.18,0.05,1.33,0.25,0.45,-0.03,0.34,-0.18,-0.13,1
YML117W,0.045,0.37,0.35500002,0.34,0.1,-0.2,-0.33,-0.12,-0.51,0.1,-0.17,0.17,0.15,0.03,0.19,-0.03,-0.05,-0.26,0.0,-0.15,-0.4,0.45,0.39,1
YML119W,-0.94000006,-0.97,-0.51,-0.05,-0.19,1.06,0.84,1.53,0.3,0.1,-0.97,-0.93,-1.13,-0.85,-0.46,0.58,0.2,0.83,0.42,0.77,-0.05,0.45,-0.00500001,1
YML120C,-1.18,-0.71,-0.24499999,0.22,0.08,0.11,0.15,0.38,0.22,0.15,-0.37,-0.09,-0.19,0.24,0.3,-0.31,-0.2,0.15,0.45,0.68,0.77,0.39,0.41,1
YML121W,-0.31,-0.47,-0.235,0.0,0.06,-0.12,-0.12,-0.01,-0.15,-0.19,0.31,-0.22,-0.26,-0.03,0.04,-0.19,0.04,-0.12,0.31,0.17,0.4,0.17,0.045,0
YML123C,-0.71500003,-0.79,-0.18,0.43,0.61,0.45,0.48,0.5,0.77,0.03,0.1,-0.07,0.11,-0.04,0.38,0.19,0.61,0.19,0.5,-0.77,0.04,-0.89,-0.985,1
YML125C,-0.34,0.04,0.425,0.81,0.33,0.53,0.36,0.18,-0.75,-0.9,-0.87,-0.18,-0.42,0.37,0.63,0.83,0.22,0.62,-0.03,-0.23,-0.16,-0.31,-0.245,1
YML126C,-0.575,-0.53,-0.16999999,0.19,0.3,0.33,0.04,0.22,0.34,0.36,0.24,0.42,0.22,0.24,0.07,0.25,0.01,0.15,-0.22,-0.51,-0.73,-0.09,-0.1,0
YML127W,-0.455,-0.37,-0.004999995,0.36,0.2,0.04,0.14,-0.26,-0.36,-0.26,-0.05,-0.1,0.03,0.32,0.88,0.18,0.34,-0.08,0.38,0.15,0.28,-0.28,-0.29000002,0
YML128C,-0.825,-0.9,-0.63,-0.36,-0.21,-0.32,-0.04,-0.43,-0.26,-0.08,-0.02,-0.12,0.19,0.14,0.67,-0.12,0.36,-0.17,0.32,0.35,0.67,-1.09,-0.11500001,0
YML129C,-0.38,-0.45,-1.035,-1.62,-0.2,-0.78,0.16,-0.34,-0.01,-0.25,-0.01,0.0,-0.21,1.25,0.57,-0.15,0.31,-0.25,0.33,1.13,0.56,0.19,-0.020000003,0
YML130C,-0.36,-0.55,-0.465,-0.38,-0.55,-0.47,-0.47,-0.38,-0.38,-0.11,-0.51,-0.31,-0.51,-0.28,0.28,0.69,0.64,0.49,-0.11,-0.01,0.34,0.81,0.675,0
YML131W,-0.885,-1.03,-0.825,-0.62,-0.16,-0.44,0.47,-0.26,0.04,-0.21,0.16,-0.12,0.1,-0.26,0.61,0.01,0.26,-0.15,0.57,0.56,0.83,0.17,0.125,0
YML132W,-0.26999998,-0.13,-0.07,-0.01,0.51,-0.12,0.09,-0.33,0.36,-0.02,0.51,0.26,0.81,0.03,0.49,-0.2,0.34,-0.31,0.22,-0.86,-0.8,-0.1,-0.105000004,0
YML133C,0.225,-0.14,-0.08,-0.02,-0.32,-0.63,-0.26,-0.17,0.2,0.94,0.66,0.54,0.19,0.12,-0.3,-0.81,-0.12,-0.36,0.15,-0.4,0.31,0.2,0.015000001,1
YMR001C,-1.45,-1.2,-0.110000014,0.98,0.44,0.64,0.17,1.54,0.05,-0.03,-1.3,-1.25,-1.7,0.03,-0.32,1.13,0.53,1.31,0.6,0.89,-0.46,0.2,-0.085,1
YMR002W,-0.985,-0.87,-0.41,0.05,0.2,0.37,0.09,0.31,-0.3,0.04,-0.57,-0.02,-0.55,0.22,0.07,0.54,-0.09,0.61,-0.23,0.27,-0.26,0.73,0.545,1
YMR003W,-0.45999998,0.26,0.795,1.33,0.29,0.56,-0.18,-0.8,-0.77,-1.3,-0.41,-0.41,-0.24,0.86,1.06,1.24,0.94,0.61,0.12,0.02,-0.08,-0.66,-0.58000004,1
YMR004W,-0.04,0.08,0.14,0.2,-0.06,-0.02,-0.18,0.01,-0.51,0.07,-0.62,-0.02,-0.34,0.19,0.03,0.14,-0.51,0.0,-0.36,0.44,-0.25,0.81,0.675,0
YMR005W,0.765,0.65,0.46499997,0.28,-1.05,0.24,-0.98,0.16,-0.98,0.56,-0.48,0.42,-0.62,0.38,-0.68,0.32,-0.41,0.38,-0.65,-0.09,-0.84,0.63,0.505,0
YMR007W,-0.114999995,-0.1,-0.11,-0.12,0.26,0.06,0.41,0.1,0.65,0.32,0.23,0.15,-0.09,-0.36,-0.12,-0.39,0.08,-0.06,0.16,-0.46,0.18,-0.11,-0.19,0
YMR008C,-0.14,-0.13,0.060000002,0.25,-0.74,0.35,-0.06,0.36,-0.09,0.58,-0.22,0.28,-0.39,-0.08,-0.31,0.05,-0.02,0.14,0.23,-0.63,-0.06,0.23,0.175,0
YMR009W,0.00999999,0.35,0.195,0.04,-0.26,-0.19,0.25,0.05,-0.03,0.04,-0.26,0.09,-0.41,-0.07,0.07,-0.28,0.06,0.04,-0.17,0.07,-0.19,0.42,0.285,0
YMR010W,0.14,0.25,0.285,0.32,-0.06,0.15,0.13,0.08,-0.16,0.25,0.0,0.3,-0.11,0.27,0.08,0.06,-0.03,0.0,-0.06,-0.65,-0.32,-0.27,-0.325,0
YMR011W,0.004999995,-1.03,-1.0550001,-1.08,-0.99,-0.71,0.19,0.53,1.25,1.39,0.99,0.29,-0.19,-0.94,0.17,0.03,0.64,0.35,0.58,-0.69,0.39,-0.19,-0.38,1
YMR012W,-0.16499999,-0.13,-0.009999998,0.11,-0.52,0.09,0.48,0.14,-0.5,0.28,-0.07,-0.01,-0.31,0.28,0.07,0.3,-0.87,0.25,-0.55,-0.03,0.16,0.56,0.41,0
YMR013C,-0.205,-0.31,-0.25,-0.19,0.28,-0.93,0.26,0.24,0.54,-0.73,-0.01,0.84,0.56,-0.1,0.3,-0.66,0.2,0.02,0.5,0.02,0.31,0.31,-0.034999996,0
YMR014W,0.82000005,0.56,0.39,0.22,-0.56,0.32,-0.03,0.32,-0.42,0.15,-0.56,-0.3,-0.56,0.38,-0.17,0.52,-0.96,-0.06,-0.67,0.71,-1.17,0.24,0.029999994,0
YMR015C,-1.2850001,-1.33,-0.37500003,0.58,1.02,0.46,0.65,0.47,1.0,0.08,0.19,0.05,0.19,-0.13,0.15,-0.04,0.58,0.02,0.14,-0.73,-0.05,-0.44,-0.52,1
YMR016C,0.47500002,0.49,0.37,0.25,-0.03,0.31,0.44,0.37,0.08,0.03,-0.26,0.01,-0.26,-0.27,0.43,0.25,0.07,-0.1,0.07,-0.2,-0.63,-0.5,-0.615,0
YMR019W,0.105000004,0.36,0.315,0.27,0.5,0.21,0.02,-0.03,-0.05,-0.14,-0.17,-0.57,0.08,0.03,0.25,-0.02,0.05,-0.45,0.24,-0.03,0.23,-0.05,0.014999999,0
YMR020W,-0.055,0.09,0.285,0.48,-0.05,-0.08,-0.05,-0.17,-0.64,-0.27,-0.12,0.21,0.13,-0.05,0.41,0.24,0.1,-0.02,-0.02,-0.31,-0.09,0.18,0.155,0
YMR021C,0.31,0.35,0.2,0.05,-0.09,0.06,-0.26,0.18,-0.31,0.31,0.0,0.43,-0.33,0.08,-0.18,0.06,-0.31,-0.08,-0.22,-0.28,0.1,-0.18,-0.020000003,0
YMR022W,0.08,0.12,0.095,0.07,-0.21,-0.21,-0.09,-0.23,-0.64,0.28,0.24,0.65,0.23,0.13,0.62,-0.26,-0.23,-0.27,0.01,-0.03,-0.13,0.01,-0.02,0
YMR024W,-0.68,-0.68,-0.6,-0.52,-0.7,-0.11,-0.39,0.14,-0.51,0.39,0.04,0.46,-0.15,0.11,0.42,0.32,0.04,0.22,0.18,0.23,0.1,0.62,0.48000002,0
YMR026C,0.07,0.12,0.004999999,-0.11,-0.2,0.11,0.12,0.15,-0.08,-0.07,-0.05,0.31,-0.34,0.29,0.04,-0.08,-0.23,-0.01,-0.13,0.29,0.15,-0.05,-0.035,0
YMR027W,-0.23499998,-0.08,-0.044999998,-0.01,-0.01,-0.04,-0.11,-0.01,-0.42,0.13,-0.26,0.28,-0.19,0.32,-1.03,0.02,0.13,0.22,-0.04,0.19,0.18,0.6,0.52,0
YMR028W,0.35000002,0.27,0.120000005,-0.03,-0.55,0.17,0.05,0.08,-0.4,-0.18,0.15,-0.05,-0.65,0.41,-0.02,-0.29,-0.05,-0.13,0.05,0.37,0.08,0.03,0.105000004,0
YMR029C,0.1,0.31,0.015000001,-0.28,-0.34,-0.53,-0.12,-0.27,0.04,0.31,0.02,0.1,-0.02,0.17,-0.16,-0.16,-0.02,-0.25,0.25,0.25,0.14,0.6,0.445,0
YMR030W,0.585,0.69,0.515,0.34,-0.6,0.53,-0.19,0.3,-0.62,0.38,-0.03,-0.05,-0.7,-0.37,-0.44,0.07,-0.5,0.2,-0.39,-0.25,-0.21,0.44,0.335,0
YMR031C,-1.485,-1.82,-1.2750001,-0.73,-0.67,0.8,0.66,1.39,0.29,0.64,-0.79,-0.59,-1.27,-0.76,-0.7,0.61,0.11,1.0,0.31,1.31,0.04,1.11,0.795,1
YMR032W,-1.49,-1.55,-0.745,0.06,-0.4,1.82,0.92,1.86,-0.26,0.25,-1.03,-1.49,-1.26,-0.98,-0.55,1.23,0.47,1.58,0.37,0.94,0.06,0.75,0.245,1
YMR034C,0.19500001,0.27,0.045,-0.18,0.04,-0.12,0.42,-0.07,0.03,-0.22,-0.33,-0.16,0.16,-0.29,0.3,-0.4,0.57,-0.14,0.39,0.03,0.73,-0.27,-0.23500001,0
YMR036C,-0.089999996,-0.21,-0.245,-0.28,0.32,-0.18,0.56,-0.46,-0.01,0.03,0.05,0.03,0.8,0.31,0.72,-0.49,0.56,-1.3,0.29,0.02,1.25,-1.23,-0.425,0
YMR037C,-0.15,-0.11,0.16499999,0.44,-0.43,0.26,0.41,0.02,-0.58,0.08,-0.16,0.12,-0.04,0.44,0.63,0.21,0.05,-0.01,-0.21,-0.24,-0.17,-0.01,-0.1,0
YMR038C,0.26,0.2,0.115,0.03,-0.18,0.21,-0.3,0.17,-0.49,0.24,-0.55,0.1,-0.63,-0.24,-0.42,0.2,-0.18,0.27,-0.71,0.17,-0.12,0.54,0.445,0
YMR040W,0.38,-0.04,-0.35500002,-0.67,0.37,-0.72,0.01,-0.27,0.31,-0.35,0.01,-0.35,0.1,-0.02,0.54,-0.77,0.43,-0.25,0.28,-0.02,0.89,-0.12,-0.255,0
YMR041C,0.065,0.16,-0.010000005,-0.18,0.08,-0.08,0.06,-0.14,0.09,-0.04,-0.13,0.24,-0.06,0.09,0.43,-0.21,0.06,-0.45,0.31,0.23,0.68,-0.16,-0.225,0
YMR042W,-0.28,-0.38,-0.105,0.17,0.43,0.3,0.39,0.34,0.52,-0.6,-0.18,-0.5,-0.16,-0.33,0.18,0.14,0.52,-0.08,0.65,-0.16,0.4,-0.54,-0.56,0
YMR043W,0.445,0.28,0.225,0.17,-0.09,0.18,-0.11,0.09,-0.58,0.23,-0.51,-0.16,-0.4,0.07,0.17,0.24,-0.33,-0.2,0.03,0.75,-0.8,0.0,-0.115,0
YMR044W,0.35,0.32,0.17999999,0.04,-0.45,0.01,-0.33,0.09,-0.36,0.29,-0.5,0.17,-0.48,0.09,-0.13,0.35,-0.25,0.16,-0.69,-0.05,-0.69,0.75,0.57,0
YMR046C,0.0,-0.09,0.145,0.38,0.1,0.02,0.03,0.43,-0.56,0.38,-0.32,0.23,-0.5,0.17,0.12,0.21,-0.09,0.09,-0.17,0.11,-0.75,-0.11,0.045,0
YMR047C,0.37,0.36,0.37,0.38,-0.57,0.28,0.13,0.07,-0.83,0.36,-0.2,0.13,-0.32,0.18,0.12,0.32,-0.2,-0.06,-0.83,-0.39,0.03,0.3,0.16000001,0
YMR048W,0.39,0.39,0.32,0.25,0.01,-0.05,0.07,-0.12,-0.16,0.16,-0.14,0.21,-0.17,0.07,0.18,-0.21,-0.19,-0.43,0.12,0.32,-0.41,-0.12,-0.11,1
YMR049C,0.88,0.72,0.595,0.47,0.2,0.32,0.09,0.24,-0.06,-0.39,-0.39,-0.06,-1.33,-0.14,-0.18,0.39,0.23,0.08,-0.09,-0.25,-0.43,-0.31,-0.48,0
YMR051C,-0.14999999,-0.24,0.055,0.35,0.08,0.13,0.08,0.44,-0.29,0.31,-0.09,0.14,-0.32,0.17,0.03,0.18,-0.01,-0.14,0.1,0.37,-0.84,-0.27,-0.11500001,0
YMR052W,0.32999998,0.41,0.03999999,-0.33,0.01,-0.18,-0.1,0.21,0.14,-0.68,-0.29,-0.1,-0.12,-0.27,0.35,-0.07,0.35,-0.37,0.03,-0.05,0.68,-0.02,0.04,0
YMR053C,-0.074999996,-0.16,-0.15,-0.14,-0.45,0.04,1.25,-0.01,-0.01,0.04,-0.25,-0.25,-0.58,0.48,0.25,-0.16,-0.07,-0.14,-0.32,0.25,0.4,-0.01,0.015,0
YMR054W,-0.45000002,-0.24,0.085,0.41,0.46,0.44,0.05,0.11,0.11,-0.06,-0.39,-0.07,0.01,0.11,0.12,0.36,0.45,0.09,-0.24,-0.24,-0.1,-0.24,-0.155,0
YMR055C,0.014999993,0.26,0.405,0.55,-0.26,0.5,-0.44,0.1,0.04,0.1,-0.09,0.35,-0.59,0.12,0.65,0.43,0.43,0.32,-0.19,-0.9,-0.46,-0.19,-0.18,1
YMR056C,-0.145,-0.13,0.07000001,0.27,0.67,0.09,0.6,-0.55,0.84,-0.06,0.28,-0.06,0.29,-0.58,0.15,-0.34,0.28,-0.08,0.27,-0.22,0.55,-0.68,-0.63,0
YMR058W,-2.845,-2.91,-2.27,-1.63,-0.88,0.24,1.01,1.28,1.49,0.51,-0.06,-0.26,-0.28,-0.33,0.35,0.9,1.48,1.28,1.21,0.31,0.85,0.42,0.17999999,1
YMR059W,0.33999997,0.16,0.11,0.06,-0.63,0.2,-0.17,0.28,-0.2,0.32,-0.11,0.36,-0.57,0.06,0.04,0.1,-0.14,0.11,-0.28,-0.51,-0.01,-0.01,-0.055,0
YMR061W,0.35,0.25,0.2,0.15,-0.29,0.13,-0.22,0.17,-0.66,0.25,0.88,0.23,-1.37,-0.13,-0.29,0.12,-0.1,-0.06,-0.45,0.06,-0.37,0.57,0.38,0
YMR062C,-0.13000001,0.07,0.05,0.03,0.19,-0.39,-0.14,-0.11,-0.16,-0.24,-0.56,0.81,-0.81,0.18,-0.14,-0.18,0.53,0.15,0.32,0.34,0.36,-0.22,-0.145,0
YMR063W,0.13,0.08,0.145,0.21,-0.18,0.23,-0.12,0.2,-0.08,-0.12,-0.04,-0.06,-0.06,-0.04,0.39,0.15,0.0,-0.04,-0.14,-0.32,0.15,0.0,-0.05,0
YMR064W,0.085,0.06,0.049999997,0.04,0.01,0.22,-0.22,0.16,-0.24,0.28,-0.35,0.16,-0.39,0.06,-0.02,0.06,0.07,-0.96,-0.28,0.2,-0.09,0.35,0.3,0
YMR065W,-0.195,-0.32,-0.28,-0.24,-0.17,0.25,0.19,0.05,-0.36,-0.14,-0.39,-0.46,-0.48,-0.11,0.17,-0.03,-0.01,0.04,0.01,-0.01,0.28,0.68,0.655,0
YMR066W,0.33499998,0.22,0.034999996,-0.15,-0.26,-0.21,0.03,0.04,-0.3,0.13,-0.3,0.13,-0.5,0.04,0.13,-0.26,-0.17,0.03,0.0,0.28,0.21,-0.07,0.044999998,0
YMR072W,-0.11,-0.25,-1.99,-3.73,0.21,-0.38,0.49,0.62,-0.16,-0.05,0.18,0.19,0.21,0.01,0.58,-0.1,0.19,-0.14,0.61,0.41,1.1,-0.36,0.14499998,0
YMR079W,-0.025,0.05,0.22500001,0.4,-0.12,0.36,0.11,0.0,-0.13,0.03,0.35,0.07,0.0,0.08,0.44,0.14,0.02,0.1,-0.54,-0.32,0.08,-0.28,-0.3,0
YMR080C,0.145,0.07,0.21,0.35,-0.19,0.35,-0.11,0.33,-0.06,0.28,-0.19,0.16,-0.21,0.13,0.07,0.36,-0.33,0.1,-0.29,-0.82,-0.5,0.07,0.015000001,0
YMR081C,-0.215,-0.32,-0.35,-0.38,-0.06,0.19,-0.42,0.29,-0.26,0.72,-0.14,-0.03,0.51,-0.35,0.35,-0.07,-0.38,-0.26,0.16,-0.35,0.53,0.59,0.39,0
YMR083W,-0.38,-0.34,-0.255,-0.17,-0.09,-0.07,-0.33,-0.04,-0.17,0.4,-0.18,0.46,0.04,0.33,-0.24,0.13,0.15,0.34,-0.21,-0.37,-0.1,0.32,0.405,0
YMR086W,0.165,-0.04,0.015000001,0.07,-0.69,0.16,-0.6,0.16,-0.66,0.43,-0.33,0.33,-0.1,0.84,-0.28,-0.38,-0.3,0.13,-0.43,-0.06,-0.02,0.45,0.375,0
YMR087W,0.075,0.14,0.095,0.05,0.3,0.18,-0.18,0.06,0.09,0.08,-0.2,0.42,-0.14,0.15,-0.3,-0.07,0.09,-0.04,-0.16,-0.99,-0.12,0.25,0.24000001,0
YMR088C,-0.19,-0.11,0.049999997,0.21,-0.18,0.41,0.73,0.18,0.43,0.14,-0.16,0.02,0.21,0.14,0.39,0.0,0.1,-0.04,0.05,-1.47,-0.06,-0.23,-0.24000001,0
YMR089C,0.055,-0.03,-0.02,-0.01,-0.06,0.01,-0.49,0.01,-0.24,0.44,-0.19,0.35,-0.24,0.34,-0.34,-0.03,0.08,0.05,-0.3,-0.28,-0.01,0.34,0.32999998,0
YMR090W,-0.155,-0.29,-0.19999999,-0.11,-0.36,-2.48,-0.05,0.15,-0.09,0.23,-0.09,-0.03,-0.14,0.23,0.51,0.49,0.22,0.44,-0.17,-0.74,0.16,0.51,0.53999996,0
YMR091C,-0.05,0.0,-0.035,-0.07,-0.24,0.13,-0.09,-0.06,0.06,0.05,-0.17,-0.14,-0.14,-0.17,-0.2,0.09,0.43,-0.07,0.49,-0.37,-0.03,0.36,0.21000001,0
YMR092C,0.114999995,0.04,0.035,0.03,-0.67,0.06,-0.23,0.01,-0.25,0.47,-0.25,0.34,-0.19,0.29,-0.29,-0.07,-0.41,0.21,-0.53,-0.82,-0.05,0.7,0.635,0
YMR093W,0.375,0.12,0.16,0.2,-0.05,0.43,-0.11,0.35,0.02,0.61,-0.42,0.2,-0.78,-0.08,-0.67,0.52,0.14,0.26,-0.25,-0.44,-0.74,-0.12,-0.21000001,0
YMR096W,0.21,0.1,-0.16,-0.42,0.07,-0.64,0.28,-0.17,0.15,-0.42,0.2,0.37,0.28,0.16,0.74,-0.5,0.2,-0.71,0.1,0.08,0.94,-0.38,-0.215,0
YMR097C,0.325,0.39,0.13999999,-0.11,-0.36,-0.34,-0.44,-0.07,-0.13,-0.28,-0.16,0.29,0.03,0.16,-0.04,-0.24,-0.09,-0.51,0.74,-0.01,0.01,0.43,0.43,0
YMR099C,0.47500002,0.46,0.040000007,-0.38,0.12,-0.33,0.03,-0.13,0.18,0.08,-0.19,0.62,-0.47,0.19,-0.15,-0.4,0.02,-0.68,-0.23,-0.17,0.07,0.1,0.025,0
YMR100W,0.009999998,-0.19,-0.13499999,-0.08,0.0,-0.53,0.25,-0.02,-0.12,-0.36,-0.38,0.43,0.18,-0.08,0.5,-0.58,0.4,-0.05,0.39,0.32,0.8,-0.55,-0.19500001,0
YMR101C,0.32999998,0.13,-0.19,-0.51,0.48,-0.29,0.63,0.39,0.92,0.03,-0.48,0.52,-0.26,-0.66,0.3,-0.44,-0.26,-0.81,0.13,0.03,-0.04,-0.37,-0.205,0
YMR102C,0.215,0.5,0.43,0.36,-0.25,0.76,0.13,0.75,-0.49,0.24,-0.4,-0.07,-0.16,-0.09,-0.25,0.43,-0.03,0.48,-0.69,-0.38,-0.49,0.06,-0.049999997,0
YMR103C,0.21999998,0.53,0.094999984,-0.34,0.27,-0.4,0.22,0.04,0.52,0.36,-0.03,0.05,0.1,-0.43,-0.1,-0.64,0.02,-0.3,0.16,-0.52,0.46,0.41,0.25,0
YMR105C,-0.32,-0.38,-0.26,-0.14,-0.05,-0.38,-0.39,-0.12,-0.2,-0.73,-0.24,-0.08,-0.48,0.23,0.54,0.11,0.33,-0.52,0.34,0.4,0.37,0.83,0.61,0
YMR106C,0.155,0.2,0.16499999,0.13,-0.47,0.39,0.11,0.21,-0.01,-0.07,-0.55,-0.07,-0.2,0.13,-0.13,-0.11,-0.05,-0.03,-0.05,-0.34,0.28,0.09,0.020000001,0
YMR108W,-0.02,0.03,0.074999996,0.12,-0.65,0.16,-0.29,0.14,-0.42,0.16,-0.62,0.08,-0.42,0.29,-0.53,0.59,0.05,0.58,-0.11,-0.39,-0.16,0.43,0.385,0
YMR109W,0.004999999,-0.12,0.004999999,0.13,0.0,0.32,0.19,0.27,0.0,0.04,-0.7,-0.21,0.43,-0.12,-0.15,-0.1,0.08,0.08,0.35,-0.24,0.13,-0.21,-0.285,0
YMR110C,-0.34499997,-0.16,0.095,0.35,-0.05,0.28,-0.16,0.34,-0.49,0.14,-0.57,0.28,-0.17,0.62,-0.05,0.1,-0.32,0.08,-0.04,-0.72,0.38,0.32,0.34,0
YMR112C,0.45499998,0.45,0.21499999,-0.02,-0.25,-0.09,-0.09,0.25,-0.31,-0.01,-0.33,0.04,-0.42,0.47,-0.13,-0.09,-0.06,0.08,-0.67,-0.25,-0.02,0.29,0.21,0
YMR113W,-0.12,0.0,0.1,0.2,0.05,0.2,-0.04,0.01,0.01,0.03,-0.44,0.43,0.08,0.29,-0.61,0.09,0.48,0.13,0.0,-0.22,-0.39,0.0,0.085,0
YMR114C,0.24000001,0.12,-0.055000003,-0.23,-0.23,-0.12,-0.07,0.04,-0.14,-0.04,-0.42,0.15,-0.47,-0.1,0.18,-0.23,-0.26,0.12,-0.15,-0.07,0.15,0.3,0.27,0
YMR116C,-0.235,-0.15,-0.065000005,0.02,0.81,0.22,0.63,0.21,0.87,0.11,0.34,-0.01,0.19,-0.38,0.18,-0.55,0.34,-0.14,0.6,-1.15,0.34,-0.66,-0.52,0
YMR118C,0.225,0.21,0.325,0.44,0.35,0.22,0.08,-0.03,-0.14,0.22,0.0,0.24,0.24,0.42,0.5,0.22,-0.51,-0.26,-0.37,-1.03,-0.28,-0.28,-0.26999998,0
YMR119W,-0.22,-0.2,-0.075,0.05,0.76,0.02,-0.2,-0.01,0.18,0.11,0.05,0.61,-0.03,0.0,-0.44,-0.15,0.23,-0.2,0.25,-0.18,0.05,-0.1,-0.135,0
YMR120C,-0.44,-0.41,-0.16,0.09,0.03,-1.17,0.23,-0.35,-0.17,-0.33,-0.19,0.38,-0.07,0.54,0.21,-0.43,0.01,0.57,-0.18,0.22,1.0,-0.16,0.11,0
YMR121C,-0.049999997,0.11,0.015000001,-0.08,0.18,0.15,0.4,0.37,-0.44,-0.05,-0.24,0.24,-0.19,0.31,0.21,-0.54,-0.21,-0.1,0.2,0.27,0.16,-0.08,-0.18,0
YMR123W,-0.045,-0.17,-0.225,-0.28,0.28,0.05,0.24,0.12,-0.59,0.05,-0.16,0.19,-0.03,0.02,0.37,-0.34,0.16,-0.11,0.42,-0.24,0.35,-0.23,-0.275,0
YMR125W,0.0,-0.14,-0.13,-0.12,-0.07,-0.01,0.11,0.19,-0.08,-0.05,-0.23,0.08,-0.14,0.04,0.13,-0.14,0.11,-0.56,0.23,0.08,0.44,0.13,-0.030000001,0
YMR128W,0.91999996,0.67,0.58500004,0.5,-0.41,0.57,0.03,0.58,-1.24,0.47,-0.38,-0.11,-0.82,0.17,-0.69,0.39,-0.26,0.31,-1.24,-0.07,-0.6,0.23,-0.014999993,0
YMR129W,-0.015000004,-0.15,0.17999999,0.51,0.25,0.38,0.44,0.25,-0.62,0.16,-0.02,-0.02,-0.29,0.15,0.34,0.3,0.28,0.05,-0.7,-0.82,-0.05,-0.09,-0.21000001,0
YMR134W,0.275,0.27,0.27,0.27,0.1,-2.64,0.32,0.1,-0.31,0.49,-0.31,1.0,-0.14,0.34,-0.25,0.19,0.08,0.19,-0.23,0.24,0.35,0.31,0.185,0
YMR135C,0.39,0.26,0.22999999,0.2,-0.07,-0.14,0.0,-0.07,-0.12,-0.14,-0.31,0.82,-0.26,1.12,-0.1,-0.67,-0.12,-0.51,-0.44,-0.67,0.3,-0.2,-0.07,0
YMR136W,0.195,-0.32,-0.255,-0.19,-0.51,-0.3,-0.86,-0.07,-0.74,0.35,-0.24,0.22,-0.46,-0.07,-0.2,0.6,0.12,0.21,-0.14,0.15,-0.03,0.31,0.24000001,0
YMR138W,0.13,0.26,-0.050000012,-0.36,-0.06,-0.18,-0.27,-0.01,-0.2,0.15,-0.27,0.24,-0.32,-0.06,-0.25,-0.18,0.23,0.1,0.07,0.29,0.24,-0.1,0.004999999,0
YMR139W,-0.34,-0.17,-0.065,0.04,-0.11,0.06,-0.07,0.06,-0.28,0.27,-0.3,0.19,-0.09,0.34,-0.65,-0.17,0.16,0.32,-0.03,-0.17,0.28,0.56,0.475,0
YMR140W,-0.02,-0.07,-0.035,0.0,-0.03,0.15,-0.58,-0.12,-0.26,0.3,-0.22,0.12,-0.26,-0.12,-0.17,-0.22,-0.03,-0.24,-0.19,0.4,0.18,0.5,0.45999998,0
YMR141C,0.13499999,0.11,0.16499999,0.22,-0.07,0.46,0.06,0.24,-0.18,0.39,-0.26,-0.02,-0.33,-0.26,-0.22,-0.2,-0.38,0.02,-0.53,-0.43,-0.07,0.44,0.39499998,0
YMR144W,0.089999996,0.41,0.39,0.37,0.54,0.21,-0.28,-0.37,-0.39,-0.17,-0.28,0.44,-0.22,0.25,0.19,0.11,0.25,-0.11,0.06,0.09,-0.09,-0.19,-0.1,1
YMR145C,-1.23,-1.02,-0.33999997,0.34,0.73,0.78,0.89,0.77,0.74,0.3,-0.22,-0.23,-0.26,-0.13,0.28,0.37,0.41,0.33,0.41,-0.73,-0.19,-0.33,-0.405,1
YMR146C,0.51,0.52,0.315,0.11,-0.03,0.19,-0.6,0.21,-0.56,0.37,-0.31,0.21,-0.65,0.04,-0.52,0.05,-0.22,0.27,-0.31,0.23,-0.48,0.33,0.19000001,0
YMR147W,-0.255,-0.55,-0.365,-0.18,-0.01,0.11,0.39,0.42,0.63,-0.15,-0.8,0.26,0.11,0.05,0.09,-0.2,0.2,-0.14,0.71,0.05,0.52,-0.61,-0.665,0
YMR148W,-0.475,-0.64,-0.525,-0.41,0.06,-0.14,0.11,0.17,0.4,-0.56,-0.43,0.11,0.35,0.13,0.57,-0.52,0.87,-0.24,0.87,-0.21,0.5,-0.01,-0.125,0
YMR150C,-0.225,-0.19,-0.13499999,-0.08,-0.02,-0.1,-0.05,0.21,0.11,-0.26,-0.33,-0.04,-0.02,0.06,0.19,-0.07,0.48,0.11,0.2,-0.29,0.35,0.2,-0.019999996,0
YMR152W,-0.3,-0.4,-0.365,-0.33,-0.24,-0.62,-0.31,0.22,0.2,-0.2,0.14,0.18,0.26,0.38,0.39,-0.8,0.48,-0.48,0.39,0.15,0.61,-0.11,-0.085,0
YMR153W,0.25,0.24,0.14999999,0.06,-0.16,-0.39,0.07,-0.49,-0.1,-0.2,-0.18,0.76,-0.16,0.98,-0.44,-0.22,0.15,0.11,0.3,0.07,0.46,-0.18,-0.255,0
YMR156C,-0.005000001,-0.05,-0.05,-0.05,0.41,-0.64,0.3,-0.13,0.36,-0.57,0.03,0.34,0.14,0.21,0.66,-0.76,0.98,-0.53,0.65,0.06,0.41,-0.82,-0.65,0
YMR157C,-0.545,-0.62,-0.505,-0.39,-0.32,-0.72,-0.01,0.0,0.2,0.01,0.27,0.83,0.37,-0.06,0.19,-0.44,0.41,-0.01,0.66,-0.01,0.16,0.33,0.4,0
YMR158W,-0.35500002,-0.37,-0.56,-0.75,-0.42,-0.49,-0.27,0.15,0.01,-0.08,-0.24,0.3,-0.92,0.34,0.33,-0.17,0.47,0.09,0.05,0.85,0.48,0.51,0.26999998,0
YMR160W,-0.044999998,-0.03,-0.04,-0.05,0.21,-0.1,-0.15,-0.24,-0.37,-0.05,-0.08,0.25,0.17,0.31,0.25,-0.41,0.43,-0.45,0.31,-0.39,0.23,0.2,0.26500002,0
YMR161W,0.14,0.11,0.035,-0.04,0.04,0.06,0.15,0.08,-0.08,0.04,-0.15,0.21,-0.15,0.12,-0.35,-0.06,-0.04,0.06,-0.13,-0.56,-0.01,0.33,0.21000001,0
YMR162C,-0.010000005,-0.18,-0.26,-0.34,0.62,-0.25,0.11,0.14,-0.03,-1.03,0.26,0.27,0.15,0.14,0.14,-0.62,0.09,0.08,0.69,0.06,0.88,-0.18,-0.050000004,0
YMR163C,0.055000007,0.3,0.405,0.51,0.58,0.49,0.37,0.0,-0.41,-0.28,-0.61,0.35,-0.05,0.39,-0.01,0.3,0.05,-0.01,-0.11,-0.52,0.05,-0.3,-0.3,1
YMR164C,-0.275,-0.01,0.01,0.03,-0.06,-0.18,0.03,-0.2,-0.43,0.02,-0.08,-0.13,0.22,0.18,0.23,-0.13,0.41,-0.05,0.5,0.23,0.48,-0.1,-0.08,0
YMR165C,0.28500003,0.3,0.365,0.43,-0.46,0.3,-0.68,0.25,-0.89,0.6,-0.16,0.25,-0.41,0.08,0.03,0.38,-0.16,0.27,-1.05,-0.53,0.13,0.48,0.375,0
YMR166C,-0.22,-0.13,-0.034999996,0.06,0.05,-0.28,-0.62,0.3,-0.01,-0.56,0.03,0.29,0.08,0.13,0.27,-0.27,0.32,-0.02,0.05,-0.24,0.42,0.08,0.38,0
YMR167W,0.125,0.11,-0.030000001,-0.17,0.22,-0.03,-0.21,-0.34,-0.06,-0.12,-0.17,-0.45,0.14,0.08,0.75,-0.63,0.5,-0.32,0.29,0.3,0.44,0.09,-0.04,0
YMR168C,0.205,0.29,0.17,0.05,0.23,0.03,0.35,0.44,-0.4,0.01,-0.52,0.48,-0.3,0.15,0.0,-0.4,-0.1,-0.35,0.21,-0.52,0.13,0.03,0.005,0
YMR169C,-0.145,-0.28,-0.29000002,-0.3,0.12,-0.15,0.67,-0.24,0.55,-0.52,0.33,0.6,-0.14,0.14,0.67,-0.86,0.5,0.08,0.6,0.44,1.16,-1.07,-0.64500004,0
YMR170C,-0.51,-0.43,-0.245,-0.06,0.12,-0.13,-0.36,-0.18,-0.29,0.22,-0.13,0.04,-0.45,0.18,0.1,0.1,0.14,-0.12,-0.05,0.14,0.15,0.42,0.505,0
YMR171C,0.17,0.19,0.26,0.33,0.23,0.11,0.05,0.06,-0.29,-0.04,-0.25,0.17,-0.07,0.21,-0.15,0.15,0.11,0.06,-0.27,-0.74,-0.18,0.09,0.040000003,0
YMR172W,0.005000003,-0.13,-0.2,-0.27,0.17,-0.03,-0.19,0.02,-0.12,0.14,0.07,-0.01,-0.03,-0.08,-0.1,-0.06,0.18,-0.08,0.26,0.12,0.18,-0.04,-0.06,0
YMR173W,0.21000001,0.02,-0.155,-0.33,-0.28,-0.5,0.06,-0.61,-0.36,-0.33,-0.18,-0.28,-0.29,0.76,-0.37,0.0,-0.4,-0.04,0.05,0.66,0.56,0.5,0.515,0
YMR174C,0.19,0.14,-0.089999996,-0.32,-0.4,-0.17,0.13,-0.5,-0.65,-0.2,0.06,-0.2,-0.17,0.14,0.13,-0.15,0.33,-0.36,-0.04,-0.1,0.72,0.18,0.20500001,0
YMR176W,0.28,0.1,-0.025000002,-0.15,0.06,0.17,-0.13,0.17,-0.24,-0.15,0.1,-0.11,-0.07,0.28,-0.36,-0.57,0.3,0.01,0.44,0.18,-0.31,-0.31,-0.004999995,0
YMR177W,0.505,0.34,0.19500001,0.05,-0.4,-0.3,-0.12,-0.13,-0.65,0.49,0.0,0.3,-0.2,0.26,-0.36,0.3,0.14,-0.09,-0.18,0.0,0.21,0.24,0.145,0
YMR178W,-0.185,-0.51,-0.19999999,0.11,-0.23,-0.16,-0.49,-0.09,-0.41,0.23,-0.21,0.24,0.03,0.21,0.07,-0.08,-0.02,-0.16,0.14,0.0,-0.14,0.66,0.455,0
YMR179W,1.005,0.45,0.08499999,-0.28,-1.04,-1.49,-0.37,-0.6,-0.6,0.85,0.41,0.98,0.43,1.71,-0.3,-0.15,-0.72,-0.27,-0.02,0.13,0.49,-0.07,-0.16,1
YMR180C,0.43,0.25,-0.14500001,-0.54,0.12,-0.28,-0.17,-0.41,-0.17,-0.17,-0.17,1.0,0.07,0.16,0.14,-0.16,0.09,-0.5,0.47,-0.04,0.23,-0.2,-0.2,0
YMR181C,0.040000003,-0.01,-0.28,-0.55,0.23,0.0,0.24,-0.16,0.17,-0.03,-0.3,0.02,0.02,0.32,0.29,-0.5,-0.29,0.09,0.87,-0.26,0.9,-0.21,-0.054999996,0
YMR182C,-0.12,-0.26,-0.13,0.0,0.02,-2.07,-0.34,-0.2,0.36,-0.06,-0.11,0.53,0.23,0.09,0.54,-0.07,0.94,0.15,0.53,-0.2,0.3,-0.2,-0.2,0
YMR183C,-0.45000002,-0.23,-0.07,0.09,-0.09,0.48,0.49,0.49,-0.36,-0.09,-0.53,-0.13,-0.39,1.14,-0.15,0.45,0.06,0.57,0.3,0.34,0.31,-1.67,-0.815,1
YMR184W,-0.08,0.09,-0.030000001,-0.15,0.04,-0.51,-0.44,-0.48,-0.29,-0.23,-0.33,0.9,0.02,0.07,-0.35,-0.31,0.01,-0.25,1.5,-0.12,0.16,0.3,0.185,0
YMR186W,-1.005,-1.1,-1.05,-1.0,-1.1,-0.82,-1.91,-0.66,-1.0,-0.52,-1.0,-0.45,-0.91,-0.26,0.0,0.9,0.52,1.14,1.48,1.69,0.61,1.96,1.7650001,0
YMR187C,-0.060000002,0.05,0.165,0.28,-0.53,0.19,-0.15,-0.01,-0.66,0.11,0.4,0.01,-0.3,0.05,0.32,0.19,0.13,0.16,-0.12,-0.32,0.36,0.13,0.044999998,0
YMR188C,-0.025,-0.1,-0.26,-0.42,-0.36,-0.53,-0.05,-0.25,-0.15,0.02,0.2,0.24,-0.36,0.73,0.23,-0.32,-0.29,-0.38,-0.39,0.15,0.12,0.63,0.56,0
YMR189W,-2.3,-2.07,-1.585,-1.1,-0.31,-0.33,0.08,-0.02,0.27,-0.61,-0.62,-0.2,-0.88,0.29,0.76,0.78,1.03,0.97,0.91,0.97,1.27,0.75,0.78999996,1
YMR190C,0.155,-0.04,0.14500001,0.33,0.48,0.08,0.08,-0.25,0.29,-0.25,1.13,-0.39,0.02,-0.03,0.37,-0.82,0.4,0.0,0.18,0.49,-0.07,-0.88,-0.59000003,0
YMR191W,-0.90500003,-1.08,-0.09500003,0.89,0.27,0.03,-0.06,0.36,-0.13,0.05,-0.11,-0.14,-0.29,-0.04,-0.24,0.26,0.15,0.22,0.68,-0.13,0.24,-0.28,-0.14,0
YMR193W,0.099999994,0.08,0.615,1.15,-0.73,-2.23,0.1,-2.6,-0.8,0.42,0.56,1.04,-0.4,0.61,-0.93,-0.06,-0.64,0.2,-0.71,1.48,-0.21,1.54,0.72499996,0
YMR197C,-0.3,-0.15,-0.080000006,-0.01,-0.12,-0.09,-0.04,0.01,-0.24,0.31,-0.34,0.17,-0.57,0.25,0.12,0.01,-0.33,-0.16,0.02,-0.07,0.04,0.62,0.53499997,0
YMR198W,0.034999996,0.52,0.77,1.02,0.01,0.43,-0.01,0.09,-0.93,-0.66,-0.51,0.07,-0.11,0.49,0.36,0.68,0.16,0.36,-0.45,-0.37,-0.01,-0.14,-0.075,1
YMR199W,1.02,0.83,0.5,0.17,0.01,-0.59,-0.93,-1.31,-1.19,0.2,1.08,0.99,0.93,0.86,0.23,-0.5,2.22,-0.45,-0.58,-0.58,-0.28,-0.39,-0.35,1
YMR200W,0.26999998,0.35,0.385,0.42,-0.7,0.08,0.13,-0.38,-0.56,0.15,0.12,0.49,0.11,0.67,-0.2,0.01,-0.32,-0.11,-0.12,-0.42,0.07,-0.08,-0.014999999,0
YMR202W,-0.96500003,-0.95,-0.5,-0.05,0.67,0.53,0.59,0.49,0.95,-0.09,0.24,-0.67,0.29,-0.24,0.58,-0.07,0.54,0.05,1.16,-0.59,0.03,-0.46,-0.575,1
YMR203W,-0.64,-0.6,-0.29500002,0.01,0.24,-3.2,0.56,0.18,0.83,-2.79,0.44,0.4,0.64,0.52,0.9,0.12,1.01,0.28,0.76,-0.1,0.83,0.04,-0.005000001,0
YMR211W,0.075,-0.19,-0.065,0.06,-0.19,-0.03,0.58,0.4,-0.19,0.14,0.02,0.29,-0.2,0.21,-0.08,-0.01,-0.12,-0.1,0.21,0.18,-0.19,-0.42,-0.37,0
YMR213W,0.655,0.45,0.35,0.25,-0.94,0.32,-0.75,0.24,-1.32,0.48,0.04,0.09,-0.62,0.0,-0.44,0.46,-0.62,0.52,-0.88,0.07,-0.67,0.6,0.47000003,0
YMR214W,0.32999998,0.37,0.275,0.18,-0.1,0.27,-0.23,-0.16,-0.62,0.35,-0.38,0.35,-0.36,0.22,-0.28,0.27,-0.23,0.09,-0.58,-0.21,-0.44,0.29,0.235,0
YMR215W,-0.9,0.11,0.7,1.29,0.92,0.7,0.51,-0.04,-0.61,-1.18,-0.87,0.02,0.29,1.33,1.15,-0.8,0.83,0.9,1.13,-0.58,-0.4,-0.74,-0.27,1
YMR222C,0.28,0.14,-0.12499999,-0.39,-0.07,-0.41,0.07,-0.03,0.2,0.12,-0.09,1.29,-0.28,0.22,-0.07,-0.49,-0.09,-0.01,-0.09,-0.84,0.06,-0.09,0.014999997,0
YMR224C,0.20500001,0.33,0.17,0.01,0.04,-0.14,0.43,0.15,-0.21,0.12,-0.33,0.82,-0.62,0.07,0.28,-0.14,-0.02,-0.14,0.03,-0.43,0.28,-0.11,-0.14,0
YMR229C,0.29,0.21,0.39,0.57,-0.21,0.02,-0.35,0.21,-0.41,0.18,-0.22,-0.21,0.96,-0.08,-0.43,-0.26,-0.06,0.47,0.0,-0.09,-0.33,-0.41,-0.089999996,0
YMR235C,0.53,0.47,0.21,-0.05,-0.28,0.42,0.15,0.36,-0.35,0.32,-0.7,0.46,-0.51,0.04,-0.59,0.0,-0.18,0.2,-0.49,-0.35,-0.76,0.24,0.195,0
YMR237W,0.049999997,0.08,0.0,-0.08,-0.37,0.05,-0.12,-0.03,-0.35,0.16,-0.13,0.25,0.08,0.21,-0.19,-0.05,-0.12,-0.06,0.04,0.1,-0.1,0.28,0.205,0
YMR238W,0.24000001,0.74,0.81,0.88,0.74,0.31,-0.14,-0.33,-0.33,-0.43,-0.2,0.6,0.5,0.42,0.49,0.2,-0.1,-0.23,-0.58,-1.33,-0.81,-0.22,-0.19,1
YMR246W,0.58500004,-0.05,-0.085,-0.12,-1.1,-0.75,-1.14,-0.97,-0.65,0.3,-0.36,1.02,-0.41,-0.01,-0.08,0.43,0.37,0.11,0.22,-0.28,0.11,0.32,0.36,1
YMR247C,-0.085,-0.17,-0.060000002,0.05,0.57,-0.51,0.36,-0.26,0.19,-0.19,0.49,0.89,0.11,0.23,-0.02,-0.81,-0.42,0.39,0.11,-0.03,0.22,-0.55,-0.17000002,0
YMR250W,-0.89,-1.07,-0.69500005,-0.32,0.01,-0.99,-0.63,-0.56,-0.06,0.13,-0.34,0.41,0.23,0.46,0.04,-0.53,-0.1,-0.01,0.25,-0.22,0.77,0.99,0.765,0
YMR251W,-0.24,-0.22,-0.15,-0.08,0.16,0.04,0.63,0.14,0.29,-1.0,-0.65,-0.4,0.05,-0.26,0.68,0.32,0.58,0.15,0.53,-0.49,0.83,-0.38,-0.255,0
YMR252C,-0.265,-0.21,-0.08499999,0.04,0.18,-0.08,0.11,0.09,-0.04,0.19,-0.07,0.33,0.0,0.42,0.23,0.03,-0.03,0.16,-0.06,-0.8,0.26,0.17,0.155,0
YMR253C,-0.645,-0.82,-0.565,-0.31,-0.39,0.06,0.97,0.21,-0.11,0.26,0.02,-0.12,-0.11,-0.33,0.34,0.23,0.1,0.14,0.11,0.01,0.24,0.31,0.24000001,1
YMR256C,-0.305,-0.25,-0.225,-0.2,0.18,-0.43,0.45,0.1,-0.14,0.34,0.33,-0.02,0.05,0.52,0.25,-0.27,-0.28,0.54,-0.41,0.46,0.54,-1.41,-0.65,0
YMR263W,0.27,0.17,0.19,0.21,-0.2,0.09,-0.7,-0.16,-0.37,0.04,-0.58,0.44,0.22,1.01,0.21,0.23,-0.37,-0.06,-0.31,0.04,0.09,-0.02,-0.02,0
YMR264W,0.155,0.17,0.25,0.33,0.36,0.08,-0.19,0.22,0.06,0.32,-0.26,0.41,-2.58,0.05,0.05,-0.05,0.18,0.38,-0.17,-0.49,0.14,0.13,0.08,0
YMR265C,0.425,0.34,0.49,0.64,-0.04,0.35,-0.37,0.31,-0.94,0.16,-0.37,0.11,-0.02,0.27,0.27,0.21,0.26,0.11,-0.19,-0.72,-0.02,-0.01,-0.58,0
YMR266W,-0.13499999,-0.29,-0.074999996,0.14,0.44,0.47,0.14,0.39,0.26,-0.12,0.04,-0.04,0.13,-0.33,0.6,-0.25,0.33,-0.24,0.05,-0.64,0.25,-0.37,-0.4,0
YMR267W,0.065,0.05,0.095,0.14,-0.98,0.37,-0.71,0.19,-1.08,0.36,-0.45,0.31,-0.47,0.38,-0.01,0.55,-0.08,0.56,-0.91,-0.77,-0.31,0.78,0.735,0
YMR268C,-0.004999995,-0.16,-0.074999996,0.01,0.27,-0.16,0.46,-0.03,-0.18,-0.23,0.01,1.07,-0.02,0.56,0.82,-0.7,0.32,-0.37,0.22,-0.1,-0.23,-0.7,-0.515,0
YMR269W,1.12,0.88,0.43,-0.02,-0.94,0.49,-0.21,0.56,-0.26,0.54,-0.28,0.19,-0.38,0.06,-1.54,0.4,-1.21,0.57,-1.79,-0.47,-1.03,0.63,0.45499998,0
YMR270C,0.28,0.41,0.215,0.02,0.18,0.14,-0.14,-0.16,-0.52,-0.11,-0.74,0.26,-0.45,0.3,0.11,0.14,-0.2,0.07,-0.39,-0.29,1.26,-0.06,-0.06,0
YMR271C,-0.34,-0.27,-0.275,-0.28,0.49,-0.37,0.4,-0.13,0.39,0.0,0.09,-0.37,-0.17,-0.27,0.44,0.12,0.16,0.29,-0.34,-0.6,0.6,-0.11,0.024999999,0
YMR272C,-0.565,-0.4,-0.165,0.07,0.55,0.36,0.08,0.16,0.35,0.25,-0.02,0.28,0.14,0.0,0.09,0.04,0.45,0.08,0.23,-0.72,0.12,-0.06,-0.115,0
YMR273C,0.105000004,0.04,0.25,0.46,0.48,-0.44,0.23,-0.32,-0.12,-0.36,-0.04,0.43,0.11,0.22,0.01,-0.79,0.98,-0.44,-0.23,-0.11,0.31,-0.21,-0.19,0
YMR274C,-0.24000001,-0.08,0.23500001,0.55,-0.06,0.48,0.54,0.4,0.09,0.14,-0.35,-0.06,0.07,-0.24,0.9,0.44,0.66,0.26,-0.29,-1.5,-0.03,-0.44,-0.5,0
YMR275C,0.11,-0.02,0.035000004,0.09,0.15,-0.02,0.06,0.01,0.08,0.2,-0.2,0.69,-0.4,0.27,-0.04,-0.13,-0.02,-0.17,-0.07,-0.31,0.05,-0.07,-0.145,0
YMR276W,0.2,0.35,0.55,0.75,-0.78,0.72,-0.82,0.35,-1.09,0.46,-1.09,0.28,-0.7,0.35,-0.52,0.67,-0.19,0.81,-1.09,-0.66,-0.19,0.65,0.65999997,0
YMR277W,0.46,0.49,0.57,0.65,0.32,0.49,-0.21,0.11,-1.41,0.23,-0.3,0.22,-0.44,0.28,-0.59,0.43,0.16,0.19,-0.54,-0.37,-0.49,0.09,-0.049999997,0
YMR278W,-0.11,0.02,0.35,0.68,0.18,0.41,0.18,0.1,-0.92,0.1,-0.18,0.02,-0.18,0.35,0.05,0.21,-0.48,0.17,-0.55,-0.8,0.0,0.28,0.2,1
YMR279C,-0.19,-0.1,-0.15,-0.2,0.63,-0.94,0.05,-0.2,-0.37,-0.22,0.08,0.81,-0.2,0.28,0.46,-0.63,2.67,-0.51,0.41,0.12,0.36,-0.7,-0.65,0
YMR281W,0.36,0.25,0.14,0.03,-0.14,-0.02,-0.14,0.08,-0.05,0.08,-0.22,0.3,0.03,-0.03,0.01,-0.26,0.25,-0.05,-0.2,-0.31,0.27,-0.28,-0.195,0
YMR282C,0.195,0.08,-0.065,-0.21,-0.21,-1.4,0.25,-0.09,-0.1,0.08,-0.12,0.25,0.14,0.0,0.12,-0.26,-0.09,-0.28,0.16,0.51,0.42,0.19,0.12,0
YMR284W,-0.055,-0.11,0.115,0.34,-0.02,0.2,-0.11,0.35,-0.08,0.23,-0.31,-0.16,-0.62,0.16,-0.06,-0.1,-0.13,0.15,-0.21,-0.58,0.19,-0.06,0.26,0
YMR285C,0.235,0.28,0.305,0.33,-0.28,0.33,-0.3,0.35,-0.21,0.02,-0.58,-0.15,-0.58,-0.18,-0.44,0.13,-0.02,0.12,0.0,0.49,-0.23,0.22,0.115,0
YMR286W,-0.114999995,-0.07,0.024999999,0.12,-1.14,-0.1,-0.28,0.21,-0.97,0.54,-0.01,0.55,-0.37,0.37,-0.33,0.31,-0.42,0.3,-0.79,0.22,-0.58,0.75,0.73,0
YMR287C,0.044999998,-0.03,-0.345,-0.66,0.27,-1.37,0.28,-0.99,0.42,0.38,-0.27,0.5,0.2,0.45,0.46,-1.54,0.19,-1.45,0.55,0.98,0.48,0.48,0.375,0
YMR291W,0.029999997,-0.07,-0.015000001,0.04,0.47,0.19,0.3,0.14,0.14,-0.54,-0.79,0.09,-0.1,-0.07,0.82,-0.06,0.36,-0.08,-0.19,0.05,0.42,-0.06,-0.11,0
YMR294W,0.15,0.21,0.095,-0.02,-0.33,0.46,0.21,0.35,-0.2,-0.05,-0.07,-0.21,-0.53,0.38,-0.2,0.22,-0.51,-0.02,-0.85,-0.09,-0.27,0.46,0.385,0
YMR296C,0.43,0.35,0.33499998,0.32,-0.43,0.5,-0.31,0.23,-0.25,0.66,0.09,0.7,-0.34,0.32,-0.05,0.04,-0.38,0.11,-0.84,-1.13,-0.78,0.0,-0.055,0
YMR298W,-0.02,0.07,0.215,0.36,-0.57,0.38,-0.14,0.24,-0.66,0.2,-0.51,0.17,1.42,0.24,0.16,0.25,-0.68,0.32,-1.06,-0.7,-0.7,0.32,0.31,0
YMR300C,0.71000004,0.57,0.39499998,0.22,-0.65,0.46,-0.08,0.28,-0.6,0.39,-0.39,0.2,-0.81,0.13,-0.12,0.34,-0.37,0.45,-0.57,-0.76,-0.93,0.14,0.15,0
YMR304W,0.205,-0.03,0.060000002,0.15,-0.4,0.08,0.12,0.23,-0.21,0.26,-0.06,0.0,-0.33,0.07,-0.14,0.02,-0.17,0.09,-0.34,-0.27,0.02,0.09,0.035000004,0
YMR306W,0.04,-0.14,0.034999996,0.21,0.1,-0.21,0.15,-0.32,-0.07,-0.07,0.15,0.28,0.44,0.35,0.56,-0.52,0.34,-0.11,0.51,-0.46,0.63,-0.7,-0.58,0
YMR307W,0.15,0.36,0.41500002,0.47,0.72,0.08,0.03,-0.59,-0.08,-0.09,0.38,0.68,0.96,0.46,0.34,-0.12,0.34,-0.08,-0.02,-1.37,-0.76,-0.5,-0.47,1
YMR308C,0.345,0.18,0.055000003,-0.07,0.19,-0.07,0.16,0.13,0.39,0.18,0.23,-0.12,-0.02,-0.55,0.12,-0.22,0.07,-0.28,0.18,0.12,0.0,-0.28,-0.39,0
YMR309C,0.43,0.28,0.365,0.45,-0.32,0.23,-0.58,0.29,-0.2,0.24,-0.26,0.16,-0.22,0.02,-0.42,-0.04,0.2,-0.04,-0.15,-0.13,-0.1,-0.03,-0.155,0
YMR310C,0.53,0.31,0.28,0.25,0.2,0.35,0.32,0.56,0.23,0.28,0.0,0.5,-0.36,0.0,0.11,0.04,0.23,-2.12,0.07,-0.44,-0.69,-0.34,-0.41,0
YMR311C,0.435,0.46,0.11000001,-0.24,-0.85,-0.47,-0.75,-0.28,-0.6,0.21,-0.47,0.29,-0.47,0.33,-0.51,0.6,-0.17,0.02,-0.8,0.4,0.09,0.97,0.935,0
YMR312W,0.13499999,0.19,0.195,0.2,0.38,0.42,0.56,0.19,0.49,-0.46,-0.16,-0.32,-0.01,-0.15,0.05,-0.01,0.01,-0.08,0.37,-0.56,-0.22,-0.4,-0.445,0
YMR313C,-0.53000003,-0.72,-1.01,-1.3,0.18,0.19,-0.01,1.32,-0.06,0.54,0.07,-0.18,0.03,0.23,0.12,-0.98,0.36,0.28,-0.1,-0.42,0.14,-0.18,0.32,0
YMR314W,-0.065,-0.08,-0.105,-0.13,-0.31,-0.12,-0.41,-0.12,-0.51,0.17,-0.35,0.25,-0.35,0.16,0.06,0.13,-0.39,0.13,-0.13,0.25,-0.08,0.78,0.625,0
YMR315W,-0.53499997,-0.42,-0.295,-0.17,-0.32,-0.24,-0.58,-0.06,-0.1,0.07,-0.25,0.38,0.21,0.42,0.02,-0.04,0.21,0.04,-0.14,-0.46,0.39,0.34,0.435,0
YMR316W,0.86,1.36,0.92,0.48,0.05,0.09,0.08,-0.57,-0.29,0.19,-0.33,0.09,-0.15,0.63,0.02,-0.26,-0.46,-0.36,-0.26,-0.51,0.12,-0.36,-0.24000001,0
YMR318C,-0.080000006,-0.18,-0.075,0.03,0.19,0.24,0.22,0.24,-0.07,0.36,-0.2,0.2,-0.45,0.03,-0.26,0.05,-0.26,0.18,-0.2,-0.77,0.0,0.12,0.009999998,0
YMR320W,0.12,-0.05,-0.25,-0.45,-0.09,-0.45,0.15,-0.12,0.16,0.47,-0.24,-0.65,-0.06,-0.19,0.35,-0.09,0.78,-0.05,0.31,-0.15,0.4,-0.32,-0.25,0
YMR323W,-1.3199999,-1.36,-0.87,-0.38,-0.22,-0.05,-0.32,-0.17,0.51,0.05,-0.05,1.71,0.18,0.25,0.29,-0.17,0.5,0.11,0.53,-0.24,1.15,-0.1,-0.025,0
YNL001W,0.525,0.42,0.295,0.17,-0.46,0.29,0.09,0.28,-0.21,0.41,-0.19,0.07,-0.34,0.2,-0.39,0.19,-0.51,0.25,-1.28,-0.44,-0.59,0.39,0.24,0
YNL003C,-0.255,-0.01,0.26,0.53,0.32,0.54,0.1,0.19,-0.03,0.08,-0.27,0.16,-0.19,0.11,0.3,0.36,0.07,0.39,-0.33,-1.06,-0.43,0.0,0.015,1
YNL005C,-0.355,-0.45,-0.435,-0.42,-0.45,-0.03,-0.62,0.07,-0.61,0.27,-0.25,0.51,-0.28,0.39,0.09,0.23,-0.06,0.15,0.15,0.0,-0.11,0.7,0.59,0
YNL006W,-0.475,-0.37,-0.21000001,-0.05,-0.45,-0.15,-0.3,0.01,-0.21,0.12,-0.58,0.08,-0.35,0.05,-0.26,0.2,0.47,0.63,0.07,0.22,-0.01,0.5,0.62,0
YNL007C,-1.3,-1.47,-1.3,-1.13,-1.13,-0.99,-0.99,-0.92,-1.06,-0.09,-0.68,-0.17,-0.57,-0.13,0.29,1.01,0.45,1.08,0.83,0.85,1.18,1.61,1.47,0
YNL008C,-0.16499999,-0.24,0.16499999,0.57,-0.2,0.14,-0.29,-0.4,1.23,-0.31,-0.2,-0.31,0.35,0.02,0.3,-0.37,0.28,-0.09,1.03,-0.03,0.73,-1.37,-0.72,0
YNL010W,0.11,0.2,0.325,0.45,0.3,0.29,0.18,0.09,0.07,-0.12,-0.4,-0.03,-0.19,0.02,-0.24,-0.22,0.29,0.04,0.1,-0.12,-0.38,-0.12,-0.22,0
YNL011C,-0.285,-0.11,-0.13,-0.15,-0.09,-0.2,0.02,-0.04,-0.18,-0.02,-0.14,0.08,-0.06,-0.02,0.17,-0.36,0.02,-0.08,0.13,-0.26,0.73,0.42,0.45499998,0
YNL013C,0.06,0.13,0.19,0.25,0.53,0.09,-0.15,0.05,-0.47,0.06,-0.08,0.49,-0.13,0.03,0.13,-0.17,0.09,-0.38,0.32,-0.32,0.37,-0.43,-0.17,0
YNL015W,0.76,0.84,0.21999998,-0.4,0.3,-0.73,-0.44,-0.99,-0.97,-0.18,-0.21,0.46,-0.76,0.74,0.53,-0.07,-0.21,-0.63,-0.77,-0.13,0.1,0.67,0.52,1
YNL016W,0.2,0.22,0.15,0.08,-0.14,0.22,-0.02,-0.1,-0.16,-0.04,-0.14,-0.08,-0.1,-0.02,0.35,0.13,0.08,0.03,-0.24,-0.12,0.18,-0.08,-0.099999994,0
YNL019C,-0.25,-0.38,-0.24,-0.1,0.07,0.23,0.05,-0.08,0.71,0.15,0.03,-0.23,-0.2,0.22,0.13,0.03,0.37,0.23,0.44,-0.68,0.69,-0.41,-0.32,0
YNL021W,0.255,0.15,-0.024999999,-0.2,0.01,-0.01,0.05,-0.4,0.16,0.27,-0.01,-0.16,-0.2,-0.16,-0.4,-0.01,-0.24,-0.35,-0.03,-0.08,0.54,0.23,0.22,0
YNL023C,0.48000002,0.33,0.245,0.16,0.01,0.2,0.06,0.36,-0.04,0.33,-0.39,0.31,-0.39,0.04,-0.22,0.31,-0.14,-0.15,-0.19,-0.5,-0.39,-0.02,-0.23,0
YNL025C,-0.03,0.0,-0.065,-0.13,0.45,0.1,0.06,-0.13,0.24,-0.02,-0.38,0.31,0.16,-0.29,0.14,-0.29,0.17,-0.21,-0.06,-0.34,0.59,-0.02,-0.005,0
YNL027W,0.35,0.29,0.36,0.43,-0.27,0.32,-0.06,0.33,-0.48,0.36,-0.39,0.01,-0.41,0.32,-0.46,0.35,-0.33,0.21,-0.51,-0.25,-0.46,0.28,0.205,0
YNL030W,0.385,1.67,1.605,1.54,0.66,-0.3,-1.19,-1.36,-1.87,-0.92,-0.47,1.17,1.28,1.95,1.02,0.63,0.02,0.13,-0.77,-0.75,-1.51,-0.19,0.065,1
YNL031C,0.16999996,1.31,1.39,1.47,0.76,0.03,-0.94,-1.08,-1.7,-0.77,-0.61,0.9,0.75,1.63,0.87,1.0,0.07,0.12,-0.51,-0.89,-0.81,-0.45,-0.205,1
YNL032W,0.355,0.02,0.049999997,0.08,-0.21,-0.36,-0.28,0.19,-0.3,0.33,-0.12,0.23,-0.21,0.21,-0.52,0.07,0.19,-0.45,-0.15,0.0,0.1,0.11,0.13499999,0
YNL033W,0.04,-0.05,0.08,0.21,0.52,-0.44,0.15,-0.64,-0.05,-0.42,-0.15,0.46,0.45,0.56,0.26,-0.42,0.5,-0.3,0.87,-0.04,1.1,-1.22,-0.87,0
YNL036W,-0.25,-0.22,0.0,0.22,-0.11,-0.11,0.27,0.17,-0.33,0.23,-0.65,0.2,-0.28,0.17,1.04,0.36,0.75,-0.15,-0.15,-0.45,-0.05,-0.52,-0.48,0
YNL037C,-1.445,-0.91,-0.31,0.29,0.63,0.69,0.58,0.62,0.51,-0.04,-0.41,-0.18,-0.05,0.02,0.25,0.08,0.24,0.14,0.42,-0.27,-0.57,-0.28,-0.155,1
YNL038W,-0.095,-0.03,-0.044999998,-0.06,0.17,0.37,0.08,0.21,-0.17,0.04,-0.66,0.09,-0.22,0.19,0.15,0.24,0.24,0.13,-0.17,0.02,-0.48,0.01,-0.01,0
YNL039W,0.43,0.33,0.17,0.01,-0.32,-0.26,-0.01,-0.1,-0.53,0.09,-0.12,0.29,0.04,0.67,-0.06,-0.39,-0.18,0.09,-0.16,0.06,0.02,-0.67,-0.22,0
YNL041C,0.12,0.21,0.195,0.18,-0.01,0.23,0.13,0.23,-0.22,0.1,-0.57,0.05,-0.1,0.18,-0.24,0.19,-0.1,0.16,-0.6,-0.22,-0.08,0.44,0.225,0
YNL043C,0.16499999,0.51,0.69,0.87,1.18,0.8,0.22,0.01,-0.09,-0.34,-0.3,0.03,0.29,0.1,-0.11,0.19,0.57,-0.2,-0.37,-1.68,-0.39,-0.53,-0.42499998,1
YNL045W,-0.85,-0.92,-0.545,-0.17,0.16,0.07,0.47,0.25,0.26,0.3,-0.04,-0.02,-0.02,-0.21,-0.01,-0.07,0.46,0.18,0.57,-0.75,0.57,0.05,0.045,0
YNL049C,-0.13,0.02,0.19000001,0.36,0.48,0.41,0.18,0.35,-0.06,0.15,-0.57,-0.06,-0.45,0.24,-0.28,0.24,0.07,0.16,-0.04,-0.71,0.04,0.07,0.045,0
YNL050C,0.51,0.37,0.16,-0.05,-0.48,0.32,0.24,0.22,-0.27,0.18,-0.46,-0.1,-0.48,-0.04,-0.81,0.28,-0.62,0.29,-0.48,0.15,-0.75,0.3,0.23,0
YNL051W,0.21000001,0.22,0.18,0.14,0.06,0.01,-0.08,0.19,-0.65,0.22,-0.38,0.29,-0.68,0.2,-0.36,0.17,-0.02,-0.32,-0.6,-0.1,0.16,0.58,0.54999995,0
YNL053W,0.0,-0.04,0.01,0.06,0.06,0.03,0.27,0.01,-0.04,-0.09,0.06,-0.46,0.03,0.12,0.63,-0.32,-0.06,-0.12,0.06,0.51,0.09,-0.3,-0.32,0
YNL054W,0.045,-0.05,0.060000002,0.17,1.15,0.24,0.12,0.32,-0.21,-0.03,-0.42,-0.51,-0.05,-0.25,-0.21,0.17,-0.03,-0.53,-0.05,0.05,0.2,0.12,-0.114999995,0
YNL055C,-0.49,-0.52,-0.37,-0.22,0.04,-0.17,0.07,-0.19,0.44,-0.17,0.06,0.08,0.4,-0.09,0.74,-0.34,0.12,0.0,0.6,-0.19,-0.21,-0.04,0.015000001,0
YNL056W,-0.14,-0.09,-0.060000002,-0.03,-0.12,0.28,-0.45,0.29,0.26,-0.26,-0.55,-0.12,-0.64,-0.15,-0.1,-0.1,0.06,0.21,0.61,0.73,0.09,0.11,0.05,1
YNL057W,-1.2850001,-1.7,-1.2950001,-0.89,-0.32,-2.94,0.9,0.87,1.13,0.39,-0.02,-0.62,-0.34,0.02,-0.18,-0.39,0.23,0.54,0.65,1.83,0.96,0.43,0.275,1
YNL058C,-1.375,-1.72,-1.35,-0.98,-0.29,0.5,0.85,1.2,1.13,0.37,-0.27,-0.64,-1.3,-0.91,-0.82,-0.4,0.17,0.6,0.98,1.37,0.76,0.35,0.145,1
YNL061W,0.96500003,0.68,0.37,0.06,-0.11,0.08,-0.11,0.15,-0.55,0.16,-0.38,-0.26,-0.48,-0.03,0.05,0.09,-0.34,-0.23,-0.09,0.79,-0.14,-0.28,-0.39999998,0
YNL062C,0.46,0.32,0.26999998,0.22,0.18,0.18,-0.73,-0.07,-0.27,-0.05,-0.33,-0.38,-0.27,0.03,0.0,0.22,0.43,0.12,0.21,0.31,-0.4,-0.35,-0.435,0
YNL063W,0.18499999,-0.02,0.035000004,0.09,-0.12,0.13,0.29,-0.12,-0.36,-0.12,-0.36,-0.13,-0.15,0.0,0.44,-0.03,-0.05,0.01,0.38,0.63,0.48,-0.62,-0.47,0
YNL064C,-0.024999999,-0.12,-0.245,-0.37,-1.02,-0.31,-0.61,-0.2,-0.72,-0.31,-0.64,-0.26,-0.68,-0.26,0.07,0.48,0.43,0.58,0.85,0.69,0.37,0.7,0.605,0
YNL065W,0.83000004,0.66,0.515,0.37,-0.03,-0.71,0.11,-0.22,0.02,-0.31,-0.02,-0.05,0.03,0.32,0.61,-0.31,0.37,-0.5,0.34,-0.31,0.02,-1.14,-1.02,0
YNL067W,-0.09,0.02,0.045,0.07,-0.26,0.28,-0.27,0.32,-0.55,0.26,0.05,0.27,-0.43,0.19,-1.01,-0.12,0.3,0.2,0.04,0.54,0.41,0.1,0.04,0
YNL069C,-0.35500002,-0.25,-0.18,-0.11,0.21,0.18,0.53,0.05,0.17,-0.04,0.22,-0.18,0.08,-0.15,-0.13,-0.49,1.13,-0.14,0.72,0.3,0.78,-0.54,-0.605,0
YNL071W,-0.185,-0.12,0.004999999,0.13,-0.19,0.37,-0.48,0.31,-0.37,0.16,-0.63,0.2,-0.23,0.13,-1.41,0.37,0.08,0.35,0.08,-0.17,0.0,0.53,0.46499997,0
YNL073W,-0.38,-0.28,-0.235,-0.19,-0.74,-2.07,-0.72,0.14,-0.61,0.64,0.36,0.64,-0.61,0.44,-0.04,0.45,-0.05,0.37,0.09,0.83,-0.13,0.67,0.70500004,0
YNL075W,0.36499998,0.03,0.01,-0.01,-0.25,0.05,0.05,0.04,-0.43,0.18,-0.12,-0.06,-0.95,-0.09,-0.3,0.31,1.05,0.13,-0.45,0.44,-0.48,-0.09,-0.215,0
YNL077W,-0.735,-0.88,-0.735,-0.59,-1.58,-0.1,-0.25,-0.11,-1.55,0.63,-0.22,0.14,-0.63,-0.35,0.99,0.91,0.81,1.15,-0.19,-0.64,1.23,1.25,1.085,0
YNL078W,0.025000036,-1.02,-1.005,-0.99,-0.69,-1.02,-0.69,-0.34,0.52,1.15,0.66,0.53,0.05,-0.38,-0.4,-1.34,-0.57,-0.74,0.26,0.91,0.43,1.13,0.945,1
YNL079C,0.195,0.16,-0.04,-0.24,-0.65,-0.21,-0.27,-0.24,-0.78,0.01,-0.44,-0.24,-0.65,0.01,0.14,0.05,-0.39,-0.01,-0.15,1.5,-0.15,0.64,0.57,0
YNL080C,0.28,0.18,0.15,0.12,0.2,0.3,0.72,0.2,0.34,0.28,0.21,0.41,0.23,-0.25,0.21,-2.37,0.03,-0.07,0.2,-0.89,0.18,-0.37,-0.345,0
YNL081C,-0.145,-0.28,-0.205,-0.13,-0.53,-0.82,-0.03,0.01,-0.22,0.02,-0.19,0.18,-0.38,-0.01,0.29,-0.08,-0.29,0.14,-0.12,1.17,0.39,-0.22,0.09,0
YNL082W,1.045,0.84,0.29,-0.26,-0.22,-0.44,-0.26,-0.17,0.27,0.81,0.64,0.68,0.38,0.52,-0.01,-4.63,-0.19,-0.54,0.21,0.38,0.21,0.16,0.13499999,1
YNL084C,0.21000001,0.24,0.114999995,-0.01,-0.36,0.07,-0.4,-0.06,-0.33,0.16,-0.16,0.42,-0.06,0.21,-0.14,-0.36,-0.49,-0.1,0.05,0.35,-0.08,0.1,0.1,0
YNL085W,-0.045,-0.05,-0.089999996,-0.13,-0.17,-0.15,-0.25,-0.87,0.02,0.0,-0.15,-0.09,0.05,0.66,0.48,-0.04,0.15,-0.07,0.58,0.3,0.38,-0.21,-0.22999999,0
YNL087W,0.23,0.13,-0.155,-0.44,0.48,0.22,0.33,-0.11,0.11,-0.39,0.09,-0.23,0.09,0.33,0.52,0.25,0.24,-0.52,0.13,0.25,-0.03,-0.71,-0.53,0
YNL088W,0.25,0.36,0.20500001,0.05,0.37,0.02,-0.32,0.31,-0.38,0.05,-0.21,0.11,-0.19,0.42,-0.12,-1.23,-0.03,0.14,-0.07,-0.01,0.22,-0.11,0.275,0
YNL089C,0.325,0.49,0.505,0.52,-0.29,0.23,-0.2,-0.18,-0.71,0.01,-0.18,0.39,-0.37,0.28,-0.16,0.16,-0.29,-0.01,-0.1,-0.42,-0.42,0.23,0.28,0
YNL091W,0.27,0.23,0.41,0.59,-0.29,0.38,-0.7,0.3,-0.99,0.16,-0.02,-0.04,-1.06,0.44,-0.23,0.33,-0.31,0.18,-0.29,0.75,-0.44,0.19,0.125,0
YNL095C,0.39499998,0.53,0.67999995,0.83,0.01,0.71,0.17,0.33,-0.17,0.03,-0.3,-0.01,-0.33,-0.17,0.03,0.22,-0.17,0.09,0.24,-0.56,-0.53,-0.59,-0.59,0
YNL097C,0.435,0.4,0.435,0.47,-1.11,0.29,-0.5,0.23,-0.77,0.46,-0.43,0.37,-0.69,0.02,-0.74,0.21,-0.97,0.1,-0.45,0.44,-0.29,0.85,0.71500003,0
YNL099C,0.15,0.41,0.45499998,0.5,-0.54,0.6,-0.03,0.25,-0.7,-0.01,-0.54,-0.03,-0.46,0.35,0.42,0.41,-0.7,-0.25,-0.19,0.37,-0.3,0.17,0.195,0
YNL101W,-0.34,-0.41,-0.255,-0.1,0.17,0.07,0.55,-0.15,0.56,-0.26,0.1,-0.11,0.3,-0.3,0.8,-0.38,0.39,-0.43,0.99,0.41,0.75,-0.73,-0.775,0
YNL102W,-0.24,-0.29,0.25,0.79,-0.32,0.23,-0.23,0.38,0.77,0.42,-0.15,0.47,-0.27,0.42,-0.36,-0.19,-0.29,0.09,-0.13,-0.91,-0.27,0.02,0.2,1
YNL103W,0.26500002,0.1,-0.06999999,-0.24,-0.44,-0.17,-0.13,-0.07,-0.07,0.05,-0.21,0.19,-0.29,0.04,1.85,-0.14,-0.48,-0.3,-0.04,0.22,-0.03,-0.02,-0.185,0
YNL104C,-0.45,-0.35,-0.22999999,-0.11,0.18,-0.33,-0.01,-0.45,-0.03,-0.31,0.04,0.02,0.44,0.04,0.26,-0.12,0.8,-0.27,0.74,-0.35,0.56,-0.08,-0.004999999,0
YNL105W,0.05,0.0,0.0,0.0,0.0,0.0,0.03,0.3,-0.09,0.3,0.16,0.07,0.11,-0.2,0.19,-0.12,-0.41,-0.34,0.3,-0.11,0.38,0.02,-0.015000001,0
YNL106C,-0.475,-1.16,-0.21499997,0.73,0.34,-0.16,0.78,0.56,0.48,-0.35,-0.3,-0.33,-0.55,0.69,-0.07,-0.55,-0.14,0.35,-0.3,0.18,-0.05,-0.79,-0.120000005,0
YNL107W,0.205,0.16,0.02,-0.12,-0.3,-0.13,0.02,-0.09,-0.42,0.08,0.38,-0.11,0.04,-0.52,0.34,-0.3,0.16,-0.16,0.16,0.38,0.25,-0.12,-0.099999994,0
YNL108C,0.145,0.21,0.285,0.36,-0.17,0.33,-0.25,0.24,-0.41,0.21,-0.41,0.38,-0.53,0.3,-0.32,0.37,-0.51,0.09,-0.41,-0.67,-0.07,0.36,0.305,0
YNL109W,0.005000001,-0.04,-0.01,0.02,-0.15,0.11,0.04,-0.08,-0.89,0.13,0.11,0.18,-0.2,0.25,0.51,-0.04,-0.09,-0.04,-0.04,0.28,-0.22,-0.13,0.020000003,0
YNL110C,0.625,0.91,0.44000003,-0.03,-0.58,0.17,-0.13,0.17,-0.56,0.38,-0.39,-0.05,-0.85,0.0,-0.79,0.26,-0.47,-0.03,-0.74,0.65,-0.51,0.46,0.245,0
YNL111C,-1.16,-1.36,-0.885,-0.41,0.26,0.01,0.51,0.17,-0.21,-0.06,-0.03,-0.03,-0.09,0.1,0.72,0.07,0.42,0.19,0.4,0.81,0.43,-0.39,-0.345,1
YNL112W,1.105,0.94,0.655,0.37,0.07,0.05,-0.3,0.15,0.18,0.02,-0.48,-0.14,-0.73,-0.05,-0.07,0.05,0.41,-0.08,0.44,-0.33,-0.5,-0.67,-0.70500004,0
YNL113W,0.83000004,0.56,0.37,0.18,-0.98,0.21,0.22,0.14,-0.9,0.13,-0.52,0.04,-1.21,0.02,0.05,0.36,-0.87,-0.04,-0.44,0.66,-0.85,0.34,0.21000001,0
YNL115C,-0.125,-0.02,-0.035,-0.05,-0.81,-0.17,-0.18,-0.38,-0.44,0.32,0.1,0.22,-0.21,0.53,0.41,-0.09,-0.28,-0.36,-0.14,0.25,0.03,0.52,0.5,0
YNL117W,-0.024999999,-0.01,0.024999999,0.06,-0.6,0.06,0.28,-0.3,-0.33,0.06,0.19,-0.11,-0.24,0.31,0.77,-0.01,0.3,-0.3,-0.11,0.24,0.33,0.06,0.03,0
YNL119W,0.22999999,0.26,0.22999999,0.2,-0.45,0.46,0.64,0.25,-0.33,0.22,-0.43,0.11,-0.49,-0.06,0.24,0.11,0.11,0.02,0.2,0.13,-0.74,-0.12,-0.215,0
YNL121C,-0.445,-0.31,-0.21000001,-0.11,-0.45,0.14,-0.56,0.11,-0.74,0.35,-0.3,0.23,-0.43,0.28,-1.24,0.78,0.01,0.44,-0.35,0.46,-0.35,1.0,0.99,0
YNL123W,0.02,-0.12,-0.14,-0.16,-0.06,0.18,0.52,0.19,0.06,-0.12,-0.07,-0.3,-0.26,0.0,0.23,-0.02,-0.36,-0.07,0.08,0.34,0.07,-0.06,-0.165,0
YNL125C,-0.855,-0.91,-0.61,-0.31,-0.02,-0.22,0.7,0.26,0.53,0.05,0.05,-0.24,0.1,-0.02,0.48,-0.14,0.52,-0.22,1.06,0.09,0.82,-0.42,-0.345,0
YNL127W,0.055000003,-0.07,-0.105000004,-0.14,-0.4,-0.38,0.05,-0.12,0.05,0.2,-0.01,0.06,0.29,0.31,0.15,-0.18,0.09,-0.57,0.22,0.59,0.42,-0.11,-0.215,0
YNL129W,0.16499999,0.41,0.21,0.01,-0.4,-0.13,0.03,-0.04,-0.38,-0.16,-0.05,0.21,-0.04,0.07,0.27,0.0,-0.38,-0.22,-0.13,0.45,-0.22,0.32,0.16,0
YNL130C,-0.33999997,-0.09,0.034999996,0.16,0.18,-0.02,-0.27,-0.29,0.08,-0.11,0.16,0.41,0.03,0.19,0.21,-0.11,0.54,-0.19,0.0,-0.76,0.64,-0.13,-0.055,0
YNL131W,-0.66999996,-0.57,-0.415,-0.26,-0.26,-0.2,-0.13,0.05,-0.09,0.06,-0.03,0.27,0.01,0.19,0.16,0.05,-0.08,0.26,0.44,0.45,0.31,0.18,0.14500001,0
YNL132W,0.985,0.77,0.585,0.4,-0.01,0.31,0.05,0.4,-0.01,0.21,-0.47,-0.05,-1.29,-0.15,-0.41,0.23,0.18,-0.05,-0.05,-0.7,-0.34,-0.34,-0.47500002,0
YNL133C,-0.02,-0.12,-0.22500001,-0.33,-0.17,-0.59,0.35,-0.45,-0.26,-0.12,0.24,0.15,0.1,-0.04,0.1,-0.4,0.0,-0.15,0.71,0.66,0.79,-0.17,-0.17500001,0
YNL134C,-1.29,-1.29,-1.0,-0.71,-0.55,-0.13,-0.28,0.58,0.18,0.37,-0.12,-0.06,-0.69,-0.02,-0.2,-0.06,0.31,0.47,0.21,0.04,0.8,0.83,0.74,1
YNL135C,-0.54499996,-0.44,-0.29,-0.14,0.18,0.03,0.27,0.13,0.13,0.03,0.05,0.2,0.12,-0.11,-0.49,-0.14,0.25,0.13,0.71,0.23,0.4,-0.17,-0.17500001,0
YNL136W,0.16000001,0.05,-0.034999996,-0.12,-0.03,-0.43,0.04,-0.07,0.35,0.0,-0.05,0.25,-0.36,0.02,0.24,-0.34,0.13,0.0,0.19,-0.24,0.67,-0.65,-0.35999998,0
YNL137C,-0.43,-0.43,-0.42000002,-0.41,-0.75,-0.07,-0.01,0.05,-0.43,0.45,0.24,0.41,-0.16,0.53,0.47,0.22,-1.21,0.23,-0.45,0.18,0.01,0.65,0.56,0
YNL139C,-0.01,0.01,0.04,0.07,0.18,0.01,0.36,0.25,0.12,-0.01,0.07,-0.19,-0.08,0.85,0.5,-0.23,-0.39,-0.19,0.07,-0.08,-0.05,-0.44,-0.29500002,0
YNL141W,0.65999997,0.38,0.39999998,0.42,-0.53,0.71,0.36,0.55,-0.39,0.33,-0.71,0.13,-1.11,0.07,0.07,0.8,-0.48,0.68,-0.85,-1.08,-1.08,-0.35,-0.39499998,0
YNL143C,-0.14500001,-0.33,-0.08500001,0.16,0.68,0.37,0.23,-0.1,0.26,0.28,0.46,0.02,-0.17,-0.05,0.22,-0.17,-0.37,0.47,0.01,-0.6,0.21,-0.71,-0.53999996,0
YNL147W,0.68,0.69,0.35,0.01,-0.68,0.13,-0.77,0.09,-0.55,0.44,-0.21,0.3,-0.77,0.33,-0.09,0.09,-0.68,-0.19,-1.09,-0.02,-0.61,0.66,0.645,0
YNL149C,-0.15,-0.15,-0.22,-0.29,0.06,-0.15,-0.01,-0.18,-0.15,-0.85,0.17,-0.27,-0.23,0.33,0.46,-0.05,0.01,0.07,0.43,1.02,0.31,-0.12,-0.105000004,0
YNL150W,0.020000001,0.09,0.120000005,0.15,0.15,0.27,-0.26,0.22,-0.48,-0.12,-0.73,-0.41,-0.48,-0.07,0.04,0.16,-0.18,0.46,0.1,0.15,-0.18,0.4,0.305,0
YNL151C,0.415,0.26,0.12499999,-0.01,-0.29,-0.05,0.05,0.1,-0.23,-0.15,0.05,-0.03,-0.4,1.27,0.1,0.01,-0.43,-0.03,-0.12,0.57,-0.28,-0.43,-0.46,0
YNL153C,0.365,0.25,0.060000002,-0.13,-0.36,-0.1,0.1,0.32,-0.33,0.14,-0.32,0.05,-0.54,-0.03,0.23,0.14,-0.22,0.08,-0.52,-0.21,-0.04,0.2,0.15,0
YNL154C,0.0,0.04,0.09,0.14,0.09,-0.24,0.09,-0.13,-0.33,-0.11,-0.37,0.71,-0.22,0.17,0.19,0.07,0.07,0.12,0.44,0.0,-0.05,0.02,-0.155,0
YNL155W,-0.29500002,-0.37,-0.22,-0.07,-0.51,-0.39,-0.16,-1.93,-0.34,-0.14,-0.63,-0.01,-0.18,0.71,0.43,0.05,-0.12,0.28,0.21,1.34,0.51,0.55,0.48000002,0
YNL156C,-0.495,-0.62,-0.225,0.17,0.32,-0.15,0.15,-0.08,0.18,0.01,0.05,-0.13,0.13,0.13,0.37,-0.2,0.17,-0.34,0.56,-0.07,0.4,0.15,-0.065,0
YNL157W,0.02,0.0,0.39,0.78,-0.14,-0.68,0.32,-0.34,-0.11,-0.18,0.27,-0.14,-0.21,0.16,0.46,-0.3,-0.17,-0.18,0.19,0.77,0.21,-0.28,-0.275,0
YNL158W,-0.08999999,-0.45,-0.3,-0.15,0.23,-0.45,0.2,-0.36,-0.06,-0.21,-0.54,0.44,0.34,0.35,0.15,-0.67,0.2,-0.08,0.8,0.34,0.78,-0.15,-0.135,0
YNL160W,-1.7449999,-2.08,-1.8499999,-1.62,-1.57,-0.74,1.19,1.11,2.52,0.81,0.67,-0.59,-0.47,-1.08,-0.6,-1.25,0.48,0.52,2.48,1.07,1.58,0.57,0.014999986,1
YNL161W,0.24000001,0.37,0.385,0.4,-0.56,0.31,0.65,-0.65,-0.92,0.1,-0.29,-0.15,-0.53,0.44,-0.06,0.19,0.31,-0.02,-0.29,0.4,0.06,0.15,0.0,0
YNL163C,0.72,0.47,0.495,0.52,-0.34,0.5,-0.46,0.32,-0.53,0.42,-0.25,-0.01,-0.72,-0.08,-0.61,0.35,-0.21,0.3,-0.97,-0.75,-0.5,0.31,0.15,0
YNL165W,0.52,0.85,0.58000004,0.31,0.01,-0.22,0.02,-0.6,-0.49,-0.14,0.12,0.41,0.0,0.5,-0.45,0.09,0.7,-0.42,-0.51,-0.22,-0.14,-0.14,-0.08,1
YNL167C,0.02,0.14,0.19,0.24,0.1,0.07,-0.06,0.2,0.0,-0.18,-0.13,0.03,0.44,0.05,-0.11,0.13,0.02,-0.08,0.14,-0.15,0.05,-0.03,-0.235,0
YNL169C,0.295,0.39,0.24499999,0.1,0.38,-0.03,-0.02,-0.49,0.07,0.0,0.47,0.3,0.26,0.2,-0.05,-0.25,0.14,-0.4,-0.18,-0.18,0.18,-0.32,-0.225,1
YNL171C,-0.04,-0.07,-0.04,-0.01,0.4,0.18,0.45,0.28,0.04,-0.29,-0.02,0.12,-0.1,0.18,-0.04,-0.24,0.48,-0.33,0.47,-0.15,0.59,-0.41,-0.33499998,1
YNL172W,-0.69,-0.63,-0.265,0.1,0.53,0.2,0.08,0.23,0.43,-0.13,-0.08,-0.19,0.04,-0.19,0.14,-0.38,0.47,0.07,0.36,0.29,0.78,-0.3,-0.3,1
YNL174W,0.965,0.77,0.45,0.13,-1.27,-0.15,1.11,-0.02,-0.49,0.11,-0.44,0.42,-0.84,-0.21,-0.4,0.01,-0.17,-0.02,-0.21,-0.07,-0.06,-0.07,-0.099999994,0
YNL176C,-0.24,0.03,0.27499998,0.52,0.37,0.33,0.16,0.25,0.1,-0.89,-0.43,-0.05,0.37,0.41,0.67,0.29,0.13,-0.11,0.2,-0.37,0.21,-0.45,-0.525,1
YNL177C,-0.405,-0.55,-0.435,-0.32,-0.42,-0.92,0.04,-0.09,-0.18,-0.86,0.31,-0.19,0.0,0.27,0.49,-0.34,1.4,-0.36,0.22,1.03,0.06,0.17,0.28,0
YNL184C,-0.245,-0.33,-0.45999998,-0.59,0.17,-0.64,0.16,-0.13,0.51,0.09,0.49,0.25,0.34,-0.33,0.56,-1.27,0.79,-0.18,0.99,0.49,0.86,-1.66,-0.995,0
YNL185C,-0.53499997,-0.64,-0.19999999,0.24,0.0,-0.12,0.13,0.3,-0.29,0.13,0.58,0.21,0.03,0.14,0.03,-0.06,-0.87,0.19,0.15,-0.17,-0.1,0.14,0.15,0
YNL189W,-0.005,-0.04,0.06,0.16,-0.64,0.0,0.2,0.04,0.01,0.12,0.37,0.03,-0.16,0.3,0.07,0.04,-0.5,-0.07,0.04,0.34,-0.29,-0.04,-0.08,0
YNL191W,0.185,0.67,1.04,1.41,-0.28,-0.36,-0.13,-0.25,-0.37,-0.25,0.2,0.17,-0.04,0.3,0.03,-0.66,0.32,-0.2,-0.3,0.15,0.28,-0.25,-0.185,0
YNL193W,0.145,0.23,0.215,0.2,-0.21,-0.23,0.03,-0.33,-0.37,-0.08,-0.15,-0.4,-0.15,-0.35,0.46,-0.1,-0.01,-0.23,-0.04,0.21,0.07,0.38,0.295,0
YNL197C,-0.53999996,-0.3,0.044999987,0.39,0.62,-0.04,0.54,-0.3,0.41,-0.48,0.23,-0.11,0.59,0.2,0.64,0.13,0.8,-0.43,0.98,-0.1,-0.07,-0.74,-0.795,1
YNL199C,0.385,0.22,0.12,0.02,-0.4,0.04,0.14,0.06,-0.36,0.09,-0.2,-0.1,-0.26,0.02,0.03,0.04,-0.16,-0.1,-0.3,0.13,-0.09,0.22,0.05,0
YNL201C,0.25,-0.05,0.35,0.75,-0.22,-0.8,-0.21,-0.16,0.0,-0.07,0.33,-0.35,0.15,0.25,0.31,-0.16,-0.24,-0.61,0.16,0.35,0.22,-0.03,-0.215,0
YNL207W,0.735,0.67,0.46,0.25,-0.14,0.33,-0.24,0.29,-0.42,0.36,-0.12,-0.06,-0.4,0.09,0.03,0.24,-0.79,0.2,-0.57,-0.5,-0.24,-0.14,-0.25,0
YNL208W,-0.16000001,-0.05,-0.095,-0.14,0.16,-0.21,-0.47,-0.32,-0.47,0.22,-0.08,0.53,0.05,0.31,0.37,-0.16,0.22,-0.12,-0.43,-0.23,-0.59,0.63,0.555,1
YNL209W,-0.020000001,0.05,0.22500001,0.4,0.06,0.53,0.67,0.35,0.3,0.32,0.25,0.2,0.0,0.15,0.08,-0.21,-0.12,-0.28,0.57,-0.54,-0.68,-0.44,-0.48,0
YNL211C,0.34,0.33,0.2,0.07,-0.17,-0.13,0.59,-0.15,-0.09,-0.13,-0.09,-0.27,-0.18,-0.49,0.21,-0.25,0.0,-0.13,0.03,-0.17,-0.09,0.0,-0.025,0
YNL213C,0.09,0.07,0.045,0.02,-0.17,0.15,0.29,0.15,0.04,0.04,0.01,-0.27,-0.47,-0.05,0.26,-0.47,-0.02,-0.36,-0.31,0.27,-0.17,0.28,0.215,0
YNL217W,0.38,0.33,-0.029999986,-0.39,-0.27,-0.58,-0.03,0.28,-0.37,0.15,0.42,0.56,0.18,1.05,0.27,-0.62,-0.16,-0.82,-0.27,-0.01,-0.07,-0.01,0.089999996,0
YNL219C,-0.22,-0.06,0.08,0.22,0.57,0.02,0.52,0.1,0.43,0.06,0.46,0.02,0.45,0.02,0.74,-0.6,0.05,-0.29,0.3,-0.85,0.33,-0.47,-0.66,0
YNL221C,0.33,-0.03,-0.03,-0.03,-0.14,0.1,-0.06,0.27,-0.66,0.17,0.09,-0.09,0.06,-0.01,0.21,-0.06,0.02,-0.17,0.15,0.6,-0.15,-0.31,-0.34,0
YNL222W,0.375,0.33,0.075,-0.18,-0.31,-0.04,-0.31,0.21,-0.11,0.04,-0.22,-0.12,0.03,-0.29,0.01,-0.2,-0.2,0.24,-0.63,-0.38,0.28,0.43,0.35500002,0
YNL223W,-0.030000001,-0.25,-0.525,-0.8,0.2,-0.67,0.54,-0.46,-0.24,-0.12,0.52,0.0,-0.04,0.02,0.62,-0.4,-0.32,-0.42,0.76,0.53,1.27,-0.4,-0.35500002,0
YNL225C,0.79499996,0.84,0.42,0.0,-0.28,-0.26,-0.22,-0.43,-0.74,-0.02,0.03,0.08,0.29,-0.07,0.28,-0.49,-0.08,-0.51,0.0,0.47,0.5,0.11,-0.049999997,1
YNL230C,0.06999999,-0.1,-0.22,-0.34,-0.02,-0.28,0.16,0.18,0.13,-0.46,-0.39,0.45,0.08,0.01,0.44,-0.64,0.1,-0.28,0.55,0.19,1.09,-0.46,-0.38,0
YNL231C,0.7,0.69,0.37,0.05,-0.35,0.24,-0.31,0.18,-0.39,0.5,-0.07,0.73,-0.29,0.26,-0.07,0.18,-0.24,-0.04,-0.77,-0.69,-0.82,0.22,0.075,1
YNL232W,0.66499996,0.55,0.29500002,0.04,-0.86,0.37,-0.12,0.44,-0.47,0.59,0.04,0.27,-0.53,-0.12,-0.45,0.3,-0.73,0.35,-0.73,-0.47,-0.16,-0.07,-0.01,0
YNL235C,0.27,0.21,0.105,0.0,-0.4,0.14,-0.08,0.31,-0.12,0.05,-0.12,-0.1,-0.5,0.27,-0.04,-0.02,-0.31,0.16,-0.26,-0.1,0.02,0.16,0.105,0
YNL237W,-0.14500001,-0.09,-0.19500001,-0.3,0.0,0.46,0.59,0.0,-0.14,-0.09,0.08,-0.11,-0.01,-0.11,0.58,-0.05,-0.57,-0.23,-0.04,-0.23,0.57,-0.14,0.030000001,0
YNL239W,-0.58,-0.47,-0.25,-0.03,-0.05,0.23,0.22,0.13,0.01,0.26,-0.21,0.16,-0.1,0.0,0.28,0.11,-0.13,0.26,0.07,-0.58,0.37,0.17,0.18,0
YNL241C,-1.1800001,-1.01,-0.515,-0.02,0.15,-0.19,-0.33,-0.43,-0.11,0.18,0.04,0.28,0.33,0.32,0.31,-0.08,-0.13,0.06,-0.13,-0.02,0.74,0.63,0.59000003,0
YNL243W,-0.010000005,0.16,-0.25,-0.66,-0.14,0.29,-0.16,0.16,-0.31,0.21,0.0,-0.29,-0.04,0.38,0.04,0.04,0.23,0.08,-0.39,-0.1,0.2,0.29,0.21,0
YNL244C,0.32999998,0.35,0.285,0.22,0.42,0.28,0.89,0.42,0.09,0.25,-0.26,0.21,-0.46,0.05,-0.24,0.01,-0.22,0.28,-0.51,-1.63,-0.57,0.06,-0.04,0
YNL245C,-0.17,-0.16,-0.13499999,-0.11,-0.02,-0.09,-0.33,0.02,-0.25,-0.04,-0.29,0.1,0.23,-0.16,0.1,0.02,0.13,0.04,0.58,-0.04,0.51,-0.07,0.010000002,0
YNL246W,-0.26,-0.15,-0.09,-0.03,-0.12,0.2,-0.59,0.06,0.0,0.0,-0.45,0.13,-0.23,0.11,-0.07,0.14,0.4,0.11,-0.13,0.2,0.15,0.31,0.225,0
YNL247W,0.34,0.28,0.19,0.1,-0.06,0.09,-0.2,0.12,-0.28,0.03,-0.28,0.1,-0.22,0.12,-0.13,0.0,-0.13,-0.12,0.14,0.41,0.15,-0.06,-0.23,0
YNL248C,0.575,0.42,0.29,0.16,-0.28,0.34,-0.42,0.34,-0.34,0.23,-0.51,0.09,-0.58,-0.1,-0.65,0.16,0.12,0.11,-0.08,0.25,-0.36,-0.03,-0.19500001,0
YNL249C,0.205,0.25,0.075,-0.1,-0.03,-0.75,0.04,-0.47,0.49,0.06,-0.35,0.46,0.37,0.38,0.46,-0.78,0.25,0.1,0.41,0.61,0.45,-1.01,-0.44,0
YNL250W,0.16,0.21,0.29999998,0.39,-1.03,0.22,0.21,0.14,1.85,-0.03,-0.7,-0.03,-0.67,-0.23,-0.03,-0.09,-0.23,-0.11,-0.32,-0.34,0.13,0.21,0.19999999,0
YNL251C,0.395,0.49,0.425,0.36,0.34,-0.07,-0.41,-0.14,-0.29,-0.25,-0.33,-0.23,-0.04,-0.15,-0.07,0.28,0.53,0.03,0.38,-0.51,-0.03,-0.26,-0.22,0
YNL252C,-0.525,-0.6,-0.5,-0.4,-0.76,-0.02,-0.67,0.22,-0.6,0.43,-0.38,0.47,-0.51,0.22,-0.09,0.33,-0.16,0.23,-0.74,0.79,0.01,0.97,0.83500004,0
YNL253W,-0.13,-0.02,-0.065,-0.11,0.12,-0.22,0.18,0.02,-0.05,-0.29,-0.11,-0.15,0.3,0.01,0.14,-0.22,0.12,-0.11,0.3,0.38,0.69,-0.03,-0.074999996,0
YNL255C,0.29000002,0.28,0.145,0.01,0.02,0.11,0.02,0.18,-0.23,0.3,-0.16,0.35,-0.41,0.08,-0.05,-0.17,-0.5,0.0,-0.27,0.24,-0.01,0.11,-0.035000004,0
YNL256W,0.415,0.3,0.17,0.04,0.02,-0.25,-0.22,0.09,-0.08,0.14,-0.16,0.26,-0.2,-0.08,0.18,-0.1,0.29,-0.25,0.18,-0.06,0.3,-0.43,-0.42000002,0
YNL258C,0.22,0.19,0.035,-0.12,0.14,-0.24,-0.12,-0.04,-0.12,0.12,-0.36,1.2,-0.26,-0.06,0.71,-0.48,0.09,-0.26,0.12,0.0,0.43,-0.8,-0.5,0
YNL261W,0.38,0.52,0.495,0.47,-0.37,0.55,-0.03,0.39,-0.11,0.35,-0.41,0.18,-0.33,-0.01,0.12,0.33,-1.19,0.37,-0.65,-0.63,-0.48,0.14,0.075,0
YNL262W,0.885,1.19,0.63000005,0.07,-0.25,-0.48,-1.13,-0.53,-0.34,0.54,0.81,0.83,0.59,0.64,0.39,-0.36,-0.11,-0.69,-0.85,-1.21,0.38,0.12,0.08,1
YNL263C,0.11,0.29,0.245,0.2,-0.28,0.07,-0.25,-0.32,-0.17,0.34,0.48,0.82,0.61,0.34,0.66,-0.01,-0.04,-0.05,-0.41,-1.47,-0.25,-0.1,-0.045,1
YNL265C,0.4,0.37,0.225,0.08,-0.72,0.07,0.11,0.14,-0.42,0.21,-0.24,0.06,-0.26,0.21,0.03,0.04,-0.38,-0.01,-0.4,-0.35,-0.56,0.46,0.37,0
YNL267W,0.335,0.34,0.18,0.02,0.06,-0.02,0.08,0.17,0.08,-0.15,-0.08,-0.02,0.19,0.12,0.33,-0.24,0.21,-0.34,-0.24,-0.22,-0.19,-0.15,-0.15,0
YNL270C,0.14,0.09,-0.22500001,-0.54,0.32,-0.08,0.5,-0.1,0.29,-0.08,0.32,-0.01,0.3,-3.78,0.75,-0.24,0.64,-0.46,1.07,0.2,0.98,-0.28,-0.135,0
YNL271C,0.02,0.03,-0.015,-0.06,0.36,-0.05,-0.29,-0.06,0.04,0.32,0.01,0.2,-0.06,0.14,-0.48,-0.15,0.27,-0.1,0.03,0.01,0.13,0.07,-0.155,0
YNL272C,0.465,0.57,0.35,0.13,-0.35,0.02,-0.43,0.11,-0.55,0.33,-0.09,0.19,-0.13,0.26,-0.16,-0.07,-0.05,-0.25,-0.3,-0.03,-0.09,0.44,0.325,0
YNL273W,0.114999995,0.16,0.055,-0.05,0.02,0.0,0.0,0.05,0.02,0.56,0.56,0.34,0.16,0.2,-0.08,-0.15,-0.33,0.02,-0.67,-0.73,-0.23,0.15,0.025000002,1
YNL275W,0.035000004,-0.11,-0.14500001,-0.18,0.37,-0.56,0.52,0.1,0.54,-0.47,-0.6,0.45,0.18,-0.2,0.53,-0.65,0.47,-0.47,0.59,-0.33,0.76,-0.53,-0.36499998,0
YNL277W,0.22,0.88,0.41,-0.06,-0.02,-0.22,0.31,-0.22,0.32,-0.31,-0.11,0.16,0.4,0.02,0.55,-1.2,-0.17,-0.31,0.32,0.2,0.8,-0.2,-0.125,0
YNL278W,0.305,0.26,0.12499999,-0.01,-0.15,-0.34,-0.51,-0.42,-0.02,0.07,0.21,0.39,0.4,-0.06,0.21,-0.16,0.46,-0.24,0.64,0.16,0.42,-0.32,-0.49,0
YNL280C,-0.45999998,-0.4,-0.120000005,0.16,0.21,0.19,0.18,0.23,0.45,-0.14,0.02,0.26,0.26,-0.04,0.03,-0.07,0.26,0.02,0.57,-0.76,0.23,-0.19,-0.285,0
YNL281W,-0.05,-0.17,-0.05,0.07,-0.01,0.07,0.07,0.01,-0.1,0.09,-0.37,-0.01,-0.45,-0.01,-0.29,0.23,-0.39,0.46,-0.7,-0.7,-0.24,0.65,0.6,0
YNL283C,0.10500002,0.72,0.92,1.12,0.99,0.76,0.18,-0.58,-0.75,-0.44,-0.09,0.68,0.75,0.85,0.92,0.64,0.16,-0.01,-0.75,-2.01,-0.86,-0.44,-0.38,1
YNL287W,0.085,0.16,0.25,0.34,0.1,0.32,0.05,0.06,-0.08,0.26,-0.18,0.1,-0.03,0.37,0.1,0.24,-0.23,0.05,-0.54,-0.83,-0.33,0.1,0.010000002,0
YNL289W,-0.04,-0.07,-0.2,-0.33,0.39,-0.56,0.22,-0.24,0.07,0.08,-0.33,0.88,0.14,-0.15,0.44,-0.98,0.18,-0.22,0.45,-0.22,1.52,-0.43,-0.35500002,1
YNL291C,0.36,0.4,0.26,0.12,0.29,0.0,0.21,-0.09,0.15,-0.09,0.07,0.35,0.3,0.09,-0.11,-0.15,0.07,-0.07,-0.02,-0.86,0.05,-0.36,-0.38,0
YNL293W,0.029999986,0.39,0.014999986,-0.36,0.17,-0.21,0.35,-0.05,0.54,-0.18,-0.1,0.27,-0.16,-0.07,0.14,-0.36,-0.05,-0.62,0.05,0.38,0.52,-0.05,-0.07,0
YNL294C,0.235,0.34,0.105000004,-0.13,-0.19,-0.28,0.38,0.25,0.05,0.11,0.07,0.37,0.1,0.25,0.29,-0.42,-0.01,-0.32,0.37,-0.42,0.15,0.07,0.02,0
YNL295W,0.105,0.13,-0.020000003,-0.17,-0.03,-0.18,-0.13,0.27,-0.34,0.09,-0.15,0.05,0.2,-0.27,0.03,-0.05,0.15,-0.31,0.15,0.25,0.41,0.04,-0.030000001,0
YNL297C,-0.049999997,-0.08,0.050000004,0.18,0.31,-0.08,0.07,0.04,0.12,0.16,0.01,-0.03,0.1,-0.1,-0.22,-0.05,0.01,-0.47,0.36,0.16,0.3,0.0,-0.14,0
YNL303W,0.46499997,0.45,0.39499998,0.34,0.08,0.26,0.28,0.08,-0.58,0.28,-0.1,0.63,-0.38,0.18,-0.33,-0.38,-0.52,0.26,-0.08,-0.36,0.08,-0.33,-0.17,0
YNL304W,0.31,0.24,0.009999998,-0.22,-0.26,-0.55,-0.08,-0.41,0.01,0.34,0.3,1.01,-0.1,-0.18,0.11,-0.55,0.26,-0.36,0.32,0.4,0.47,-0.22,-0.21000001,1
YNL305C,-0.565,-0.47,-0.215,0.04,-0.04,0.04,0.1,-0.08,0.23,0.38,0.12,0.25,0.18,-0.02,0.16,-0.17,0.05,0.04,0.3,-1.28,0.31,0.4,0.41,0
YNL307C,-0.585,-0.47,-0.13499999,0.2,0.29,0.48,0.3,0.29,0.34,0.3,0.16,0.21,0.12,0.03,0.2,0.29,0.68,-0.91,0.34,-1.33,0.09,-0.14,-0.1,0
YNL309W,0.97,0.93,0.555,0.18,-0.82,-0.25,-0.88,-0.05,-0.3,0.86,0.0,0.72,-0.15,0.39,-0.15,-0.02,-0.61,-0.13,-1.17,-0.61,-0.27,0.55,0.3,1
YNL311C,0.265,0.24,0.12,0.0,0.0,0.05,0.1,-0.07,-0.23,0.09,0.08,0.55,-0.06,0.08,0.0,0.21,-0.17,-0.26,-0.42,-0.58,0.33,0.31,0.22,0
YNL313C,0.925,0.74,0.41500002,0.09,-0.05,0.19,0.05,0.03,-0.03,0.53,0.14,0.38,-0.13,0.06,-0.46,-0.03,-0.2,-0.32,-0.75,-1.01,-0.26,-0.13,-0.255,0
YNL314W,0.055,0.06,0.044999998,0.03,-0.12,0.08,0.13,0.01,-0.09,0.07,-0.21,0.12,0.17,-0.1,0.24,0.01,0.1,-0.19,0.07,-0.13,0.42,-0.15,-0.22,0
YNL315C,-0.11,-0.04,-0.185,-0.33,-0.83,-0.02,-0.58,0.33,-0.85,0.75,-0.12,0.74,-0.38,0.46,-1.27,0.46,-0.41,0.53,-1.06,-0.27,-0.33,1.25,1.135,0
YNL317W,0.45,0.45,0.17999999,-0.09,-0.53,0.37,-0.02,0.44,-0.33,0.4,-0.24,0.32,-0.42,0.16,-0.83,-1.14,-0.37,0.22,-0.22,-0.14,0.11,0.54,0.31,0
YNL319W,-0.24000001,-0.31,-0.28,-0.25,0.25,-0.37,0.51,-0.15,0.82,-0.23,0.11,-0.15,0.52,-0.19,0.45,-0.62,0.25,-0.5,0.58,-0.05,1.32,-0.67,-0.55,0
YNL320W,-0.35,-0.31,-0.28,-0.25,0.35,-0.74,0.02,-0.09,0.79,0.17,-0.03,0.25,0.25,-0.33,0.39,-0.39,1.06,-0.71,0.91,-0.59,0.83,-0.45,-0.3,0
YNL322C,-0.015000001,0.04,0.14999999,0.26,-0.04,0.38,-0.27,0.21,-0.03,0.15,-0.27,0.35,0.11,0.16,0.02,0.11,0.5,0.16,-0.05,-0.74,-0.1,-0.24,-0.435,0
YNL324W,0.205,0.17,-0.22,-0.61,-0.03,-0.28,0.39,0.14,0.34,0.04,0.09,-0.28,-0.28,-0.24,0.27,-0.63,0.26,-0.3,0.07,0.31,0.43,-0.01,-0.095000006,0
YNL326C,-0.065000005,-0.15,-0.29000002,-0.43,-0.33,-0.29,-0.33,-0.11,0.57,0.21,0.1,0.26,0.21,-0.23,0.21,-0.63,0.37,-0.19,-0.03,-0.38,0.44,0.07,0.135,1
YNL328C,0.124999985,-0.46,-0.505,-0.55,-0.26,-0.6,-0.29,-0.15,0.22,0.6,0.52,0.16,-0.01,-0.29,0.31,-0.63,0.43,-0.76,0.29,0.45,0.48,0.09,0.095,1
YNL329C,-0.114999995,-0.35,-0.22,-0.09,0.11,0.19,0.32,0.4,0.61,0.29,-0.09,-0.19,0.12,-0.19,-0.52,-0.12,0.06,-0.23,0.26,-0.48,0.45,0.01,-0.13000001,0
YNL331C,0.195,0.24,0.049999997,-0.14,-0.11,0.15,0.23,0.27,0.07,0.3,-0.05,0.15,0.01,-0.17,-0.24,0.09,-0.08,0.04,0.0,-0.73,-0.31,0.07,0.07,0
YNL333W,0.47000003,0.6,0.25,-0.1,-0.23,-0.1,0.11,0.11,-0.18,0.27,-0.21,0.2,-0.06,0.02,-0.24,0.11,-0.07,-0.14,-0.66,-0.51,-0.55,0.32,0.24,0
YNL335W,0.265,0.27,-0.08,-0.43,-0.16,-0.01,0.2,0.13,0.12,0.18,0.12,-0.05,-0.01,-0.18,-0.18,-0.08,0.34,-0.05,-0.19,-0.53,0.28,0.18,0.0,0
YNL337W,0.15,0.03,0.074999996,0.12,-0.01,0.26,-0.66,0.36,0.08,0.49,-0.17,-0.04,0.17,-0.12,-0.43,0.12,0.06,-0.06,-0.23,-0.68,0.52,0.14,-0.055,0
YNL339C,0.44500002,0.1,-0.09,-0.28,-0.28,-0.46,-1.1,0.13,-0.04,1.36,0.8,0.84,0.38,0.19,-0.94,-0.46,-0.32,-0.55,-0.28,-1.17,0.06,0.62,0.45499998,1
YNR003C,0.815,0.6,0.41000003,0.22,-0.23,0.21,-0.19,0.19,-0.27,0.08,-0.68,-0.49,-0.65,-0.07,-0.47,0.22,-0.21,0.07,-0.09,0.19,-0.57,0.13,-0.10000001,0
YNR005C,0.315,0.29,0.16,0.03,-0.09,0.07,-0.09,0.13,-0.38,0.01,-0.26,-0.54,-0.47,-0.07,-0.06,-0.01,-0.16,-0.2,-0.4,0.26,0.33,0.58,0.355,0
YNR006W,0.15,0.08,-0.030000001,-0.14,-0.38,-0.11,-0.01,-0.08,-0.47,-0.1,0.05,-0.26,-0.2,0.92,0.17,-0.01,-0.47,-0.23,-0.23,0.83,0.17,0.24,0.12,0
YNR007C,0.19,0.21,-0.005000003,-0.22,-0.03,-0.22,0.02,-0.24,-0.35,0.12,-0.24,-0.27,-0.19,0.03,0.2,-0.1,-0.11,-0.71,0.31,0.13,0.29,0.52,0.435,0
YNR008W,-0.02,-0.06,0.01,0.08,0.03,-0.1,-0.34,-0.26,-0.44,-0.17,0.22,-0.03,0.09,0.25,0.77,0.02,0.22,-0.49,0.12,0.36,0.35,-0.24,-0.22999999,0
YNR009W,-0.19000001,0.48,1.035,1.59,1.61,1.06,-0.42,-0.82,-1.17,-0.99,-0.38,0.23,0.51,-1.11,1.5,1.11,0.84,0.31,0.49,-0.78,-0.14,-0.74,-0.72,1
YNR010W,0.32999998,0.25,0.16,0.07,-0.19,-0.25,-0.09,-0.41,-0.28,-0.36,-0.09,-0.09,0.05,-0.55,0.97,-0.16,0.09,-0.25,0.44,0.52,0.62,-0.43,-0.35500002,0
YNR011C,0.060000002,-0.18,-0.015000001,0.15,0.39,-0.2,0.26,-0.14,-0.22,-0.25,-0.04,0.26,-0.11,0.14,0.28,-0.07,0.19,-0.63,0.41,0.28,0.63,-0.38,-0.28,0
YNR012W,0.145,-0.09,0.04,0.17,0.11,-0.14,1.36,-0.03,0.18,-0.11,0.12,-0.27,-0.09,-0.75,0.54,-0.52,0.04,-0.21,0.55,0.31,0.39,-0.73,-0.795,0
YNR013C,-0.31,-0.31,-0.095,0.12,0.14,0.35,0.14,0.18,0.41,0.17,-0.08,0.08,-0.14,-0.23,0.12,0.13,0.47,-0.12,0.75,-0.86,0.24,-0.23,-0.33,0
YNR014W,-0.355,-0.39,0.08000001,0.55,-0.08,-0.04,0.4,-2.73,-0.14,-0.53,-0.39,0.05,-0.43,0.99,0.77,-0.15,0.69,0.34,0.87,0.19,0.85,-0.73,-0.4,0
YNR016C,0.565,0.53,0.505,0.48,0.5,0.17,-0.16,-0.11,-0.22,0.0,-0.04,-0.19,-0.02,-0.04,-0.3,-0.16,-0.32,-0.09,-0.32,-0.67,0.05,-0.02,-0.03,0
YNR018W,0.435,0.3,0.43,0.56,0.35,0.85,0.19,0.58,-0.64,0.35,-0.53,-0.11,-1.04,-0.02,-0.88,0.23,-0.49,0.18,-0.55,-0.24,-0.28,-0.15,-0.205,0
YNR020C,0.505,0.39,0.19999999,0.01,-0.79,0.02,0.32,-0.1,-0.52,0.39,-0.59,0.07,-0.66,-0.24,-0.74,0.3,-0.15,0.35,-0.61,0.05,-0.55,0.66,0.54,0
YNR022C,-0.19,-0.14,-0.19999999,-0.26,-0.3,0.24,0.27,0.24,-0.57,0.41,-0.16,0.37,-0.33,0.36,-0.75,0.19,-0.05,0.31,-0.02,0.01,-0.39,0.36,0.29500002,0
YNR024W,0.88,0.73,0.3,-0.13,-0.49,-0.34,0.42,-0.13,-1.0,0.3,-0.28,0.26,-0.66,0.15,-0.89,0.04,-0.36,-0.01,-0.86,0.4,-0.27,0.37,0.3,0
YNR027W,0.42000002,0.48,0.375,0.27,-0.2,0.35,-0.2,0.35,-0.33,0.28,-0.27,0.31,-0.48,0.05,-0.14,0.28,-0.21,0.29,-0.2,-0.59,-0.18,0.08,-0.48,0
YNR028W,-0.19,-0.19,0.195,0.58,0.24,0.08,0.29,-0.08,-0.24,-0.51,-0.28,-0.2,-0.14,0.83,0.88,0.38,0.05,-0.1,0.19,0.16,0.24,-0.53,-0.57,0
YNR029C,0.365,0.28,0.215,0.15,0.16,0.0,-0.41,0.08,-0.04,-0.04,-0.34,0.15,-0.1,0.03,0.17,-0.12,-0.03,-0.14,0.15,-0.35,0.24,-0.2,-0.275,0
YNR030W,-0.57,-0.66,-0.49,-0.32,-0.08,-0.52,0.11,-0.05,0.67,0.06,0.33,0.13,0.47,-0.05,0.63,-0.4,-0.42,-0.1,0.74,-0.07,0.89,-0.39,-0.31,0
YNR031C,-0.020000003,0.11,0.175,0.24,0.33,0.05,-0.29,0.11,-0.14,0.18,0.03,-0.27,-0.1,0.11,-0.41,0.24,0.41,0.05,0.14,-0.67,0.03,0.2,0.155,0
YNR032W,-0.29,-0.17,-0.17,-0.17,-0.06,-0.26,-0.08,-0.25,0.05,-0.05,0.23,0.4,0.1,-0.06,0.66,-0.35,-0.22,-0.25,0.61,0.22,0.82,-0.08,-0.04,0
YNR033W,-0.02,0.0,0.035,0.07,-0.12,0.07,-0.03,0.2,-0.06,0.15,-0.12,0.15,-0.15,0.07,0.01,0.11,0.11,-0.09,0.21,-0.51,0.0,-0.04,-0.024999999,0
YNR034W,-0.26999998,-0.45,-0.034999996,0.38,-0.22,-0.31,0.24,-0.26,0.03,-0.04,0.0,0.25,-0.08,-0.12,0.7,-0.12,0.2,-0.23,0.16,-0.03,0.91,-0.23,-0.175,0
YNR035C,-0.23500001,-0.2,-0.020000003,0.16,0.08,0.16,-0.25,0.13,-0.42,0.11,-0.4,0.56,-0.29,0.2,0.16,-0.06,-0.22,-0.15,-0.01,-0.25,0.36,0.32,0.19999999,0
YNR036C,-0.85,-0.85,-0.57,-0.29,-0.46,-0.29,-0.04,-0.07,0.19,-0.01,0.14,0.42,0.1,0.18,0.59,-0.15,-0.04,-0.01,0.44,0.03,0.82,0.18,0.135,0
YNR038W,0.53999996,0.38,0.39499998,0.41,-0.57,0.27,0.18,0.43,-0.5,0.39,-0.18,0.08,-0.65,0.05,-0.45,0.48,-0.2,0.09,-0.24,-0.39,-0.45,-0.11,-0.185,0
YNR040W,-0.575,-0.51,-0.525,-0.54,0.02,-0.2,0.01,-0.04,-0.05,-0.04,-0.4,0.34,0.25,-0.01,0.58,-0.26,-0.27,-0.04,0.19,0.19,0.64,0.25,0.225,0
YNR042W,-0.285,-0.36,-0.14500001,0.07,-0.16,-0.01,0.29,-0.06,0.1,0.3,0.28,0.24,0.01,-0.14,-0.31,-0.28,0.07,0.17,0.79,-0.51,-0.28,0.16,0.044999998,0
YNR044W,-0.79999995,-1.15,-1.125,-1.1,-1.32,-1.03,-0.62,-0.43,-0.1,0.62,0.4,-0.13,-0.72,-0.84,-1.03,-1.0,-0.57,-0.35,0.48,0.7,1.16,2.45,2.6399999,1
YNR046W,0.655,0.49,0.385,0.28,-0.64,0.68,-0.05,0.59,-0.72,0.59,-0.42,0.27,-0.74,-0.16,-0.64,0.24,-0.45,0.45,-0.18,-0.28,-1.02,0.03,-0.044999998,0
YNR048W,0.285,0.34,0.325,0.31,-0.41,0.22,-0.13,0.18,-0.57,0.37,-0.3,0.42,-0.39,-0.05,0.02,0.41,-0.01,0.34,-0.37,-0.49,-0.33,0.08,0.044999998,0
YNR050C,-1.24,-1.08,-0.39000002,0.3,0.44,0.48,0.89,0.56,0.81,0.34,0.23,0.0,0.05,-0.13,0.45,-0.36,0.03,-0.42,0.52,0.45,0.54,-0.59,-0.58,1
YNR051C,0.15,0.15,0.14,0.13,0.03,0.28,0.03,0.07,-0.26,-0.04,-0.55,0.11,-0.18,0.07,-0.08,0.15,0.32,0.05,0.3,0.17,-0.99,0.03,-0.060000002,0
YNR052C,-0.15,-0.33,0.21,0.75,-0.08,-0.42,0.25,-0.27,0.28,-0.19,0.28,0.03,0.26,0.09,0.5,-0.56,-0.1,-0.52,0.54,0.43,0.52,-0.74,-0.57,0
YNR053C,0.375,0.19,0.22,0.25,-0.12,0.51,0.03,0.31,-0.3,0.15,-0.36,0.12,-0.51,-0.57,0.03,0.26,0.19,-0.28,0.17,0.03,-0.73,-0.07,-0.185,0
YNR054C,0.65999997,0.29,0.41500002,0.54,-0.49,-0.29,0.25,-0.15,-0.71,-0.2,-0.03,-0.01,-0.39,0.2,0.03,-0.17,-0.26,0.02,-0.41,0.59,0.0,-0.09,-0.175,0
YNR055C,0.085,0.0,-0.065,-0.13,0.71,0.01,0.43,-0.21,0.41,-0.34,-0.21,-0.19,0.18,-0.02,0.06,-0.56,0.41,-0.28,0.25,-0.75,0.9,-0.5,-0.45,0
YNR061C,-0.29999998,-0.39,-0.345,-0.3,0.1,-0.28,-0.01,-0.21,0.37,0.17,0.48,0.5,0.72,0.08,0.4,-0.41,0.17,-0.37,0.17,-0.89,0.47,-0.13,-0.16999999,0
YNR062C,0.345,0.23,0.075,-0.08,-0.28,0.23,0.11,-0.06,-0.23,0.09,0.13,-0.45,-0.31,0.03,0.19,-0.15,0.01,-0.13,0.15,0.09,0.27,-0.06,-0.06,0
YNR066C,0.095,0.49,0.21000001,-0.07,-0.58,-0.16,-0.63,0.03,-0.35,0.29,0.46,0.76,0.53,0.71,0.08,-0.14,-0.61,-0.51,-0.39,-0.48,-0.26,0.45,0.52,1
YNR067C,0.64,-0.8,-0.66499996,-0.53,-1.3,-1.57,-1.8,-1.13,0.3,1.68,2.18,1.23,0.93,0.28,0.04,-1.57,-0.22,-1.13,-0.03,0.02,1.67,0.89,0.72,1
YNR068C,-0.01,-0.01,0.0,0.01,-0.06,0.02,-0.1,-0.19,0.06,-1.7,-0.06,-0.27,-0.21,-0.19,-0.25,0.31,0.73,0.21,0.65,0.2,0.72,0.3,0.32,0
YNR069C,-0.11500001,-0.3,-0.26500002,-0.23,0.38,-0.38,0.01,-0.38,0.07,-0.16,-0.42,-0.46,-0.23,-0.3,0.36,0.05,0.22,0.1,0.38,-0.25,1.03,0.38,0.19,0
YNR070W,-0.585,-0.47,-0.37,-0.27,0.67,-0.62,0.33,-0.06,0.41,-0.33,-0.06,0.8,-0.1,-0.25,0.31,-0.54,0.74,-0.49,1.01,0.23,0.82,-0.29,-0.125,0
YNR072W,0.16499999,0.09,0.025000002,-0.04,-0.08,-0.02,0.16,0.23,-0.16,0.07,-0.06,-0.07,0.15,0.38,0.46,0.09,0.17,-0.22,0.21,-0.02,-0.02,-0.26,-0.495,0
YNR075W,0.39000002,-0.02,-0.060000002,-0.1,-0.36,-0.57,-0.51,-0.36,-0.41,-0.08,-0.31,0.04,-0.16,-0.14,0.21,0.38,0.46,-0.2,0.29,-0.6,0.45,0.05,-0.065000005,0
YNR076W,0.30499998,0.03,-0.125,-0.28,0.05,-0.34,-0.12,-0.3,-0.17,0.0,0.2,0.12,0.11,-0.01,0.03,0.06,0.23,-0.09,0.32,-0.86,0.09,-0.12,-0.145,0
YNR077C,-0.034999996,-0.13,0.0,0.13,0.16,0.03,0.2,0.32,0.37,0.34,-0.19,0.09,-0.13,-0.11,-0.06,-0.09,0.11,-0.02,0.17,-0.67,0.06,0.01,-0.19500001,0
YOL001W,-0.015000001,-0.14,-0.115,-0.09,0.16,-0.07,0.45,-0.16,0.17,-0.19,0.16,-0.07,0.3,0.43,0.08,-0.27,0.11,-0.35,0.62,-0.19,0.2,-0.43,-0.43,0
YOL002C,0.21000001,-0.31,-0.28,-0.25,-0.77,-0.56,-0.2,-0.22,-0.06,-0.31,-0.31,0.22,-0.22,-0.34,0.17,0.12,0.7,-0.06,0.71,-0.59,0.63,-0.16,-0.08,0
YOL003C,-0.205,-0.1,0.14,0.38,0.36,-0.17,0.07,-0.24,-0.37,0.04,0.17,0.36,0.52,-0.87,0.47,-0.05,0.33,-0.22,0.52,-0.07,0.48,-0.84,-0.45999998,0
YOL004W,-0.04,0.04,0.34,0.64,0.44,0.07,-0.03,0.26,-0.18,0.14,-0.16,-0.3,-0.26,0.12,-0.04,0.07,0.17,0.11,0.2,-0.55,0.23,-0.74,-0.335,0
YOL005C,0.445,0.44,0.43,0.42,0.19,0.16,0.18,0.01,-0.95,-0.05,-0.3,0.19,-0.35,0.19,-0.26,-0.16,-0.32,0.13,0.05,-0.29,0.25,0.05,-0.065000005,0
YOL006C,0.51,0.23,0.105000004,-0.02,-0.43,-0.24,-0.65,-0.24,-0.43,0.26,-0.22,0.12,-0.68,0.18,-0.65,-0.45,3.01,-0.57,0.01,0.34,0.03,0.0,-0.38,0
YOL007C,1.655,1.82,1.165,0.51,-0.25,-0.9,-0.96,-1.62,-1.77,0.54,1.23,1.88,1.19,1.26,0.1,-0.1,-0.57,-1.02,-0.57,-0.93,0.07,0.11,0.16,1
YOL008W,0.375,0.3,0.185,0.07,-0.24,0.13,-0.2,0.11,-0.11,0.25,0.19,0.41,-0.46,0.21,-0.16,0.09,-0.4,0.05,-0.33,-0.69,0.07,0.12,0.12,0
YOL009C,0.57,0.39,0.285,0.18,-0.55,0.29,-0.01,0.35,-0.2,0.09,-0.2,-0.16,-0.62,-0.2,0.1,0.09,-0.35,0.03,-0.21,-0.46,-0.11,0.18,0.045,0
YOL011W,0.475,-0.17,-0.005000003,0.16,-0.4,-0.05,-0.15,0.02,-0.28,0.6,0.16,0.22,-0.28,0.06,-0.05,-0.28,-0.23,-0.23,-0.23,-0.55,0.55,-0.26,-0.32,1
YOL013C,-0.049999997,-0.08,0.060000002,0.2,-0.29,0.24,-0.06,0.2,-0.15,0.37,-0.29,0.04,-1.22,0.08,0.06,0.24,-0.15,0.19,-0.31,-0.53,0.29,0.27,0.27,0
YOL015W,0.43,0.46,0.055000007,-0.35,-0.15,-0.52,0.65,-0.62,0.21,-0.07,-0.23,-0.07,0.19,0.16,0.84,-0.79,0.38,-0.04,0.49,0.13,0.92,-0.21,-0.315,0
YOL016C,0.28,0.92,0.625,0.33,-0.46,-0.22,-0.68,-0.46,-0.66,0.19,-0.21,0.39,0.11,0.26,0.41,0.09,-0.23,-0.48,-0.16,-0.05,0.32,0.52,0.48499998,1
YOL017W,1.3,1.56,0.59999996,-0.36,-1.01,-0.87,-0.63,-1.16,-0.67,0.62,0.62,0.84,0.41,0.81,0.21,-0.33,-0.39,-0.49,-0.7,-0.39,-0.11,0.5,0.49,1
YOL019W,1.0450001,0.99,0.7,0.41,-0.47,-0.47,-1.12,-1.09,-0.68,0.91,0.66,0.87,0.54,0.71,0.58,-0.29,-0.42,-0.72,-1.18,-1.07,0.02,0.46,0.335,1
YOL021C,0.365,0.0,0.185,0.37,0.06,0.28,-0.41,0.29,-0.16,0.24,-0.1,0.11,-0.27,-0.1,-0.01,0.4,-0.14,-0.17,0.39,0.28,0.21,-0.25,-0.385,0
YOL023W,-0.17500001,-0.05,0.014999999,0.08,-0.43,0.24,-0.11,0.21,-0.8,0.03,-0.26,0.2,-0.26,0.15,0.26,0.24,-0.36,0.13,0.12,0.35,0.05,0.45,0.3,0
YOL025W,-0.04500001,-0.33,-0.23500001,-0.14,0.26,0.02,0.17,0.04,-0.35,0.09,-0.1,0.06,-0.14,-0.01,0.24,-0.4,0.01,-0.28,0.64,0.01,0.42,-0.28,-0.165,0
YOL026C,0.135,0.18,0.09,0.0,0.24,0.04,-0.02,0.05,-0.26,0.04,-0.29,0.27,-0.15,-0.33,0.2,0.0,-0.28,0.04,0.01,-0.2,-0.05,0.15,0.030000001,0
YOL027C,0.09,-0.02,0.045,0.11,-0.29,0.1,-0.28,0.22,-1.0,0.23,-0.43,0.15,-0.59,0.01,0.14,0.28,-0.41,0.29,-0.02,0.23,-0.06,0.36,0.23,0
YOL028C,0.185,0.07,0.025,-0.02,-0.17,0.2,0.22,0.2,0.07,-0.02,-0.61,0.0,-0.49,0.27,-0.17,0.15,-0.1,0.09,-0.08,0.0,-0.41,0.09,-0.030000001,0
YOL029C,0.060000002,-0.11,-0.11,-0.11,0.41,-0.01,0.55,-0.13,0.31,-0.27,-0.14,-0.48,0.27,-0.04,0.1,-0.37,-0.02,-0.14,0.62,0.41,0.39,-0.5,-0.57,0
YOL030W,-0.76,-0.59,-0.094999984,0.4,0.79,0.65,0.7,0.27,0.62,-0.5,-0.67,-0.31,0.2,-0.17,0.32,0.3,0.73,0.36,0.98,-0.96,-0.14,-0.58,-0.64,1
YOL031C,-0.21,-0.21,-0.255,-0.3,-0.3,-0.24,-0.1,-0.3,-0.48,0.0,-0.24,0.28,0.0,0.26,0.11,-0.18,-0.05,0.04,0.45,0.26,0.64,0.3,0.25,0
YOL032W,-0.32,-0.32,-0.34,-0.36,-0.5,-0.06,-0.52,-0.1,-0.52,0.06,-0.27,0.2,-0.47,-0.1,0.34,0.3,-0.23,0.23,0.01,-0.16,0.34,0.89,0.855,0
YOL033W,-0.120000005,-0.23,-0.26,-0.29,-0.33,0.11,-0.03,0.13,-0.29,0.43,-0.23,0.48,-0.16,-0.31,0.03,0.15,-0.4,0.22,-0.71,-0.24,0.28,0.44,0.45499998,0
YOL034W,0.525,0.5,0.215,-0.07,-0.16,-0.54,-0.35,-0.18,-0.41,0.17,-0.16,0.43,-0.14,0.3,0.37,-0.29,0.07,-0.57,-0.01,0.12,0.24,0.01,-0.095,1
YOL035C,0.245,0.26,0.38,0.5,-0.08,0.49,0.11,0.1,-0.35,0.11,-0.37,0.13,-0.37,0.15,-0.16,0.34,-0.47,0.3,-0.9,-0.57,-0.16,0.1,0.075,0
YOL036W,0.145,0.12,0.26,0.4,0.19,0.26,-0.16,0.03,-0.25,-0.04,-0.37,-0.02,-0.37,0.0,0.09,0.18,0.09,-0.12,-0.27,0.0,0.06,-0.07,-0.16,0
YOL037C,0.075,0.1,0.195,0.29,0.06,0.32,0.51,0.1,-0.12,-0.24,-0.16,-0.22,-0.18,0.05,0.16,0.12,0.18,-0.28,-0.55,-0.08,0.29,-0.2,-0.2,0
YOL039W,-0.28,-0.16,-0.004999995,0.15,0.26,0.46,0.36,0.29,0.6,0.26,0.44,0.24,0.26,-0.22,0.3,-0.16,0.03,0.19,-0.31,-0.99,0.01,-0.31,-0.35500002,0
YOL040C,-0.255,-0.21,0.024999999,0.26,0.52,0.55,0.19,0.5,0.27,0.45,-0.03,0.34,-0.03,0.03,-0.32,0.04,-0.17,0.24,-0.76,-0.24,-0.4,-0.08,-0.11,0
YOL041C,0.995,0.77,0.46499997,0.16,-0.48,0.34,-0.12,0.13,-0.58,0.27,-0.21,-0.11,-0.81,-0.16,-1.01,0.55,-0.38,0.16,-0.66,0.01,-1.05,0.39,0.28,0
YOL042W,-0.71500003,-1.07,-0.52500004,0.02,0.28,0.38,0.34,0.24,0.19,0.16,-0.29,0.57,-0.04,-0.11,0.11,-0.16,0.39,0.12,0.15,-0.31,0.21,-0.05,-0.095,0
YOL045W,0.145,0.04,0.08499999,0.13,0.32,0.05,0.2,-0.05,-0.39,-0.16,-0.33,0.33,0.0,0.15,0.12,-0.22,0.17,-0.26,-0.03,0.13,0.13,-0.48,-0.385,0
YOL046C,0.195,0.24,0.385,0.53,0.06,-0.15,-0.18,0.12,-0.26,-0.11,-0.26,-0.18,-0.32,0.27,0.28,0.48,0.18,-0.36,0.43,-0.28,0.04,-0.48,-0.46499997,0
YOL048C,-0.38,-0.31,-0.34,-0.37,0.0,-0.41,-0.45,0.03,0.12,0.08,-0.17,0.18,-0.23,-0.1,0.31,-0.35,0.02,-0.1,0.4,0.05,0.78,0.27,0.3,0
YOL049W,-0.16999999,-0.08,0.030000001,0.14,-0.06,0.15,-0.06,0.29,-0.32,0.2,-0.3,0.29,-0.26,-0.26,-0.1,-0.12,-1.63,0.21,-0.32,0.14,0.38,0.66,0.62,0
YOL050C,0.12,-0.02,0.04,0.1,-0.1,0.01,-0.22,0.46,-0.23,0.11,-0.44,0.0,-0.42,0.08,-0.03,0.32,0.19,-0.07,0.28,-0.03,-0.11,-0.02,-0.155,0
YOL051W,-0.005000003,-0.15,0.08499999,0.32,-0.08,0.47,-0.17,0.31,-0.33,-0.03,-0.55,-0.35,-0.47,-0.2,-0.05,0.53,0.12,0.02,0.06,0.33,-0.01,0.03,-0.030000001,0
YOL052C,-0.11,-0.15,0.034999996,0.22,0.12,0.25,0.23,0.27,0.18,0.12,-0.45,0.02,-0.41,-0.09,0.09,0.27,0.43,0.12,0.64,-0.65,-0.2,-0.2,-0.325,0
YOL053W,0.3,0.26,-0.07000001,-0.4,-0.59,-0.41,-0.04,-0.22,-0.16,0.15,-0.08,0.36,-0.24,0.18,0.05,-0.4,0.19,0.33,-0.43,0.09,0.27,0.41,0.22,0
YOL054W,0.75,0.8,0.255,-0.29,-0.53,-0.02,0.01,0.07,-0.55,0.31,-0.34,0.36,-0.29,0.07,-0.03,-0.03,0.08,-0.21,-0.37,0.06,0.08,0.03,-0.049999997,0
YOL055C,0.07,0.17,-0.07,-0.31,0.0,-0.1,0.35,0.1,0.07,-0.09,-0.18,-0.1,-0.07,0.05,0.31,0.08,0.05,0.1,0.02,-0.16,0.03,-0.21,-0.12,0
YOL056W,0.525,0.7,0.66999996,0.64,-0.23,0.31,-0.19,0.35,-0.52,0.05,-0.49,0.23,-0.55,0.41,-0.99,0.54,-0.28,0.44,-1.03,-0.69,-0.35,0.49,0.435,0
YOL057W,0.02,0.02,0.04,0.06,0.08,0.16,-0.06,0.02,0.11,0.23,-0.1,-0.06,-0.06,-0.1,-1.23,0.13,0.33,0.09,0.16,-0.08,0.15,0.15,0.045,0
YOL058W,-0.725,-0.37,0.19,0.75,0.34,0.66,-0.37,-0.13,-0.83,-0.37,-1.31,0.09,-0.46,0.44,-0.63,0.61,-0.53,0.31,-0.7,-0.83,-0.06,1.29,1.67,1
YOL059W,-0.425,-0.44,0.0,0.44,0.64,-0.85,0.43,0.67,0.45,0.58,-0.34,-0.02,-0.48,-0.13,-0.88,0.55,0.4,0.37,0.05,-0.82,-0.15,0.02,-0.065000005,0
YOL060C,-0.39999998,-0.35,-0.00999999,0.33,-0.18,0.43,-0.16,0.46,-0.1,0.31,-0.31,0.06,-0.49,0.12,0.33,0.24,-0.11,0.33,-0.58,-0.68,-0.05,0.33,0.28,0
YOL061W,0.245,0.21,0.16999999,0.13,0.27,0.28,0.01,0.17,0.48,0.27,-0.05,0.26,-0.04,-0.22,-1.41,0.02,0.32,0.14,0.23,-1.15,0.19,-0.13,-0.21,0
YOL063C,0.13,0.08,0.13499999,0.19,0.01,-0.02,-0.44,0.01,-0.15,-0.02,-0.05,1.22,0.2,0.13,-0.3,-0.3,0.06,-0.38,-0.3,0.0,0.16,0.09,0.005000003,0
YOL064C,-0.13000001,0.07,0.17,0.27,-0.12,0.11,-0.33,0.09,-0.43,0.33,-0.26,0.44,-0.1,0.5,0.02,0.33,-0.29,-0.14,-0.86,-0.73,-0.4,0.68,0.725,0
YOL066C,0.475,0.56,0.395,0.23,-0.36,0.25,-0.27,0.34,-0.22,-0.02,-0.61,-0.19,-0.44,0.02,0.0,0.05,0.05,0.15,-0.61,-0.51,0.21,0.11,0.12,0
YOL067C,0.13499999,0.06,0.075,0.09,0.24,0.13,-0.17,0.26,-0.24,0.0,-0.63,-0.14,-0.63,0.0,-0.94,0.17,0.33,0.09,-0.07,0.22,0.64,0.04,-0.025000002,0
YOL068C,0.125,0.13,0.21,0.29,0.3,0.33,-0.08,-0.01,-0.31,-0.27,-0.67,-0.18,-0.33,0.2,0.03,0.18,0.1,0.03,-0.12,0.38,-0.01,-0.04,-0.13,0
YOL069W,-0.255,-0.18,0.024999999,0.23,0.21,0.96,0.23,0.33,-0.11,-0.36,1.09,-0.65,-0.79,0.06,-0.09,0.21,0.17,0.57,0.13,-0.36,-0.36,-0.18,-0.255,1
YOL070C,0.0,-0.47,-0.29,-0.11,-0.5,0.06,0.06,0.64,0.18,0.38,-0.36,0.0,-0.42,-0.19,-0.79,-0.17,-0.52,0.45,-0.42,0.84,0.13,0.48,0.39499998,1
YOL071W,-0.405,-0.44,-0.63,-0.82,-0.57,-0.05,-0.71,0.24,-0.46,0.24,-0.22,0.54,-0.42,0.41,0.26,-0.12,0.0,-0.01,-0.09,0.17,0.24,0.85,0.72,0
YOL076W,-0.03,-0.06,0.045,0.15,-0.66,0.09,1.04,-0.23,-0.06,-0.38,-0.33,0.52,0.02,0.26,-0.26,-0.23,0.31,-0.38,0.39,0.07,0.5,-0.23,-0.035000004,0
YOL077C,0.91999996,0.8,0.55,0.3,-0.11,0.28,0.17,0.34,-0.29,0.4,-0.37,0.18,-0.75,-0.03,-0.69,0.31,-0.49,0.12,-0.83,-0.23,-1.13,0.27,0.13000001,0
YOL078W,0.54499996,0.38,0.255,0.13,-0.16,0.03,-0.08,0.0,-0.13,0.1,-0.2,-0.3,-0.27,-0.05,-0.9,0.09,0.42,-0.23,0.37,0.01,0.13,0.1,-0.065,0
YOL079W,0.7,0.5,0.39499998,0.29,-0.08,0.3,0.15,0.29,-0.15,0.22,-0.37,-0.08,-0.8,0.04,-0.46,0.57,-0.03,-0.04,-0.55,-0.37,-0.72,-0.01,-0.14999999,0
YOL080C,0.825,0.7,0.655,0.61,-0.16,0.51,0.28,0.42,-0.28,0.19,-0.65,-0.28,-0.76,-0.11,-0.53,0.56,-0.6,0.13,-0.68,-0.65,-0.73,0.14,0.015000001,0
YOL081W,0.060000002,-0.06,0.034999996,0.13,0.28,-0.15,0.23,0.15,0.1,-0.06,-0.3,-0.09,-0.01,-0.16,-0.13,-0.19,0.18,-0.11,0.52,0.11,0.23,-0.3,-0.31,0
YOL082W,-0.034999996,0.3,0.28500003,0.27,0.13,-0.01,-0.28,-0.04,-0.67,-0.18,-0.46,0.1,-0.08,0.41,-0.08,0.15,-0.04,-0.12,-0.62,-0.46,-0.2,0.61,0.515,0
YOL083W,-0.004999995,-0.19,-0.43,-0.67,-0.15,-0.49,-0.16,-0.06,-0.06,0.09,-0.23,0.1,-0.28,0.03,0.19,-0.37,0.03,-0.18,0.06,0.08,0.04,0.3,0.35000002,0
YOL086C,-0.87,-0.82,-0.45,-0.08,0.2,0.42,0.23,0.38,0.33,0.34,0.28,0.27,0.2,0.03,-0.11,0.27,0.58,0.47,-0.05,-1.11,0.09,-0.08,-0.16999999,0
YOL088C,0.099999994,0.35,0.425,0.5,0.06,0.53,-0.22,0.21,-0.62,-0.1,-0.39,-0.06,-0.29,0.28,-0.22,0.3,0.06,0.33,-0.72,-0.86,-0.39,0.33,0.34,1
YOL090W,1.47,1.8,1.06,0.32,-0.58,-0.79,-1.06,-0.98,-2.02,1.05,0.89,1.46,0.62,1.13,-0.58,0.04,-0.72,-0.72,-1.65,-0.98,-0.3,0.94,0.765,1
YOL092W,-0.14,-0.31,-0.21000001,-0.11,-0.49,0.44,0.18,0.34,-0.03,0.27,0.22,0.29,0.3,-0.33,-0.59,0.04,0.58,0.19,0.95,-1.26,0.57,-0.43,-0.48,0
YOL093W,0.40499997,0.22,-0.015000001,-0.25,0.2,-0.51,-0.4,0.16,-0.29,0.16,-0.06,0.37,-0.25,0.16,-0.04,-0.25,0.1,-0.29,-0.33,0.03,0.26,0.29,0.08,0
YOL094C,0.59,0.48,0.22999999,-0.02,-1.17,-0.07,-0.27,0.15,-0.43,0.52,-0.07,0.43,-0.21,0.17,-0.91,-0.13,-0.23,0.0,-0.21,-0.15,0.2,0.31,0.21000001,1
YOL096C,-0.08,-0.02,-0.089999996,-0.16,-0.29,-0.05,-0.07,0.09,-0.48,0.13,-0.33,0.23,-0.46,-0.01,-0.07,-0.33,-0.4,-0.24,0.19,0.35,0.71,0.67,0.575,0
YOL097C,0.41,0.39,0.23499998,0.08,-0.22,0.25,0.15,0.31,0.01,0.17,-0.38,0.01,-0.51,-0.05,-0.41,0.08,-0.13,0.22,-0.6,-0.18,-0.26,0.22,0.105,0
YOL098C,0.035,0.02,0.11,0.2,-0.22,-1.06,0.0,0.35,-0.04,0.2,-0.26,0.12,-0.26,0.0,-0.78,0.16,0.07,0.07,0.42,0.12,0.49,0.28,0.095,0
YOL099C,0.16,0.08,0.08,0.08,0.03,-0.09,-0.2,0.17,0.06,-0.05,-0.22,0.08,-0.52,0.29,-0.13,-0.22,0.22,-0.07,-0.05,0.39,0.2,-0.01,-0.07,0
YOL100W,0.19,0.19,0.004999995,-0.18,0.04,-0.12,0.03,0.36,0.08,-0.03,-0.36,0.79,-0.29,0.03,-0.34,-0.51,-0.31,-0.46,0.52,0.13,0.94,-0.38,-0.25,0
YOL101C,0.87500006,-0.42,-0.49,-0.56,-0.05,-0.99,-0.19,-0.92,-0.12,-0.51,-0.34,-0.56,-0.56,-0.65,-0.34,-0.02,0.4,-0.08,0.13,-0.38,0.6,-0.08,-0.065,1
YOL103W,0.32999998,0.39,0.38,0.37,0.22,0.34,0.01,0.14,-0.16,0.15,-0.23,0.28,0.07,-1.27,-0.04,0.24,0.12,0.03,-0.41,-0.32,-0.37,-0.02,-0.089999996,0
YOL104C,0.32,0.0,-0.03,-0.06,0.13,0.02,-0.25,0.18,0.07,-0.3,-0.11,-1.13,0.47,-0.33,-0.02,0.0,0.22,-0.13,-0.11,-0.5,0.66,0.02,-0.115,0
YOL105C,-0.28,-0.5,-0.37,-0.24,0.39,-0.04,0.1,0.27,0.09,0.08,-0.22,-0.02,-0.12,-0.27,-0.06,-0.09,0.52,0.01,0.69,0.05,0.55,-0.3,-0.28,0
YOL106W,0.63,0.66,0.53000003,0.4,-0.16,0.49,-0.66,0.69,-0.66,0.43,-0.5,0.15,-0.63,0.29,-0.94,0.3,-0.63,-0.02,-0.97,-0.6,-0.8,0.74,0.57,0
YOL107W,-0.105,0.0,-0.04,-0.08,0.57,0.0,-0.33,-0.27,0.06,-0.11,-0.02,-0.09,0.05,0.05,0.43,-0.52,0.35,-0.19,0.38,0.0,0.33,-0.13,-0.095,0
YOL108C,0.46499997,0.64,0.26999998,-0.1,-0.47,0.2,0.02,0.13,-0.66,0.42,-0.54,-0.02,-0.45,-0.1,-0.24,0.37,-0.33,0.15,-0.58,-0.24,-0.1,0.47,0.52,0
YOL109W,-0.63,-0.48,-0.52,-0.56,0.04,-0.4,-0.56,-0.16,-0.16,-0.04,-0.16,0.09,-0.19,0.72,-0.56,-0.4,-0.36,0.72,-0.52,1.96,-0.48,0.58,0.66999996,0
YOL110W,-0.405,-0.24,-0.105,0.03,-0.22,-0.07,-0.19,-0.26,0.06,-0.16,-0.36,0.0,0.53,-0.03,-0.11,0.03,0.52,0.16,0.5,-0.31,0.57,-0.03,-0.035,0
YOL111C,-0.15,0.08,0.145,0.21,0.24,-0.03,-0.63,-0.13,-0.44,0.1,-0.36,0.11,-0.25,0.32,0.14,0.15,0.03,0.15,-0.05,0.34,0.04,0.23,0.245,0
YOL113W,0.255,0.53,0.315,0.1,0.19,0.07,-0.41,-0.08,-0.41,-0.18,-0.06,0.23,-0.06,0.23,0.19,-0.31,-0.6,-0.18,-0.09,0.53,0.41,0.02,0.255,0
YOL115W,0.185,0.03,-0.02,-0.07,-0.01,0.18,-0.33,0.25,-0.62,0.06,-0.33,0.1,-0.65,-0.02,0.13,0.19,-0.11,0.06,-0.27,0.45,0.06,0.15,0.125,0
YOL119C,-0.84000003,-0.91,-0.69,-0.47,-0.27,-0.14,-0.07,0.2,0.14,-0.02,-0.44,-0.29,-0.21,-0.3,0.09,0.11,0.41,0.32,1.1,0.25,0.95,0.39,0.33499998,1
YOL120C,-0.37,-0.33,-0.135,0.06,0.39,0.34,0.46,0.2,0.54,-0.01,0.05,0.16,0.24,0.14,0.25,-0.08,0.03,-0.21,0.33,-0.16,0.26,-0.58,-0.55499995,0
YOL121C,0.15,0.28,0.26,0.24,0.13,0.31,-0.38,0.27,-0.21,0.17,-0.38,0.18,-0.38,0.1,-0.07,-0.11,-0.32,0.21,0.12,-0.16,-0.14,0.18,0.050000004,0
YOL123W,0.68,0.74,0.54,0.34,-0.22,-0.1,-0.65,-0.2,-0.65,0.14,-0.44,0.04,-0.22,0.16,0.06,0.04,-0.14,-0.07,0.08,0.22,0.06,0.17,0.08,0
YOL124C,0.555,0.17,0.055,-0.06,0.04,-0.14,0.64,0.0,-0.03,-0.49,-0.1,-0.16,-0.23,0.12,0.28,0.16,-0.5,-0.22,-0.02,0.23,-0.3,-0.62,-0.63,0
YOL125W,0.29500002,0.13,0.04,-0.05,-0.07,-0.33,0.28,0.24,0.07,-0.21,-0.25,0.44,-0.08,-0.1,0.07,-0.31,0.28,-0.5,0.27,0.13,0.76,-0.62,-0.58500004,0
YOL127W,0.085,0.15,0.22500001,0.3,0.32,0.24,0.17,0.3,0.0,0.11,-0.21,0.31,-0.57,0.32,-0.06,-0.12,-0.15,0.04,-0.65,-0.02,-0.12,0.22,0.065,0
YOL128C,-0.14999999,-0.01,0.22500001,0.46,0.47,0.04,0.64,-0.18,-0.27,-0.4,0.25,0.27,-0.07,0.51,0.67,-0.13,0.37,-0.18,0.07,-0.52,0.14,-0.68,-0.565,0
YOL129W,-0.78999996,-0.63,-0.345,-0.06,0.61,0.21,0.31,-0.04,1.27,-0.18,0.12,-0.24,0.31,-0.38,0.35,-0.31,0.33,0.11,0.09,-1.21,0.55,-0.13,0.0,0
YOL130W,0.265,0.15,0.24000001,0.33,0.13,-0.27,0.05,0.25,-0.09,-0.25,0.49,0.03,-0.14,0.72,-0.22,-0.19,-0.19,-0.17,-0.17,0.19,-0.09,-0.25,-0.32,0
YOL136C,-0.44,-0.55,-0.17500001,0.2,0.57,0.2,0.5,0.19,0.14,0.12,0.42,-0.02,0.03,-0.05,-0.11,0.22,0.5,0.06,0.32,-0.7,0.32,-0.44,-0.53999996,0
YOL138C,-0.049999997,-0.08,-0.255,-0.43,0.24,-0.2,0.29,0.36,0.04,-0.64,0.38,-0.08,0.43,-0.22,-0.2,-0.3,0.15,-0.45,0.4,0.7,0.24,-0.28,-0.32,0
YOL139C,0.39999998,0.41,0.25,0.09,0.1,0.11,-0.04,0.02,-0.12,0.29,-0.27,0.2,-0.41,0.21,-0.39,-0.14,-0.41,0.06,-0.69,0.16,-0.46,0.35,0.245,0
YOL142W,0.19999999,0.01,-0.47,-0.95,0.33,-0.43,0.34,0.15,0.14,-0.03,-0.08,0.39,-0.08,0.86,0.65,-0.3,-0.59,-0.16,0.52,-0.2,0.29,-0.82,-0.525,0
YOL143C,-0.095,0.09,0.09,0.09,0.0,0.06,-0.04,0.07,-0.16,0.03,-0.41,0.25,-0.35,0.09,0.02,0.13,-0.04,0.38,-0.3,-0.21,-0.12,0.3,0.17,0
YOL144W,0.59000003,0.46,0.29500002,0.13,-0.31,-0.21,-0.15,0.03,-0.1,0.19,-0.39,-0.05,-0.5,0.24,0.03,0.38,-1.14,-0.15,-0.07,0.34,-0.31,0.08,-0.010000002,0
YOL147C,-0.285,-0.06,0.005000001,0.07,0.48,-0.39,0.09,-0.05,0.15,-0.09,0.25,1.47,0.78,0.1,0.46,-0.51,0.17,-0.72,0.4,-0.62,0.62,-0.49,-0.365,0
YOL150C,-0.83,-1.06,-0.39,0.28,0.16,0.25,0.75,0.07,0.43,0.02,-0.39,-0.06,-0.25,-1.41,0.75,0.14,0.19,0.02,0.56,0.03,0.65,-0.44,-0.38,1
YOL151W,-0.83000004,-1.0,-0.555,-0.11,0.34,-0.36,0.52,0.34,0.22,-0.07,-0.46,-0.02,-0.24,0.04,0.1,-0.02,0.15,0.04,0.74,-0.18,0.64,-0.24,-0.22999999,0
YOL152W,-0.195,-0.32,-0.055,0.21,0.29,-0.46,0.63,-1.2,0.23,-0.29,0.74,-0.18,0.18,0.1,0.4,-0.58,0.33,-0.63,0.33,0.21,1.02,-0.79,-0.46,0
YOL154W,0.17,-0.03,0.1,0.23,-0.31,-0.42,-0.21,0.32,-0.14,0.26,0.12,0.1,-0.47,-0.47,-0.1,0.27,0.32,0.07,-0.27,-0.29,0.25,-0.14,-0.14500001,0
YOL155C,-0.085,-0.1,0.06,0.22,0.55,-0.07,-0.02,-0.13,-0.02,-0.33,-0.29,-0.15,0.23,0.23,0.53,-0.51,0.51,-0.45,0.22,0.05,0.23,-0.17,-0.17500001,0
YOL156W,0.35500002,-0.01,0.2,0.41,-0.19,-0.4,0.13,-0.85,0.69,0.08,0.72,-0.47,0.2,-0.6,0.13,-0.34,0.27,-0.52,0.39,-0.49,0.56,-0.04,0.005000001,0
YOL157C,0.14500001,-0.14,-0.315,-0.49,0.4,-0.62,0.2,-0.29,0.17,0.11,0.06,0.4,-0.15,-0.29,0.62,-0.45,0.23,-0.53,0.09,0.13,0.75,-0.11,-0.19,0
YOL158C,-0.47500002,-0.55,-0.33,-0.11,-0.4,-1.07,0.61,0.21,0.41,0.15,-0.07,-0.45,0.15,0.18,0.38,-0.01,0.64,-0.5,0.7,-0.03,0.81,0.0,-0.025,1
YOL165C,-0.065,-0.02,-0.035,-0.05,0.19,-0.03,0.18,0.21,0.25,-0.24,0.1,0.5,0.07,-0.39,0.16,-0.24,-0.05,-0.53,0.69,0.31,0.59,-0.37,-0.47,0
YOR001W,0.35999998,0.08,0.16499999,0.25,-0.02,0.19,0.05,0.32,-0.04,0.15,-0.27,-0.27,-0.48,-0.3,-0.17,0.06,0.11,-0.08,0.22,0.41,-0.69,-0.04,-0.25,0
YOR002W,-0.28,-0.35,-0.305,-0.26,0.2,-0.21,0.54,-0.17,-0.29,-0.13,0.48,0.31,0.35,0.38,0.59,-0.17,-0.92,-1.24,1.03,0.16,0.81,-0.24,-0.215,0
YOR006C,0.485,0.28,-0.040000007,-0.36,0.33,-0.34,0.05,0.14,-0.6,-0.25,-0.17,-0.2,-0.01,0.26,-0.14,-0.08,-0.36,-0.29,-0.14,0.39,0.18,0.0,-0.225,0
YOR007C,0.155,0.09,-0.04,-0.17,-0.46,-0.4,-0.67,-0.17,-0.67,0.18,-0.6,0.2,-0.31,0.11,-0.46,-0.15,-0.17,0.2,-0.02,0.47,-0.25,0.79,0.76,0
YOR008C,0.044999998,0.06,0.105000004,0.15,-0.06,0.23,-0.4,-0.17,-0.4,0.04,0.06,-0.01,0.03,0.39,-0.06,0.19,0.03,0.01,-0.14,0.06,0.42,-0.12,-0.13,0
YOR008C-A,0.13,-0.37,0.13,0.63,0.15,-0.39,0.09,-0.28,0.61,-0.16,0.01,0.02,0.21,0.08,0.49,0.02,0.11,-0.84,0.67,0.01,0.33,-1.03,-0.575,0
YOR009W,0.26,0.01,-0.15,-0.31,0.39,-0.28,0.48,-0.65,0.35,-0.39,0.16,0.32,0.34,-0.1,0.7,-0.5,0.06,-1.59,1.0,0.13,0.58,-0.59,-0.55999994,0
YOR010C,-0.035,0.07,0.22,0.37,0.67,0.17,0.53,-0.4,0.39,-0.45,0.23,-0.15,0.19,0.05,0.29,-0.21,0.36,-0.8,0.65,-0.59,0.86,-0.57,-0.465,0
YOR012W,0.15,0.2,-0.009999998,-0.22,0.41,-0.52,0.26,-0.16,0.32,-0.17,0.57,-0.36,0.76,-0.38,0.3,-0.48,0.39,-0.43,0.31,-0.29,0.79,-0.56,-0.56,0
YOR014W,-0.009999998,0.19,0.25,0.31,-0.27,0.42,-0.07,0.22,-0.36,0.33,-0.27,0.02,-0.25,0.28,-0.13,0.28,-0.32,0.04,-0.54,-0.44,-0.15,0.4,0.305,0
YOR015W,-0.19,-0.19,-0.055,0.08,0.15,0.07,-0.28,0.01,-0.02,0.05,-0.06,-0.21,0.12,-0.08,-0.46,0.07,0.62,-0.15,0.71,0.18,0.01,-0.1,-0.114999995,0
YOR016C,-0.04,-0.04,0.11,0.26,0.88,-0.22,-0.37,-0.05,-0.05,0.0,0.11,0.14,0.1,0.05,0.5,-0.56,0.33,-0.2,0.3,-0.23,0.33,-0.64,-0.405,0
YOR018W,0.34500003,-0.16,-0.29,-0.42,-0.23,-0.5,-0.3,-0.1,0.41,0.73,0.46,0.12,0.0,0.03,0.04,-0.9,-0.4,-0.36,-0.27,0.47,0.21,0.1,0.025,1
YOR020C,-0.24,-0.29,-0.29,-0.29,-0.8,-0.09,-0.33,0.23,-0.85,0.07,-0.41,-0.12,-0.31,0.09,-0.23,-0.02,-0.37,0.44,-0.29,0.12,0.35,0.89,0.955,0
YOR021C,0.61,0.18,0.005000003,-0.17,0.0,-0.03,0.07,0.13,-0.2,0.13,-0.41,0.26,-0.55,-0.09,-0.32,-0.07,0.07,0.04,-0.74,0.32,-0.58,0.07,-0.040000003,0
YOR023C,-0.195,-0.39,-0.22999999,-0.07,0.0,0.23,0.23,0.31,-0.01,-0.08,-0.54,0.05,-0.16,-0.34,-0.01,0.13,0.28,0.15,0.45,-0.04,-0.06,0.14,-0.055,1
YOR025W,-1.52,-1.64,-0.64,0.36,0.98,1.46,1.16,1.15,0.74,-0.2,-0.87,-0.49,-1.16,-0.6,-0.33,0.66,0.32,1.03,0.49,-0.09,0.11,-0.35,-0.47500002,1
YOR026W,0.35500002,0.44,0.285,0.13,-0.27,0.04,-0.01,-0.08,-0.46,0.06,-0.24,0.35,-0.29,0.79,0.14,0.13,-0.26,-0.16,-0.06,0.21,-0.26,-0.02,-0.08,0
YOR031W,0.29500002,0.27,0.045,-0.18,-0.08,-1.59,0.18,0.41,0.18,0.08,-0.14,-0.39,0.24,0.24,-0.08,0.03,0.01,-0.16,0.13,0.11,0.27,-0.16,-0.14,0
YOR033C,0.86,0.65,0.109999985,-0.43,-0.34,-0.43,-0.4,-0.62,-0.33,0.11,1.23,0.5,0.03,0.14,-0.16,-0.51,0.16,-0.75,0.07,0.4,0.18,-0.02,-0.235,1
YOR034C,0.3,0.45,0.16999999,-0.11,0.36,0.19,0.54,-0.09,0.06,-0.21,0.05,-0.19,0.25,-0.03,0.56,-0.16,-0.45,-0.19,0.08,-0.63,0.33,-0.33,-0.39,0
YOR035C,-0.085,-0.01,-0.05,-0.09,0.25,-0.01,0.3,-0.29,0.02,-0.01,0.38,0.18,0.19,0.04,0.45,-0.41,-0.01,-0.57,0.15,0.02,0.56,-0.31,-0.13,0
YOR036W,-0.09,-0.04,-0.120000005,-0.2,-0.41,-0.02,0.01,-0.08,-0.43,0.05,-0.15,-0.06,-0.23,0.26,-0.09,-0.2,-0.32,-0.14,0.02,0.21,0.28,0.65,0.53499997,0
YOR037W,0.165,0.18,0.060000002,-0.06,-0.2,-0.1,0.08,-0.13,-0.18,-0.02,-0.24,0.35,-0.55,-0.26,0.54,-0.15,-0.18,-0.22,0.08,0.13,0.51,0.24,0.06999999,0
YOR038C,0.44,0.35,0.059999995,-0.23,-0.11,0.05,-0.11,0.01,-0.21,0.2,-0.02,0.28,0.16,0.34,0.08,0.1,-0.14,-0.31,-0.73,-0.05,-0.02,0.05,-0.045,0
YOR039W,0.33499998,0.29,0.105,-0.08,0.06,0.01,-0.48,-0.07,-0.24,0.1,-0.02,0.65,-0.1,0.1,0.12,-0.19,-0.05,0.01,-0.69,-0.22,0.0,0.09,0.010000002,0
YOR041C,-0.15,-0.15,-0.17500001,-0.2,-0.41,-0.37,-0.24,0.04,-0.11,0.27,-0.41,0.87,-0.5,-0.16,0.27,-0.39,0.18,-0.57,0.41,0.48,0.39,0.3,0.26500002,0
YOR042W,0.075,0.15,-0.019999996,-0.19,-1.0,0.15,-0.02,0.15,-0.64,0.45,-0.26,-0.1,-0.68,0.22,-0.31,0.19,-0.41,0.29,-0.71,0.21,0.06,0.95,0.77,0
YOR043W,0.089999996,-0.01,0.005,0.02,0.03,0.29,-0.14,0.19,-0.11,0.25,-0.17,0.43,-0.36,-0.04,-0.61,0.2,-0.07,0.18,-0.59,0.03,-0.2,0.25,0.18,0
YOR044W,0.07,0.25,0.32999998,0.41,0.22,-0.14,0.59,-0.05,0.0,-0.5,0.22,0.03,0.17,0.35,0.46,-0.44,0.2,-0.44,0.03,-0.23,0.43,-0.7,-0.38,0
YOR045W,-0.475,-0.51,-0.355,-0.2,0.21,0.06,-0.12,0.15,0.26,0.16,-0.03,0.5,0.06,0.0,-0.06,0.01,0.34,0.15,-0.02,-0.19,-0.12,0.03,-0.07,0
YOR047C,0.255,0.07,0.09,0.11,-0.27,-0.05,-0.33,0.24,-0.37,0.15,-0.12,0.54,-0.47,0.1,-0.26,0.35,0.04,-0.29,0.04,-0.01,-0.13,0.08,0.01,0
YOR049C,-0.27,-0.27,-0.17500001,-0.08,0.14,-0.34,-0.01,0.23,0.49,-0.47,-0.22,-0.65,-0.32,-0.22,0.32,-0.48,0.88,-0.21,1.35,0.7,1.03,-0.32,-0.31,1
YOR051C,0.53999996,0.39,0.22999999,0.07,-0.56,0.06,-0.41,0.1,-0.47,0.15,-0.37,0.21,-0.73,-0.05,-0.66,0.21,-0.39,-0.02,-0.2,0.57,-0.29,0.49,0.365,0
YOR053W,-0.095,-0.19,-0.13,-0.07,-0.07,-0.05,0.0,0.03,-0.02,-0.07,-0.22,0.1,-0.13,-0.1,-0.02,-0.38,-0.03,-0.2,0.27,0.38,0.29,0.18,0.120000005,0
YOR055W,-0.14,-0.21,-0.27,-0.33,-0.19,-0.41,-0.15,-0.1,0.0,0.05,-0.25,-0.52,-0.21,-0.07,0.41,-0.07,-0.08,-0.45,0.43,0.61,0.87,0.17,0.16,0
YOR057W,0.13499999,0.06,0.049999997,0.04,-0.24,-0.11,-0.21,0.0,-0.02,-0.13,-0.49,-0.02,-0.28,-0.09,0.17,-0.04,0.06,0.0,0.17,-0.07,0.38,0.02,0.04,0
YOR058C,-0.65999997,-0.75,-0.21,0.33,0.28,0.71,0.31,0.87,-0.02,-0.08,-1.12,-0.85,-0.85,-0.14,0.27,0.4,0.84,0.43,0.36,0.67,0.33,-0.1,-0.35000002,1
YOR060C,0.005000001,-0.06,0.045,0.15,-0.11,0.04,0.12,0.19,-0.06,0.07,-0.16,-0.13,-0.01,-0.11,0.19,0.04,0.04,0.13,-0.44,-0.24,0.05,-0.09,0.034999996,0
YOR061W,0.31,0.38,0.285,0.19,-0.03,0.18,-0.2,0.15,-0.34,0.14,-0.23,0.03,-0.41,-0.04,-0.71,0.39,-0.06,0.29,-0.3,-0.41,-0.29,0.3,0.26500002,0
YOR062C,0.185,0.23,0.255,0.28,-0.49,0.43,-0.22,0.68,-0.29,0.54,-0.26,-0.41,-0.47,-0.19,0.15,0.25,0.07,0.5,-0.77,-0.99,-0.06,0.19,0.18,0
YOR063W,-0.25,-0.06,0.04,0.14,0.31,0.34,0.08,0.28,0.08,0.24,-0.19,0.31,-0.29,-0.07,0.08,-0.03,0.14,0.17,-0.24,0.13,0.08,-0.04,-0.13,0
YOR064C,0.099999994,0.16,0.215,0.27,0.04,0.39,0.43,0.34,0.15,0.02,-0.41,-0.3,-0.25,-0.04,0.13,0.11,0.06,0.34,-0.45,-0.51,0.19,-0.1,-0.21,0
YOR065W,-1.4749999,-1.17,-0.505,0.16,0.47,0.43,-0.21,0.4,0.12,0.48,-0.1,0.44,-0.13,0.14,-0.06,0.2,-0.05,0.4,0.13,0.47,0.33,0.29,0.305,0
YOR066W,-0.09499997,-1.05,-0.91499996,-0.78,-1.67,-0.23,0.44,1.11,0.44,1.18,0.18,0.01,-1.03,-0.67,-1.4,-0.29,-0.69,0.34,-0.67,0.09,0.75,1.01,0.76,1
YOR067C,-0.255,-0.14,-0.125,-0.11,0.5,0.02,0.12,-0.14,0.34,-0.16,0.04,0.82,0.2,-0.1,0.04,-0.33,0.43,-0.31,0.68,-0.37,0.44,-0.41,-0.41,0
YOR069W,0.13,0.11,0.07,0.03,-0.34,0.12,-0.15,0.11,-0.38,0.17,-0.45,0.49,-0.54,-0.07,-0.06,0.09,0.04,-0.04,-0.22,0.18,0.11,0.21,0.225,0
YOR071C,-0.145,-0.28,-0.34,-0.4,0.14,-0.21,0.58,0.22,0.68,0.02,0.2,-0.19,0.26,-0.09,0.5,-0.42,0.37,-0.57,0.78,-0.5,0.76,-0.52,-0.53499997,0
YOR073W,0.325,0.74,0.615,0.49,0.26,-0.02,-0.53,-0.11,-0.82,-0.39,-0.19,0.0,-0.09,0.26,0.44,0.37,0.35,-0.48,0.4,-0.13,0.32,-0.34,-0.275,1
YOR075W,0.745,0.69,0.4,0.11,-0.33,-0.35,-0.11,-0.06,-0.37,0.23,0.14,0.2,-0.21,0.36,-0.23,-0.81,-0.02,-0.29,-0.19,-0.21,0.13,0.13,0.07,1
YOR079C,-0.004999999,0.12,0.055,-0.01,0.31,-0.42,0.17,-0.01,0.14,-0.21,0.12,0.32,0.41,-0.04,0.52,-0.48,0.6,-0.33,0.65,-0.72,0.27,-0.44,-0.35,0
YOR081C,0.014999997,0.13,0.205,0.28,0.37,-0.63,-0.06,-0.24,-0.22,-0.14,0.44,0.45,0.22,0.18,0.29,-0.17,0.54,-0.25,0.35,-0.38,0.43,-0.29,-0.375,0
YOR085W,-0.51,-0.36,-0.02000001,0.32,0.64,0.47,-0.06,0.09,0.31,-0.01,-0.45,0.28,0.29,0.06,-0.3,-0.01,0.63,0.22,0.36,-0.83,0.03,-0.15,-0.185,0
YOR086C,-0.14999999,-0.24,-0.12,0.0,0.06,-0.1,-0.26,-0.02,-0.03,-0.03,-0.06,0.2,0.19,0.19,0.42,-0.39,-0.15,-0.26,0.11,0.18,-0.03,-0.06,0.07,0
YOR087W,-0.59000003,-0.44,-0.16,0.12,0.29,0.12,-0.04,0.05,-0.06,-0.02,-0.24,0.32,0.05,0.1,-0.35,0.02,0.39,0.03,0.4,-0.15,0.35,0.17,0.13,0
YOR088W,-0.61,-0.41,-0.13499999,0.14,0.05,0.35,0.43,0.07,0.25,0.07,-0.28,-0.03,-0.01,-0.05,0.63,0.17,0.19,0.25,-0.17,-0.54,0.38,0.41,0.365,0
YOR089C,0.075,0.1,0.105000004,0.11,-0.23,0.01,-0.33,-0.04,-0.7,0.19,-0.48,-0.02,-0.59,0.15,0.34,0.26,-0.07,0.11,-0.57,-0.1,-0.32,0.7,0.57,0
YOR090C,0.02,0.0,0.145,0.29,-0.29,0.26,0.06,0.2,-0.53,0.17,-0.38,0.11,-0.36,0.32,0.07,0.28,-0.21,0.11,-0.91,-0.34,-0.36,0.59,0.45499998,0
YOR092W,-0.13,-0.06,0.065,0.19,0.46,0.21,0.5,0.21,0.39,-0.17,-0.17,-0.07,-0.1,0.01,0.54,0.2,0.47,0.15,-0.12,-1.28,-0.38,-0.2,-0.285,0
YOR094W,0.27,0.17,0.08,-0.01,0.39,-0.17,0.35,-0.06,0.3,-0.08,-0.3,0.11,0.07,0.16,-0.03,-0.52,0.24,-0.3,0.46,0.34,-0.06,-0.11,-0.195,0
YOR095C,0.45,0.35,0.275,0.2,-0.21,0.23,-0.04,0.34,-0.17,0.35,-0.27,0.2,-0.66,-0.1,-0.37,0.22,0.07,0.22,0.19,-0.57,-0.57,0.0,-0.105,0
YOR097C,-0.17,-0.2,-0.225,-0.25,0.27,-0.04,0.18,0.08,-0.08,-0.2,-0.47,-0.82,0.08,0.12,2.05,-0.27,0.24,-0.44,0.25,-0.11,0.11,0.0,-0.145,0
YOR099W,-0.31,-0.07,0.035,0.14,0.62,0.13,0.08,-0.51,0.32,-0.2,0.13,0.59,0.63,0.2,0.53,-0.2,0.68,-0.63,0.79,-0.76,0.2,-0.47,-0.445,0
YOR101W,0.36,0.17,0.21000001,0.25,0.12,-0.02,0.15,0.06,-0.03,0.03,-0.17,0.02,-0.3,0.17,0.24,-0.12,0.62,0.15,0.74,-0.13,-0.1,-0.47,-0.425,0
YOR103C,-0.105,-0.05,0.075,0.2,0.3,0.07,0.21,-0.43,-0.08,-0.06,0.02,-0.29,0.27,0.1,0.29,0.35,0.38,0.03,0.13,-0.67,-0.1,-0.2,-0.215,0
YOR105W,-0.15,-0.18,-0.2,-0.22,0.17,0.09,-0.23,0.3,0.16,-0.07,-0.12,-0.22,-0.36,0.19,0.22,0.39,0.16,0.17,0.13,0.01,0.06,-0.13,-0.175,1
YOR106W,0.57,0.35,0.36,0.37,-0.34,0.41,0.0,0.3,-0.67,0.28,-0.56,0.03,-0.81,-0.22,-0.48,0.44,-0.32,0.21,-0.89,-0.42,-0.67,0.72,0.56,0
YOR107W,0.495,0.12,0.135,0.15,0.56,-0.45,0.14,-0.07,0.03,0.21,-0.19,0.08,-0.05,0.42,-0.01,0.01,0.19,-0.21,-0.21,-0.09,0.37,-0.78,-0.85,0
YOR108W,-0.135,-0.05,0.034999996,0.12,0.01,0.27,-0.09,0.24,0.19,0.2,-0.17,0.08,-0.01,0.1,0.19,0.39,0.3,0.43,-0.19,-1.15,-0.48,0.07,-0.029999997,0
YOR109W,0.01,-0.05,-0.015000001,0.02,0.6,-0.02,-0.12,-0.1,-0.09,-0.04,-0.05,-0.01,0.04,0.3,0.56,-0.3,0.31,-1.3,0.04,0.02,0.49,-0.05,-0.11,0
YOR110W,0.0,0.42,0.29,0.16,-0.21,0.24,-0.3,0.13,-0.5,0.38,-0.11,0.29,-0.09,0.11,0.02,0.2,-0.01,0.11,-0.45,-0.64,-0.42,0.39,0.37,0
YOR111W,0.155,0.3,0.060000002,-0.18,0.18,-0.32,0.04,-0.25,0.15,0.14,0.31,-0.03,0.1,0.15,0.01,-0.83,0.71,-0.92,0.27,0.23,1.08,-0.47,-0.28,0
YOR112W,0.335,0.6,0.49,0.38,0.19,0.22,0.33,-0.05,-0.16,-0.1,-0.21,0.13,0.12,0.37,0.29,0.13,0.02,-0.17,-0.31,-0.9,0.0,-0.16,-0.195,0
YOR113W,0.23,0.12,0.014999997,-0.09,-0.03,-0.05,-0.34,0.13,-0.44,0.22,-0.19,0.17,-0.14,0.47,-0.44,-0.02,0.16,-0.27,-0.02,0.46,-0.09,0.16,-0.005000003,0
YOR114W,1.325,1.8,0.995,0.19,-0.12,-0.63,-0.45,-0.72,-0.94,0.09,0.35,0.81,0.24,0.93,0.08,-0.1,0.01,-0.33,-0.33,-1.05,-0.01,0.03,-0.010000001,1
YOR115C,0.45,0.58,0.114999995,-0.35,-0.22,-0.23,-0.41,-0.11,-0.48,0.21,-0.09,0.51,0.01,0.28,-0.43,0.02,-0.15,-0.22,-0.43,0.18,-0.25,0.38,0.445,1
YOR116C,0.245,0.11,0.125,0.14,0.38,0.41,0.08,0.3,0.47,0.04,0.01,-0.31,-0.22,-0.31,-1.32,-0.05,0.74,-0.09,0.77,-0.2,0.2,-0.6,-0.66,0
YOR117W,-0.165,-0.15,-0.2,-0.25,-0.27,-0.16,-0.67,-0.2,-0.55,0.18,0.09,0.11,-0.31,0.07,0.3,0.01,0.04,0.18,0.01,0.46,0.06,0.63,0.48000002,0
YOR119C,0.595,0.32,-0.63,-1.58,-0.06,0.22,-0.13,0.27,-0.04,0.29,-0.48,0.06,-0.67,0.33,0.0,0.12,0.34,0.14,0.48,0.02,-0.33,-0.18,-0.255,0
YOR121C,-0.21000001,-0.25,-1.025,-1.8,0.04,0.17,-0.01,0.2,0.19,0.17,-0.31,0.29,-0.25,0.08,0.37,0.04,0.53,0.08,0.13,-0.31,0.2,0.25,0.255,0
YOR122C,-0.215,-0.2,-0.07,0.06,0.13,0.19,0.28,0.02,0.21,0.01,-0.23,0.13,0.07,-0.09,-0.41,-0.15,0.46,-0.99,0.67,0.05,0.45,-0.07,-0.125,0
YOR123C,0.48,0.32,0.185,0.05,-0.53,-0.03,-0.5,0.29,-0.59,0.39,-0.34,0.47,-0.5,0.41,-0.53,-0.19,-0.16,0.01,-0.24,0.39,-0.59,0.45,0.29,0
YOR124C,-0.035,0.07,0.08,0.09,-0.23,0.23,-0.45,0.09,-0.4,0.28,-0.12,-0.14,0.0,-0.37,-0.06,0.13,-0.02,0.15,-0.5,-0.32,-0.1,0.77,0.67999995,0
YOR125C,-0.24,-0.1,-0.114999995,-0.13,-0.21,-0.38,-0.56,-0.03,-0.14,0.1,0.09,0.57,-0.14,0.31,0.62,-0.58,0.47,-0.08,0.34,0.16,0.58,-0.15,-0.14500001,0
YOR128C,-0.1,-0.37,-0.305,-0.24,-0.07,-0.31,0.49,-0.05,-0.17,-0.31,-0.28,1.79,-0.3,0.22,0.19,-0.43,0.17,-0.78,0.01,0.24,0.79,-0.28,-0.28,0
YOR130C,0.125,0.36,0.21000001,0.06,-0.2,0.02,-0.56,0.06,-0.53,0.02,-0.23,0.44,0.02,0.36,-0.18,0.16,-0.16,0.25,-0.42,-1.04,-0.11,0.65,0.67999995,0
YOR132W,0.515,0.62,0.495,0.37,-0.58,0.23,-0.82,0.15,-0.82,0.63,-0.23,0.48,-0.32,0.46,-0.69,0.11,-0.45,0.02,-0.82,-0.82,-0.35,0.93,0.705,0
YOR133W,-0.355,-0.21,-0.065,0.08,0.7,0.27,0.12,0.22,0.68,0.14,0.42,0.03,0.38,-0.17,-0.32,-0.22,0.52,-0.22,0.54,-0.34,0.01,-0.39,-0.45499998,0
YOR135C,-1.825,-1.43,-0.815,-0.2,0.63,0.43,0.25,0.68,0.8,0.54,0.3,0.2,0.11,0.17,-0.01,-0.22,0.1,0.02,-0.11,0.23,0.2,0.15,0.235,0
YOR136W,-1.73,-1.3,-0.565,0.17,0.4,0.72,-0.62,0.8,0.63,0.6,-0.01,0.44,0.08,0.38,-0.12,0.08,-0.05,0.31,-0.58,-0.74,0.33,0.48,0.53499997,0
YOR137C,-0.45000002,-0.1,-0.215,-0.33,0.2,-0.02,0.22,0.56,0.58,-0.21,-0.06,-0.29,-0.18,-0.6,0.24,-0.49,0.5,-0.18,0.44,0.51,0.75,-0.1,-0.095,0
YOR138C,0.25,0.02,-0.21,-0.44,0.16,-0.59,0.08,-0.06,0.01,-0.2,0.12,0.28,0.23,0.36,0.25,-0.72,0.2,-0.64,0.26,0.44,0.75,-0.59,-0.385,0
YOR139C,0.030000001,-0.11,-0.009999998,0.09,0.17,0.05,-0.04,0.05,-0.21,0.21,-0.26,-0.08,-0.55,0.05,0.13,0.3,0.36,-0.25,0.24,-0.01,0.41,-0.35,-0.225,0
YOR140W,-0.030000001,-0.07,-0.07,-0.07,0.2,0.14,0.39,0.01,0.1,-0.01,-0.07,0.21,0.07,0.01,0.01,-0.23,0.55,-0.32,0.2,-0.24,0.61,-0.89,-0.53,0
YOR141C,0.275,0.25,0.08,-0.09,-0.07,0.17,-0.36,0.28,-0.25,0.19,-0.2,-0.09,-0.36,-0.01,0.04,0.01,0.13,-0.12,-0.12,0.39,-0.22,-0.27,0.015000001,0
YOR142W,-1.115,-1.04,-0.67499995,-0.31,-0.02,-0.09,0.11,-0.25,0.22,-0.17,0.01,0.53,0.35,-0.12,0.74,-0.17,0.51,0.04,0.89,-0.12,0.78,-0.07,0.004999999,0
YOR144C,0.635,0.62,0.175,-0.27,-0.5,-0.44,0.49,-0.18,-0.44,-0.27,0.48,0.47,0.22,0.07,-0.03,-0.42,0.14,-0.66,0.15,0.33,0.63,-0.34,-0.305,1
YOR146W,0.6,0.4,0.22500001,0.05,-0.29,0.36,0.09,0.19,-0.36,0.0,-0.38,0.47,-0.66,0.26,-0.12,0.23,-0.18,0.0,-0.24,-0.09,-0.21,-0.32,-0.445,0
YOR147W,0.2,0.03,0.155,0.28,0.25,0.16,0.22,0.3,0.18,0.05,-0.38,-0.02,-0.21,0.05,0.03,-0.05,0.06,0.09,0.56,-0.36,0.3,-0.13,-0.16999999,0
YOR148C,0.39000002,0.23,-0.155,-0.54,-0.4,-0.52,0.38,0.0,-0.26,-0.58,-0.08,0.44,-0.28,1.34,0.26,-0.6,0.15,-0.41,0.05,0.18,0.39,-0.06,-0.255,0
YOR149C,-0.030000001,0.22,0.125,0.03,0.41,0.03,0.45,0.09,0.31,-0.22,0.04,0.12,-0.18,0.07,0.4,-0.4,0.33,-0.5,0.95,-0.86,0.46,-0.47,-0.485,0
YOR150W,-0.65999997,-0.64,-0.62,-0.6,-0.5,-0.26,-0.06,0.03,-0.12,0.05,-0.19,0.55,-0.02,0.69,0.29,0.06,-0.08,0.09,0.15,0.13,0.46,0.35,0.315,0
YOR151C,0.114999995,0.1,0.035,-0.03,0.12,0.1,-0.12,0.12,-0.12,-0.16,-0.25,-0.25,0.04,0.04,-0.07,0.02,0.1,-0.31,0.18,0.3,0.3,0.13,0.014999997,0
YOR152C,-0.51,-0.57,-0.215,0.14,0.43,0.21,0.52,-0.13,0.43,-0.49,-0.29,-0.23,0.14,0.97,0.61,-0.12,0.27,-0.16,0.29,-0.18,0.46,-0.65,-0.59,1
YOR153W,-1.73,-1.23,-0.38,0.47,1.11,0.78,1.03,0.54,0.72,-0.48,-0.54,-0.65,0.02,0.19,0.47,0.39,1.07,0.11,0.54,0.0,0.04,-0.58,-0.53,1
YOR154W,0.635,0.46,0.29500002,0.13,-0.96,0.51,-0.49,0.27,-0.99,0.61,-0.33,0.31,-0.54,-0.25,-0.27,0.5,0.12,0.24,-0.93,-0.33,-0.54,0.46,0.305,0
YOR155C,0.055,0.0,-0.17,-0.34,-0.38,-0.09,-0.34,0.35,-0.31,0.51,-0.01,0.37,-0.04,0.22,0.09,0.06,-0.05,0.08,-0.65,-0.88,0.21,0.58,0.385,0
YOR157C,-0.24000001,-0.14,-0.105000004,-0.07,-0.18,0.15,-0.22,0.2,-0.42,0.32,-0.47,0.2,-0.52,0.08,-0.27,0.18,0.0,0.46,-0.47,-0.22,0.16,0.82,0.615,0
YOR158W,-0.19999999,-0.21,-0.25,-0.29,-1.14,-0.07,-0.37,0.16,-1.04,0.49,-0.13,0.37,-0.64,0.51,-0.21,0.32,-0.25,0.27,-0.4,0.91,-1.14,1.11,0.96000004,0
YOR159C,-0.019999996,-0.48,-0.21,0.06,0.53,0.01,0.56,0.14,0.66,0.21,0.14,-2.06,0.44,0.14,0.37,-0.2,0.59,-0.1,0.78,-0.6,0.38,-0.36,-0.37,0
YOR160W,-0.109999985,-0.59,-0.415,-0.24,0.11,-0.22,0.26,0.03,0.46,-0.03,0.38,-0.14,-0.26,0.14,-0.32,-0.3,0.2,-0.07,0.03,0.29,0.41,-0.36,-0.32,0
YOR161C,-0.89,-1.13,-0.96000004,-0.79,0.03,-0.15,0.35,0.05,0.52,0.27,0.0,0.19,0.0,-0.17,0.08,-0.42,0.44,0.12,0.57,-0.45,0.93,0.02,0.089999996,0
YOR163W,0.015000001,0.11,0.09,0.07,-0.31,0.07,-0.27,0.17,-0.37,0.3,-0.51,0.42,-0.43,0.41,-0.24,0.26,-0.2,0.41,-0.39,-0.75,-0.2,0.58,0.54999995,0
YOR164C,0.024999999,0.14,-0.16,-0.46,-0.42,0.29,-0.22,0.04,-0.89,0.18,-0.22,0.13,-0.42,0.47,-0.42,0.47,-0.08,0.48,-0.22,-0.2,0.14,0.47,0.42000002,0
YOR165W,-0.015000004,0.12,0.22500001,0.33,0.34,0.34,0.08,0.22,-0.06,0.07,-0.48,-0.03,-0.35,0.13,0.05,0.27,0.15,0.15,-0.33,-0.25,-0.48,0.13,0.049999997,0
YOR166C,0.095,0.16,0.18,0.2,-0.11,0.19,0.2,0.29,-0.31,-1.2,-0.37,0.77,-0.11,-0.01,-0.02,0.15,-0.87,0.16,-0.29,0.19,0.23,0.26,0.175,0
YOR167C,-0.235,-0.12,0.035,0.19,0.44,0.39,0.22,0.35,0.41,0.25,0.04,0.35,0.06,-0.06,-0.05,-0.14,-0.07,0.06,0.16,-0.85,-0.32,-0.26,-0.345,0
YOR168W,0.26999998,0.06,0.004999999,-0.05,-0.21,0.23,-0.31,0.27,-0.07,0.11,-0.12,0.76,-0.25,0.17,-0.08,0.05,-1.62,-0.05,-0.05,0.49,0.0,0.14,-0.095000006,0
YOR169C,0.36499998,0.21,0.19999999,0.19,-0.11,0.39,-0.07,0.42,-0.2,0.36,-0.26,0.04,-0.64,-0.04,-0.56,0.21,-0.4,0.16,-0.18,-0.18,-0.56,0.18,0.015000001,0
YOR171C,0.235,0.13,0.255,0.38,-0.06,0.23,-0.21,0.3,-0.16,0.09,-0.59,-0.03,-0.5,-0.03,-0.02,0.19,-0.08,0.06,0.17,-0.18,-0.13,0.07,-0.09,0
YOR172W,0.06,0.06,-0.074999996,-0.21,0.12,-0.11,-0.16,-0.49,-0.01,-0.89,0.03,-0.03,0.35,-0.11,1.05,-0.18,0.55,-0.13,0.24,0.3,0.11,-0.16,-0.065,0
YOR173W,-0.255,-0.27,-0.22500001,-0.18,-0.44,-0.13,-0.33,0.09,-0.49,-0.08,-0.32,-0.94,-0.19,-0.51,0.18,-0.09,0.41,-0.01,-0.22,-0.15,0.3,0.84,1.025,0
YOR174W,0.565,0.52,0.26,0.0,-0.17,-0.02,-0.21,-0.11,-0.36,0.42,-0.02,-0.02,-0.5,-0.21,-0.07,-0.27,-0.13,0.13,-0.07,0.01,0.06,0.1,0.13,0
YOR175C,0.38,0.3,0.22,0.14,0.21,-0.08,-0.48,-0.4,-0.35,-0.35,-0.4,-0.2,0.1,0.12,0.43,-0.04,0.18,-0.22,0.4,-0.27,0.41,-0.08,-0.07,0
YOR176W,-0.035,0.07,0.07,0.07,0.07,-0.24,-1.22,-0.68,-0.8,-0.16,0.12,0.96,0.49,0.36,0.76,0.01,-0.03,-0.22,0.27,-0.28,0.5,0.06,0.13499999,1
YOR178C,-0.28,-0.55,-0.61,-0.67,-0.42,-0.51,0.49,-0.38,0.71,-0.32,0.31,0.19,0.4,-0.24,0.77,-0.78,0.43,-0.5,0.46,0.56,1.04,-0.24,-0.34,0
YOR179C,0.17,0.31,0.010000005,-0.29,-0.18,-0.22,0.15,0.08,-0.47,0.03,-0.37,-0.07,-0.27,-0.12,0.35,-0.15,0.26,-0.33,0.07,0.1,0.78,0.18,0.080000006,0
YOR180C,-0.08,-0.04,0.14500001,0.33,-0.59,0.12,-0.19,-0.07,-0.5,0.15,-0.07,0.32,-0.48,0.04,0.01,0.31,0.04,0.02,0.4,-0.31,0.43,0.11,0.065,0
YOR181W,0.135,0.17,0.39000002,0.61,0.29,0.55,-0.19,0.34,-0.19,0.28,-0.71,0.43,-0.64,0.31,-0.33,0.17,-0.14,0.23,-0.41,-0.52,-0.47,-0.04,0.075,0
YOR182C,0.29,0.46,0.395,0.33,-0.42,0.46,0.19,0.39,-0.67,0.35,-0.46,0.24,-0.62,0.38,-0.76,0.03,-0.48,0.38,-0.79,-0.05,-0.67,0.42,0.29,0
YOR184W,0.089999996,0.24,0.225,0.21,-1.02,0.19,-0.74,0.1,-0.92,0.32,-0.29,0.52,-0.29,0.55,-0.31,0.08,-0.42,0.21,-0.52,0.03,-0.02,0.68,0.68,0
YOR185C,0.135,0.05,0.015000001,-0.02,0.19,0.03,-0.14,-0.11,-0.18,0.13,-0.49,0.22,-0.47,-0.04,-0.12,0.02,-0.18,-0.2,-0.67,-0.09,0.02,0.24,0.39000002,0
YOR187W,-1.085,-0.97,-0.645,-0.32,-0.09,-0.08,-0.16,-0.1,0.1,0.41,0.1,0.54,0.17,0.31,0.19,0.18,0.2,0.41,-0.43,-0.2,0.15,0.4,0.39499998,0
YOR188W,0.275,0.63,0.805,0.98,0.42,0.53,-0.14,-0.22,-0.87,-0.3,-0.44,-0.04,-0.26,0.62,0.3,0.53,0.08,-0.4,-0.37,-0.4,-0.33,0.07,-0.044999998,1
YOR189W,0.235,0.19,0.009999998,-0.17,-0.47,-0.07,0.0,-0.05,-0.53,0.13,-0.38,0.03,-0.15,-0.1,0.09,-0.08,-0.19,-0.02,-0.28,0.15,0.35,0.1,0.225,0
YOR190W,0.26000002,-0.08,-0.07,-0.06,0.6,-0.43,0.27,-0.23,-0.06,-0.55,0.91,-0.01,0.69,-0.5,0.82,-0.26,-0.13,-0.76,0.57,0.25,0.78,-0.5,-0.505,0
YOR192C,-0.33499998,-0.39,-0.305,-0.22,-0.01,0.06,0.61,0.31,0.78,0.07,0.2,-0.13,-0.01,-0.15,0.37,-0.18,-0.87,-0.17,0.85,0.33,0.35,-0.54,-0.555,0
YOR193W,0.375,0.42,0.25,0.08,-0.19,-0.07,0.02,0.22,-0.28,-0.11,-0.71,0.06,-0.59,0.08,-0.06,-0.14,-0.48,-0.24,0.06,0.09,-0.26,0.47,0.295,0
YOR194C,0.32999998,0.26,0.024999999,-0.21,-0.58,0.01,-0.14,-0.11,-0.7,0.18,0.13,1.0,-0.19,0.17,-0.19,0.17,-1.67,0.01,-0.27,0.63,-0.6,0.53,0.445,0
YOR196C,0.38,0.43,0.285,0.14,-0.38,0.33,0.18,0.27,-0.68,0.17,-0.45,0.86,-0.68,0.19,-0.22,0.28,-0.64,0.16,-0.06,-0.07,-0.28,-0.03,-0.05,0
YOR198C,0.26,0.32,0.13,-0.06,-0.53,-0.06,-0.59,-0.21,-0.63,-0.08,-0.29,0.46,-0.15,0.2,-0.37,0.16,0.06,0.08,0.06,0.32,-0.13,0.34,0.25,0
YOR199W,0.11,0.11,0.055,0.0,0.04,-0.12,-0.25,-0.06,-0.06,0.16,-0.37,0.0,0.09,-0.08,0.0,-0.12,0.13,0.13,-0.02,0.07,-0.04,0.05,-0.09,0
YOR200W,-0.08,-0.09,0.099999994,0.29,-0.39,0.04,-0.29,0.0,-0.5,0.12,0.04,0.46,0.08,0.19,-0.03,0.1,-0.21,0.01,-0.14,-0.24,0.19,0.24,0.095,0
YOR201C,-0.21,-0.16,-0.175,-0.19,-0.23,-0.03,-0.37,0.1,-0.39,0.05,-0.47,0.02,-0.27,0.05,0.07,0.18,0.15,0.12,0.05,0.36,0.23,0.33,0.24000001,0
YOR202W,0.114999995,0.29,0.225,0.16,-0.41,0.18,0.14,0.02,-0.28,0.07,-0.13,-0.36,-0.43,-0.46,0.25,0.26,0.39,-0.38,-0.1,-0.43,0.2,0.28,0.28,0
YOR204W,0.0,-0.06,0.19,0.44,-0.41,0.67,0.08,0.36,-0.21,0.27,-0.21,0.24,-0.19,0.19,-0.03,0.23,0.35,0.0,-0.08,-1.02,-0.24,-0.13,-0.24,0
YOR205C,-0.275,-0.4,-0.15,0.1,0.16,0.25,-0.07,0.18,-0.05,0.37,-0.25,0.24,-0.45,0.12,0.01,0.23,0.11,0.22,-0.23,0.21,-0.1,-0.22,-0.17,0
YOR206W,1.14,1.02,0.74,0.46,-0.53,0.71,0.02,0.47,-0.79,0.5,-0.62,0.04,-0.69,0.17,-0.62,0.4,-0.25,-0.5,-0.83,-0.3,-0.94,0.15,-0.029999994,0
YOR207C,0.39499998,0.2,-0.019999996,-0.24,0.16,-0.46,-0.07,-0.35,2.81,0.13,-0.2,0.53,-0.64,0.07,-0.2,-0.84,0.07,-0.28,0.25,-0.12,0.08,-0.57,-0.63,0
YOR208W,0.58,0.95,0.65999997,0.37,-0.07,0.28,0.15,0.14,-0.25,0.22,-0.02,0.2,-0.22,0.38,0.06,-0.74,-0.38,-0.88,-0.64,-0.2,-0.1,0.15,0.13,0
YOR209C,0.36,0.36,0.215,0.07,-0.16,0.13,0.0,0.06,-0.4,0.47,-0.29,0.22,-0.53,-0.08,-0.08,0.03,-0.18,0.18,-0.46,-0.06,-0.27,-0.11,0.045,0
YOR210W,0.54499996,0.5,0.26,0.02,-0.43,0.25,0.26,0.28,-0.1,0.23,-0.19,0.1,-0.64,0.02,-0.24,-0.08,-0.57,-0.18,-1.1,0.28,-0.43,0.51,0.08999999,0
YOR211C,0.09,0.09,0.08,0.07,-0.08,0.23,0.37,0.46,-0.16,0.37,-0.27,-0.06,-0.38,-0.14,-0.48,0.21,-0.05,0.09,-0.56,-0.52,-0.11,0.41,0.315,0
YOR212W,0.22,0.2,0.13,0.06,-0.53,0.26,0.04,0.18,-0.29,0.39,-0.18,0.13,-0.81,0.13,-0.16,0.06,-0.55,0.12,-1.2,0.16,0.12,0.63,0.425,0
YOR213C,0.055,0.0,0.08,0.16,0.27,0.19,0.06,-0.26,0.01,0.06,-0.45,-0.02,-0.39,-0.14,0.24,-0.02,-0.04,0.11,0.03,-0.26,0.49,-0.04,-0.065,0
YOR215C,-0.04,-0.12,-0.335,-0.55,-0.64,-0.17,-0.51,0.18,-0.55,0.47,-0.08,0.35,-0.39,0.19,-0.39,-0.05,-0.6,0.22,-0.37,0.34,-0.07,1.18,0.95,0
YOR216C,0.27,0.33,0.51,0.69,-0.33,-0.14,0.03,0.15,-0.77,-0.35,-0.12,0.85,-0.57,0.29,-0.33,-0.04,-0.33,-0.18,0.07,0.84,-0.12,0.17,0.15,0
YOR217W,0.055,0.1,0.11,0.12,-0.21,0.22,0.95,0.13,-0.28,-0.07,-0.55,0.03,-0.3,-0.07,-0.23,0.2,0.08,0.06,0.18,-0.13,-0.19,0.12,-0.015000004,0
YOR219C,-0.05,0.1,0.225,0.35,0.01,0.06,-0.45,-0.01,-0.28,-0.09,-0.47,-0.04,-0.04,0.18,0.22,0.02,-0.16,-0.34,0.34,0.09,0.38,0.18,0.125,0
YOR220W,-0.025000006,0.32,0.235,0.15,0.04,0.19,-0.11,-0.18,-0.56,0.25,-0.03,-0.34,-0.11,0.18,0.28,-0.1,-0.95,-0.19,0.09,-0.09,0.49,0.66,0.58000004,0
YOR221C,-0.35500002,-0.16,-0.085,-0.01,-0.29,0.15,-0.44,-0.06,-0.21,0.08,-0.38,0.02,-0.47,0.0,0.15,0.37,0.22,0.53,0.16,0.24,-0.01,0.16,0.29,0
YOR222W,-0.14,0.18,0.265,0.35,0.16,0.47,0.18,0.16,-0.3,0.01,0.22,0.81,0.14,0.46,0.41,0.08,-1.18,-0.05,0.11,-0.05,-0.16,-0.42,-0.42,0
YOR223W,-0.27,-0.21,-0.095,0.02,-0.02,-0.19,-0.11,0.02,0.12,-0.15,-0.49,-0.16,0.16,-0.07,-0.02,-0.08,0.4,0.06,0.5,-0.23,0.89,0.08,0.02,0
YOR224C,0.145,-0.03,-0.07,-0.11,0.04,0.14,0.28,0.13,-0.14,0.04,0.04,0.15,-0.38,-0.2,0.08,-0.18,-0.11,0.08,0.33,0.17,0.07,-0.36,-0.41000003,0
YOR225W,0.295,0.06,0.02,-0.02,0.14,0.11,0.06,-0.06,-0.08,-0.02,-0.57,-0.41,-0.35,-0.23,0.05,-0.29,0.1,-0.05,0.37,0.29,0.77,-0.02,-0.16000001,0
YOR226C,0.36,0.18,0.235,0.29,-0.49,0.33,0.33,0.32,-0.87,0.05,-0.58,0.07,-1.05,0.06,0.05,0.1,-0.34,0.41,-0.8,0.23,-0.13,0.37,0.29500002,0
YOR228C,-0.45,-0.43,-0.325,-0.22,-0.22,0.24,0.23,0.3,0.14,0.24,0.01,-0.22,-0.31,-0.18,0.1,-0.13,-0.05,0.04,0.24,-0.07,0.74,0.24,0.17,0
YOR229W,-0.475,-0.9,-0.7,-0.5,-0.34,0.02,0.49,0.82,0.27,0.62,-0.34,-0.28,-1.02,-1.15,-0.38,-0.05,-0.04,0.41,0.37,0.48,0.81,0.48,0.205,1
YOR230W,-0.22500001,-0.33,-0.48000002,-0.63,-1.19,-0.41,-0.75,-0.26,-0.43,0.42,0.06,0.46,-0.56,0.3,0.15,0.06,-0.32,0.36,-0.25,0.09,0.64,0.94,0.88,1
YOR231W,0.005000001,0.07,0.21,0.35,0.22,0.41,-0.22,0.34,-0.1,0.16,-0.52,0.04,-0.38,-0.08,-0.13,0.08,0.08,0.19,-0.19,-0.1,-0.13,0.0,-0.065,0
YOR232W,-0.075,-0.06,-0.07,-0.08,-1.2,0.21,-0.08,0.21,-0.94,0.41,-0.39,0.31,-0.44,0.39,-0.12,0.44,-0.46,0.45,-0.81,0.02,-0.25,1.01,0.82,0
YOR234C,0.29500002,0.36,0.315,0.27,-0.22,0.28,0.33,0.35,-0.2,0.37,-0.18,0.3,-0.39,0.12,-0.08,-0.05,-0.33,0.33,-1.05,-0.41,-0.47,0.11,0.025,0
YOR236W,-0.13,-0.08,0.015000001,0.11,-0.12,0.41,0.29,0.21,-0.1,0.27,-0.2,0.23,-0.77,0.16,0.0,0.18,-0.31,0.38,-0.98,-0.29,0.02,0.41,0.275,0
YOR237W,-0.22,-0.08,-0.21000001,-0.34,0.87,-0.43,0.53,-0.34,0.72,-0.41,0.03,0.02,0.33,-0.36,0.76,-0.56,0.53,-0.73,0.76,-0.05,0.97,-0.58,-0.48499998,0
YOR238W,0.040000003,-0.07,-0.17,-0.27,-0.22,-0.12,0.17,0.17,-0.19,0.05,0.23,-0.09,0.29,0.41,0.09,0.11,-0.1,-0.54,0.36,0.34,0.39,-0.24,-0.38,0
YOR239W,-0.26,-0.18,-0.11,-0.04,-0.43,0.13,-0.57,0.21,-0.57,0.12,-0.53,0.15,-1.06,0.07,-0.21,0.32,-0.11,0.31,0.16,0.89,0.17,0.6,0.515,0
YOR240W,-0.185,-0.13,-0.089999996,-0.05,-0.35,0.17,-0.3,0.14,-0.71,0.21,-0.41,0.18,-0.73,0.51,-0.01,0.16,-0.39,0.43,0.18,0.35,-0.05,0.45,0.33499998,0
YOR241W,0.030000001,0.28,0.095,-0.09,0.33,0.01,-0.02,0.12,-0.34,-0.22,-0.58,-0.27,-0.2,0.3,0.39,0.36,0.37,0.07,0.37,0.09,0.34,-0.27,-0.265,0
YOR242C,-0.075,-0.01,-0.04,-0.07,-0.25,0.06,-0.25,0.17,-0.46,0.17,-0.65,0.11,-0.38,-0.02,-0.21,0.29,-0.65,0.17,-0.08,0.22,0.03,0.56,0.53499997,1
YOR243C,-0.03,-0.11,-0.245,-0.38,0.1,-0.36,0.08,-0.15,0.41,0.01,0.02,0.2,-0.06,-0.13,0.2,-0.26,0.34,-0.38,0.72,0.27,0.46,-0.42,-0.36,0
YOR244W,0.11,0.21,0.13,0.05,-0.13,-0.02,-0.07,-0.18,-0.65,0.01,-0.16,0.27,-0.18,0.27,0.14,-0.02,-0.46,-0.05,-0.16,0.3,-0.13,0.23,0.185,0
YOR245C,-0.074999996,0.11,0.035,-0.04,0.31,-0.24,-0.15,0.0,-0.19,-0.44,-0.22,-0.13,-0.13,-0.04,0.23,0.02,0.39,-0.19,0.78,0.39,0.46,-0.22,-0.265,0
YOR246C,0.335,0.31,0.225,0.14,0.01,0.21,0.18,0.3,-0.29,0.09,-0.28,-0.26,-0.4,-0.07,0.01,0.29,-0.18,0.12,0.1,-0.44,-0.14,-0.18,-0.31,0
YOR247W,-0.035,-0.17,-0.125,-0.08,0.2,0.06,0.14,0.1,0.04,-0.11,-0.19,0.14,-0.22,0.08,0.03,-0.04,0.37,-0.35,0.5,0.15,0.2,-0.34,-0.31,1
YOR248W,0.28,0.24,0.06999999,-0.1,-0.22,0.05,-0.27,0.01,-0.43,0.12,-0.36,0.06,-0.38,0.18,-0.1,-0.04,-0.29,0.01,-0.16,-0.24,0.32,0.44,0.305,1
YOR249C,-0.089999996,-0.21,0.07,0.35,-0.04,0.31,0.07,0.19,-0.21,0.12,-0.35,-0.07,-0.21,-0.14,0.0,0.27,0.35,0.06,0.53,-0.5,-0.1,-0.16,-0.215,0
YOR250C,0.105,0.38,0.32999998,0.28,-0.25,-0.13,-0.13,-0.5,-0.66,0.07,0.22,0.96,0.36,0.67,0.75,-0.02,0.05,-0.3,-0.62,-0.8,0.66,-0.53,-0.24999999,1
YOR251C,0.10000001,0.27,0.22,0.17,0.25,0.09,-0.24,-0.32,-0.3,-0.24,-0.22,0.04,-0.13,0.21,0.2,0.24,0.09,-0.02,-0.2,0.14,-0.01,0.12,-0.030000005,0
YOR252W,0.115,0.23,0.22,0.21,-0.32,0.08,0.01,0.17,-0.42,0.06,-0.42,-0.05,-0.32,0.18,0.0,0.31,-0.07,0.3,-0.47,-0.07,0.03,0.14,0.085,0
YOR254C,-0.14,-0.07,0.11,0.29,-1.01,0.19,-0.76,0.22,-0.58,0.62,-0.08,0.51,-0.21,0.38,0.25,0.27,-0.16,0.12,-0.71,-0.1,0.09,0.56,0.45,0
YOR255W,-0.47000003,-0.6,-0.38,-0.16,0.32,-0.24,0.01,0.07,0.13,0.21,0.18,0.3,0.0,-0.02,0.36,0.05,0.06,-0.2,0.09,-0.37,0.59,0.0,0.02,0
YOR256C,-1.6700001,-1.63,-0.695,0.24,0.07,1.48,0.9,1.12,0.19,-0.46,-0.81,-0.76,-1.19,-0.36,-0.16,0.73,0.87,1.34,0.26,0.31,0.42,0.5,0.23,1
YOR259C,0.040000003,0.15,0.21000001,0.27,0.26,0.48,0.06,0.35,-0.19,0.33,-0.51,0.25,-0.53,0.3,-0.67,-0.02,-0.25,0.35,-0.29,-0.02,-0.17,0.09,0.055,0
YOR260W,-0.1,0.08,0.275,0.47,0.06,0.53,0.31,0.2,0.06,0.0,-0.28,0.18,-0.02,0.18,-0.54,0.32,0.24,0.31,-0.24,-1.24,-0.06,0.0,-0.055,0
YOR261C,0.78499997,0.77,0.63,0.49,0.1,0.51,-0.02,0.37,-0.33,0.46,-0.49,0.19,-0.63,0.04,-1.54,0.32,-0.16,0.4,-0.57,-0.08,-1.06,0.13,-0.005000003,0
YOR262W,0.5,0.37,0.32,0.27,0.12,0.39,0.16,0.21,-0.19,0.32,-0.19,0.08,-0.32,-0.07,-0.03,0.12,-0.05,0.27,-0.49,-0.55,-0.4,-0.24,-0.35,0
YOR263C,0.47500002,0.29,0.11,-0.07,-0.26,-0.24,0.23,0.03,-0.26,0.0,-0.13,0.41,-0.46,-0.22,0.11,-0.24,0.12,-0.05,0.05,-0.12,0.25,-0.36,-0.19500001,1
YOR264W,0.13000001,0.33,0.275,0.22,0.32,0.16,0.26,-0.04,0.01,-0.02,0.07,0.45,0.35,0.28,-0.04,0.02,0.02,-0.01,-0.13,-0.34,-0.64,-0.36,-0.42000002,1
YOR266W,0.235,0.22,0.15,0.08,0.06,0.5,0.17,0.0,-0.3,0.03,-0.97,0.26,-0.28,-0.03,0.03,-0.22,-0.2,-0.11,0.02,0.16,0.16,0.05,-0.075,0
YOR268C,-0.059999995,-0.29,-0.095,0.1,0.2,0.15,0.9,0.12,-0.02,-0.24,-0.7,-0.27,-0.49,-0.07,-0.17,0.07,-0.05,0.15,0.29,-0.49,-0.74,-0.11,-0.06,0
YOR270C,0.21,-0.15,-0.15,-0.15,0.09,-0.55,-0.02,-0.21,0.3,0.04,0.37,0.36,0.4,-0.27,-0.06,-0.71,-0.12,-0.5,0.37,0.36,0.76,-0.27,-0.26,1
YOR271C,0.024999999,0.14,0.115,0.09,-0.16,-0.01,-0.13,-0.07,-0.07,-0.01,-0.2,0.02,-0.4,-0.13,0.11,0.06,0.26,0.11,0.65,-0.07,0.39,-0.22,-0.18,0
YOR272W,0.29,0.32,0.11,-0.1,-0.1,-0.01,0.05,-0.01,-0.01,-0.24,-0.21,0.08,-0.22,-0.74,0.23,0.02,0.43,0.05,0.42,0.49,0.35,0.08,-0.065,0
YOR273C,-0.82500005,-0.72,-0.315,0.09,-0.72,0.02,-0.58,-0.02,-0.66,-0.18,-0.86,0.24,-0.47,0.02,0.45,0.76,0.68,0.67,0.9,-0.18,0.63,0.28,0.385,1
YOR274W,-0.36,-0.25,0.025000006,0.3,0.1,0.49,-0.14,0.24,0.33,-0.01,-0.31,0.11,0.08,0.06,-0.59,0.31,0.1,0.42,0.45,-0.9,0.58,-0.18,-0.245,0
YOR276W,0.26,0.25,0.245,0.24,-0.18,0.23,0.54,0.15,-0.15,-0.27,-0.64,-0.08,-0.38,-0.04,-0.46,0.25,-0.1,0.15,-0.15,-0.29,0.01,0.09,0.05,0
YOR277C,1.25,1.01,0.705,0.4,-0.04,0.57,-0.26,0.55,-0.47,0.48,-0.77,-0.04,-1.15,-0.09,-1.0,0.51,-0.3,0.42,-0.8,-0.31,-1.03,-0.19,-0.29,0
YOR278W,0.215,0.36,0.39,0.42,0.07,0.45,0.33,0.36,-0.31,0.3,-0.13,0.27,-0.46,0.17,0.2,0.02,-0.58,0.23,-0.8,-0.6,-0.68,0.16,0.11,0
YOR279C,-0.18,-0.25,0.045,0.34,0.21,0.17,-0.2,0.04,0.03,0.37,-0.28,0.82,-0.42,-0.23,-0.09,0.1,0.39,-0.29,-0.01,-0.34,0.33,-0.29,-0.205,0
YOR280C,-0.07000001,-0.27,-0.19,-0.11,0.33,0.24,0.22,0.24,0.33,0.1,0.02,-0.19,0.07,0.08,-0.13,-0.21,-0.13,-0.47,0.24,-0.23,0.27,-0.23,-0.2,0
YOR281C,0.165,-0.07,-0.085,-0.1,0.31,-0.02,-0.19,-0.16,-0.1,-0.16,-0.07,0.32,-0.05,-0.09,0.04,0.13,0.59,-0.35,0.2,-0.16,0.71,-0.5,-0.32,0
YOR282W,-0.19500001,-0.34,-0.225,-0.11,-0.27,-0.09,0.54,-0.19,-0.38,-0.24,-0.36,-0.26,-0.03,-0.08,0.54,-0.31,0.32,-0.05,-0.2,-0.29,0.61,0.27,0.365,0
YOR283W,0.245,0.38,0.114999995,-0.15,-0.1,-0.79,-0.26,-0.79,-0.37,0.31,0.0,0.52,0.31,0.36,0.06,-0.2,0.02,-0.13,-0.1,-0.5,0.17,0.35,0.375,1
YOR284W,0.635,0.28,0.045,-0.19,-0.28,0.04,0.43,0.37,-0.26,0.27,-0.15,-0.16,-0.53,0.09,-0.51,0.37,-0.57,0.18,-0.83,-0.41,-0.41,0.2,0.065,0
YOR285W,-0.545,-0.61,-0.47000003,-0.33,-0.09,-0.06,-0.28,0.12,-0.08,0.47,-0.15,0.3,-0.03,-0.06,-0.52,1.03,0.25,0.26,-0.19,-0.46,0.13,0.47,0.295,0
YOR286W,-0.53,-0.47,-0.325,-0.18,0.36,-0.06,0.29,-0.09,0.44,-0.12,-0.02,-0.1,0.32,-0.3,-0.08,-0.42,0.44,-0.14,0.56,0.63,0.98,-0.27,-0.31,0
YOR287C,0.22999999,0.42,0.0,-0.42,-0.06,-0.69,-0.06,-0.75,-0.14,0.07,0.22,0.44,0.63,0.18,0.57,-0.31,0.41,-0.81,0.41,0.29,0.52,-0.4,-0.205,0
YOR288C,0.38,0.23,0.07,-0.09,0.05,-0.4,0.26,-0.18,-0.32,-0.06,-0.26,-0.03,-0.26,-0.02,0.12,-0.1,0.08,-0.02,-0.1,0.49,0.36,-0.06,-0.21000001,0
YOR289W,0.175,0.14,-0.16499999,-0.47,-0.04,-0.08,0.18,0.23,-0.12,-2.4,-0.17,0.56,-0.21,-0.38,0.31,-0.21,0.41,-0.25,0.24,1.18,0.65,0.09,0.015000002,0
YOR290C,0.54,0.33,-0.11999999,-0.57,-0.08,0.02,0.33,-0.18,-0.22,-0.06,-0.22,0.26,-0.38,0.41,-0.22,-0.44,-0.38,-0.48,-0.03,0.86,0.34,0.63,0.355,0
YOR292C,0.43,0.15,-0.21499999,-0.58,0.03,-0.42,0.23,-0.19,-0.09,-0.29,-0.26,0.3,0.99,0.12,-0.44,-0.62,-0.01,-0.62,-0.29,0.31,0.68,-0.21,-0.105,0
YOR294W,0.255,0.22,0.055,-0.11,-0.81,0.02,0.18,0.16,0.11,-0.04,-0.15,0.06,-0.17,0.18,-0.26,-0.2,-0.11,0.11,0.1,-0.09,0.24,0.07,-0.02,0
YOR297C,0.45499998,0.35,0.2,0.05,-0.29,0.07,0.1,0.52,-0.18,0.28,-0.7,0.02,-0.57,-0.01,-0.09,0.28,0.07,0.02,-0.29,-0.23,-0.51,0.06,-0.085,0
YOR298W,-1.495,-1.14,-0.265,0.61,0.33,1.42,1.68,1.28,1.14,0.26,-0.62,-0.65,-0.6,-0.49,0.35,0.34,0.44,0.46,-0.11,-0.85,0.41,-0.24,-0.25,1
YOR299W,0.74,0.54,0.34,0.14,0.11,0.41,-0.2,0.29,-0.41,0.26,-0.5,-0.03,-0.85,-0.24,-0.41,0.12,0.26,0.11,-0.31,-0.25,-0.24,-0.13,-0.24,0
YOR300W,0.575,0.51,0.575,0.64,-0.41,0.73,0.02,0.64,-0.19,0.52,-0.43,0.44,-0.64,-0.01,-0.41,0.31,-0.34,0.52,-1.38,-0.66,-1.17,0.11,0.04,0
YOR301W,-0.525,-0.38,-0.175,0.03,0.64,0.12,0.13,0.13,0.44,-0.04,0.13,-0.11,0.28,-0.11,-0.11,-0.09,0.62,0.0,0.28,-0.25,0.2,-0.27,-0.325,0
YOR302W,-0.06,-0.06,-0.04,-0.02,-0.21,0.27,0.46,0.38,0.18,0.41,-0.08,0.35,-0.19,-0.13,0.35,0.12,0.5,0.17,-0.22,-1.16,-0.38,-0.1,-0.16,0
YOR304C-A,-0.32,-0.25,0.38,1.01,-0.27,-0.65,0.47,-1.17,0.15,-0.36,0.44,0.18,0.17,0.32,0.6,-0.74,0.4,0.26,0.71,-0.16,0.81,-0.57,-0.215,0
YOR304W,0.39999998,0.59,0.495,0.4,0.27,0.08,0.41,-0.16,-0.99,0.02,-0.3,0.01,-0.11,0.24,-0.2,0.19,0.16,0.01,-0.49,-0.46,-0.26,0.16,0.074999996,0
YOR306C,0.085,-0.02,0.015000001,0.05,-0.3,-0.17,0.12,0.08,-0.92,0.3,-0.53,0.03,-0.51,0.15,-0.34,0.37,-0.11,0.26,-0.84,-0.11,-0.36,0.84,0.725,0
YOR308C,0.91499996,-0.28,-0.77,-1.26,-1.12,-1.21,-0.92,-0.38,-0.26,1.54,0.9,0.82,-0.14,0.1,-0.61,-1.16,-0.84,-0.81,-1.12,-0.08,0.34,1.52,1.31,1
YOR309C,0.005,-0.01,-0.04,-0.07,0.07,0.31,0.16,0.35,0.2,0.36,-0.31,-0.08,-0.53,-0.33,-0.55,0.42,0.5,0.32,-0.03,-0.12,-0.05,-0.17,-0.2,0
YOR310C,-0.165,-0.23,-0.39000002,-0.55,-0.64,-0.14,0.22,-0.02,-0.08,0.09,-0.25,-0.17,-0.07,-0.19,-0.55,-0.03,-0.14,0.24,0.18,0.8,-0.02,0.64,0.53,0
YOR311C,-0.089999996,-0.19,-0.205,-0.22,-0.32,0.12,-0.08,0.16,0.07,0.1,-0.17,-0.06,-0.22,-0.24,0.1,-0.06,0.58,-0.1,0.85,0.5,0.27,-0.55,-0.395,0
YOR312C,-0.14,-0.14,-0.19999999,-0.26,-0.76,-0.64,-0.45,0.09,-1.58,0.28,1.05,0.05,-0.83,0.12,-0.48,0.28,-0.18,-0.18,-0.24,0.66,0.09,1.05,0.91499996,0
YOR313C,-0.055,-0.14,-0.35999998,-0.58,-0.17,-0.15,0.16,0.06,0.03,0.0,0.0,0.0,0.04,-0.05,0.23,-0.68,0.36,-0.14,0.52,0.33,0.75,-0.19,-0.155,1
YOR314W,-0.59,-0.59,-0.65999997,-0.73,0.07,-0.24,1.28,-1.12,0.13,0.28,-0.38,-0.03,0.22,-0.57,0.89,0.14,0.6,0.17,0.44,0.93,0.9,-0.83,-0.445,1
YOR315W,-0.044999998,0.03,-0.075,-0.18,-0.2,-0.01,-0.08,0.32,0.18,0.03,0.23,0.08,-0.07,0.03,-0.04,-0.1,0.03,-0.07,0.21,-0.01,0.1,0.01,0.01,1
YOR317W,0.245,0.23,-0.050000004,-0.33,-0.35,-0.01,-0.33,0.09,-0.23,0.16,0.03,-0.06,0.01,0.37,-0.01,-0.38,0.26,-0.19,0.29,-0.17,0.07,0.05,-0.04,1
YOR318C,0.11,0.01,-0.045,-0.1,-0.19,-0.14,-0.07,0.07,-0.28,0.08,-0.42,1.02,-0.14,-0.02,-0.55,0.01,0.01,0.21,0.11,-0.38,0.26,0.15,0.025000002,0
YOR319W,0.9250001,0.66,-0.004999995,-0.67,-0.28,-0.33,-0.2,0.21,-0.42,0.03,-0.35,0.08,0.06,-0.01,-0.28,-0.22,-0.12,-0.12,0.54,-0.23,-0.4,0.26,-0.02000001,0
YOR320C,0.13499999,-0.05,-0.005000001,0.04,0.12,0.14,-0.06,-0.03,0.01,-0.18,-0.24,0.2,-0.13,0.05,-0.03,-0.06,0.21,-0.18,0.51,-0.76,0.48,-0.14,-0.19,1
YOR321W,0.24,0.01,-0.05,-0.11,-0.43,0.04,0.14,0.24,-0.19,0.32,-0.19,0.2,-0.3,0.15,-0.21,0.09,-0.06,-0.1,-0.06,-0.45,0.08,0.31,0.145,1
YOR322C,0.08499999,0.13,-0.035000004,-0.2,0.62,-0.24,0.04,-0.16,-0.31,-0.05,0.22,-0.31,0.47,-0.02,0.26,-0.31,0.07,-0.56,0.22,-0.11,0.45,0.11,0.075,0
YOR323C,-0.120000005,0.36,0.62,0.88,1.19,0.78,0.35,-0.29,-0.09,-0.73,-0.18,0.22,0.63,0.33,-0.15,0.19,0.99,0.28,0.19,-0.78,-0.36,-0.83,-0.685,1
YOR324C,-0.22500001,0.35,0.66,0.97,1.22,0.9,-0.14,-0.16,-0.43,-0.76,-0.36,0.32,0.57,0.43,0.92,0.54,0.94,0.35,0.32,-1.92,-0.26,-0.7,-0.615,1
YOR325W,0.16499999,0.38,0.495,0.61,0.83,0.56,0.25,-0.14,-0.24,-0.29,-0.22,-0.02,-0.1,0.07,-0.45,0.07,0.6,0.26,0.0,-0.32,-0.17,-0.8,-0.61,0
YOR326W,0.030000001,0.23,0.365,0.5,0.44,0.61,-0.31,0.38,0.16,0.26,-0.17,0.29,0.06,0.18,0.1,0.25,0.31,-0.77,-0.42,-1.27,-0.2,-0.15,-0.115,0
YOR327C,0.34,0.23,0.17,0.11,0.22,0.04,-0.1,0.03,-0.07,0.16,-0.08,-0.13,-0.48,-0.03,-0.13,-0.08,0.07,0.0,-0.23,0.35,0.02,-0.27,-0.245,0
YOR328W,0.83,0.82,0.53499997,0.25,-0.36,0.38,-0.33,0.45,-0.52,0.47,-0.33,0.15,-0.44,0.0,-0.52,0.28,-0.15,0.18,-0.94,-0.83,-0.44,0.39,0.18499999,0
YOR330C,0.555,0.61,0.57500005,0.54,-0.19,0.4,-0.4,0.27,-0.45,0.25,-0.5,0.15,-0.48,0.28,-0.43,0.2,-0.21,0.31,-0.94,-1.01,-0.45,0.39,0.32,0
YOR331C,-0.109999985,0.3,0.485,0.67,0.22,0.67,0.2,0.32,-0.82,-0.1,-0.78,-0.21,-0.66,0.26,0.18,0.2,0.13,0.34,-0.13,0.32,-0.49,0.06,0.04,0
YOR332W,0.27499998,0.64,0.805,0.97,0.25,1.04,-0.42,0.58,-0.83,0.03,-1.06,0.19,-0.5,0.5,-0.34,0.66,-0.09,0.72,-1.19,-1.06,-1.06,0.34,0.225,1
YOR333C,0.365,0.44,0.205,-0.03,-0.21,-0.14,-0.63,-0.09,-0.52,0.13,-0.47,0.2,-0.24,0.17,-0.16,-0.03,0.35,-0.17,-0.19,-0.22,-0.07,0.35,0.36,0
YOR338W,-0.4,-0.37,-0.255,-0.14,-0.23,-0.14,0.1,-0.03,-0.26,0.01,-0.34,-0.02,-0.09,0.66,0.19,-0.25,-0.05,0.03,0.36,0.33,0.78,0.06,0.065,0
YOR339C,0.405,0.34,0.2,0.06,0.09,0.16,-0.04,0.2,-0.13,-0.2,-0.5,0.4,-0.05,-0.05,-0.08,0.01,0.29,-0.07,0.42,0.07,-0.07,-0.31,-0.32999998,0
YOR340C,-0.11,-0.2,-0.16,-0.12,-0.45,-0.16,-0.14,0.3,-0.55,0.27,-0.36,0.1,-0.33,0.06,-0.11,-0.3,-0.06,0.06,0.3,0.65,0.26,0.29,0.205,0
YOR341W,-0.845,-0.72,-0.42000002,-0.12,0.27,0.24,0.19,0.2,0.46,0.29,0.35,0.47,0.42,0.01,0.25,0.09,-0.12,0.09,0.03,-0.89,0.54,-0.05,-0.075,0
YOR345C,0.044999998,-0.04,0.07000001,0.18,0.01,-0.04,-0.28,-0.07,-0.03,0.02,-0.29,-0.22,-0.2,-0.14,0.11,-0.22,0.37,-0.2,0.4,0.31,0.37,-0.16,-0.18,0
YOR347C,0.19,0.14,0.035,-0.07,0.04,-0.56,0.01,-0.05,-0.17,0.14,-0.03,0.09,-0.05,0.08,0.16,-0.86,0.09,-0.23,0.09,-0.13,0.14,0.08,0.30499998,0
YOR349W,-0.114999995,-0.21,-0.12,-0.03,0.14,-0.3,0.16,0.04,0.16,-0.08,-0.05,0.45,0.0,-0.26,0.2,-0.16,0.42,-0.28,0.54,-0.35,0.76,-0.45,-0.44,0
YOR350C,0.285,0.26,0.22,0.18,-0.69,0.33,-0.37,0.28,-0.84,0.29,-0.19,0.1,-0.43,0.41,-0.27,0.45,-0.14,0.24,-0.29,0.18,0.02,0.24,0.13,0
YOR351C,0.04,0.03,0.13499999,0.24,0.29,0.32,0.12,0.05,-0.18,-0.02,-0.32,0.37,-0.08,0.14,0.36,0.03,0.35,-0.06,-0.1,-0.46,-0.29,-0.29,-0.245,0
YOR352W,0.235,0.35,0.38,0.41,-0.77,0.55,-0.4,0.06,-0.57,0.23,-0.22,0.44,-0.27,0.47,-0.29,0.28,0.23,0.33,-0.22,-0.32,-0.04,-0.13,-0.13,0
YOR354C,0.02,-0.04,-0.155,-0.27,-0.78,-0.01,-0.48,-0.19,-0.47,0.63,0.62,0.59,0.19,-0.16,-0.63,-0.24,0.27,-0.08,-0.02,-0.44,1.07,0.33,0.255,0
YOR355W,0.6,0.22,0.075,-0.07,-0.44,-0.31,-0.42,-0.33,-0.41,1.29,1.1,1.11,-1.31,0.1,0.06,-0.33,-0.21,-0.44,-0.86,-0.74,0.43,0.76,0.53,1
YOR356W,-0.345,-0.3,-0.135,0.03,-0.33,0.24,0.12,0.25,-0.71,0.21,-0.11,0.08,-0.44,0.2,-0.22,0.23,0.0,0.13,-0.12,-0.02,0.27,0.33,0.28,0
YOR357C,0.78,0.41,0.36,0.31,0.33,0.25,0.22,0.39,0.27,0.34,-0.07,-0.12,-0.5,-0.29,-0.23,0.18,0.12,-0.18,-0.16,-0.96,-0.5,-0.37,-0.575,0
YOR358W,0.27,0.11,0.065,0.02,-0.13,-0.12,0.36,-0.01,0.08,-0.09,0.2,0.02,-0.03,-0.12,0.27,0.03,-0.35,-0.02,-0.17,-0.16,0.19,-0.23,-0.29,0
YOR359W,0.14500001,-0.07,0.05,0.17,0.06,0.12,0.15,0.44,0.06,0.3,-0.09,0.21,-0.35,-0.19,0.05,0.42,0.38,0.35,-0.16,-0.87,0.01,-0.13,-0.215,0
YOR360C,0.46,0.26,0.26,0.26,-0.48,-0.66,-0.45,0.18,-0.78,0.23,0.0,0.25,-0.29,0.83,-0.24,0.25,-1.26,0.0,-0.33,0.41,-0.16,0.42,0.35,0
YOR364W,0.16,0.16,-0.125,-0.41,-0.09,-0.7,0.07,-0.14,-0.22,-0.07,0.52,-0.51,0.26,-0.36,0.42,-0.27,0.62,-0.59,0.33,0.39,1.06,-0.02,0.095,0
YOR366W,-0.17,-0.32,-0.08499999,0.15,-0.1,-0.09,-0.19,0.14,-0.22,0.39,0.05,-0.02,-0.29,-0.16,0.09,-0.06,-0.2,-0.17,0.09,-0.14,0.96,0.43,0.315,0
YOR368W,0.445,0.36,0.545,0.73,-0.48,-0.14,0.0,0.17,-0.74,0.27,-0.13,0.14,-0.02,0.07,-0.42,-0.1,-0.4,-0.18,-0.2,-0.16,0.17,-0.08,0.005000003,0
YOR369C,0.22999999,0.04,-0.075,-0.19,0.01,-0.28,0.1,-0.07,0.24,-0.08,-0.03,0.09,-0.22,-0.17,0.08,-0.2,0.04,-0.26,0.59,-0.34,0.58,-0.35,-0.425,0
YOR370C,-0.935,-0.89,-0.62,-0.35,-0.76,0.22,0.2,-0.15,-0.05,0.35,0.43,0.48,0.18,0.0,-0.29,0.3,0.53,0.32,0.16,-0.35,0.68,0.22,0.26,0
YOR373W,-0.14,-0.14,0.055,0.25,0.52,0.24,0.28,0.12,0.32,0.17,-0.04,0.05,-0.13,-0.07,0.29,0.04,0.62,0.16,0.04,-0.94,-0.03,-0.55,-0.53999996,0
YOR374W,0.26,0.26,0.195,0.13,-0.56,0.08,-0.76,0.16,-0.81,0.24,-0.34,0.08,-0.29,-0.04,-0.56,0.36,-0.08,0.31,-0.16,-0.04,0.04,0.35,0.35,0
YOR375C,0.2,0.04,-0.030000001,-0.1,-0.13,-0.16,0.25,-0.21,0.05,0.02,0.14,-0.1,-0.16,-0.29,0.41,-0.24,0.1,-0.22,0.1,0.07,0.52,0.23,-0.004999995,0
YOR376W,0.29,0.32,0.04,-0.24,-0.53,-0.03,0.36,0.22,-0.41,-0.07,-0.17,-0.69,-0.47,-0.55,-0.15,-0.28,0.24,-0.28,0.33,0.5,0.54,0.37,0.38,0
YOR377W,-0.48000002,-0.73,-0.575,-0.42,-0.38,-0.16,-0.34,0.03,-0.11,0.06,-0.23,0.12,-0.08,-0.14,-0.01,-0.38,0.09,-0.09,-0.3,0.65,0.64,0.99,0.87,0
YOR378W,0.84,1.16,0.78,0.4,-0.55,0.02,0.25,0.02,-0.81,0.49,-0.49,0.11,-0.63,-0.31,-0.17,-0.09,-0.24,-0.17,-0.55,-0.28,-0.1,0.2,0.26,0
YOR379C,-0.36,-0.6,-0.78,-0.96,0.28,0.16,0.34,0.18,0.59,0.2,0.34,-0.12,0.16,-0.26,0.16,-0.66,0.47,-0.1,-0.16,-0.31,0.39,0.08,0.055,0
YOR380W,-0.089999996,-0.19,-0.06,0.07,-0.4,0.27,0.07,0.11,-0.19,0.08,0.25,-0.34,-0.22,-0.3,0.14,-0.01,0.26,0.02,0.57,-0.4,0.24,0.2,0.08,0
YOR383C,-0.635,-0.8,-0.67,-0.54,0.38,-0.23,0.8,-0.31,0.11,-0.45,0.38,-0.45,0.5,-0.36,0.67,-0.21,0.64,-0.32,1.03,0.48,1.09,-0.42,-0.40499997,1
YOR388C,-0.32,-0.13,0.165,0.46,0.44,0.71,0.48,0.6,-0.26,0.35,-0.36,0.16,-0.44,0.11,0.34,0.1,-2.6,0.27,-0.04,0.16,0.37,0.33,0.3,0
YOR391C,0.14500001,0.6,0.805,1.01,0.74,0.39,0.01,-0.35,-0.42,-0.35,-0.22,0.16,0.16,0.61,0.58,0.42,0.24,-0.11,0.19,-0.64,-0.73,-0.54,-0.58000004,1
YOR392W,0.185,0.08,0.049999997,0.02,-0.07,-0.2,0.16,0.31,0.05,0.07,-0.09,0.49,-0.2,0.58,-0.14,-0.06,-0.22,-0.33,0.36,0.05,0.13,-0.22,-0.175,0
YOR394W,0.080000006,0.18,0.255,0.33,-0.78,0.65,-0.07,0.58,-0.48,0.57,0.05,0.5,-0.32,0.41,-0.42,0.2,-0.32,0.5,-0.61,-0.42,-0.59,0.15,0.125,0
YPL001W,-0.024999999,0.07,0.09,0.11,0.33,-0.1,0.24,-0.33,0.33,-0.05,-0.07,0.21,-0.37,0.05,0.32,-0.31,0.23,-0.13,0.12,-0.41,0.17,-0.07,-0.055,0
YPL002C,0.19,0.28,0.215,0.15,-0.84,0.3,-0.28,0.28,-0.78,0.32,-0.42,0.01,-0.42,-0.05,-0.32,0.1,-0.14,0.22,-0.38,0.01,-0.02,0.62,0.545,0
YPL006W,0.085,0.19,0.25,0.31,0.18,0.14,0.42,0.3,0.17,-0.14,-0.11,-0.32,-0.19,-0.07,0.21,0.02,-0.11,0.02,-0.64,0.1,0.08,-0.14,-0.09,0
YPL007C,-0.265,-0.18,-0.18,-0.18,-0.29,-0.78,-0.45,-0.05,-0.45,0.3,-0.38,0.38,-0.63,0.25,-0.18,0.19,-0.01,0.44,-0.33,0.36,0.06,0.98,0.895,0
YPL008W,0.38,0.45,0.26,0.07,-0.05,-0.14,-0.15,-0.33,-0.23,-0.1,-0.15,0.08,0.1,0.08,1.32,-0.41,-0.21,-0.19,-0.27,-0.25,0.21,0.05,-0.045,0
YPL009C,0.22,0.06,-0.074999996,-0.21,-0.48,0.0,0.34,-0.1,-0.67,-0.05,0.05,-0.09,-0.21,-0.07,-0.16,0.19,-0.17,-0.09,-0.07,0.78,0.18,0.11,0.055,0
YPL011C,-0.205,-0.07,-0.095,-0.12,-0.27,-0.06,-0.46,0.18,-0.34,0.24,-0.23,0.36,-0.46,0.05,0.01,-0.06,0.02,-0.12,-0.12,0.08,0.36,0.68,0.58,0
YPL012W,0.07,0.03,-0.035,-0.1,-0.27,0.0,0.35,0.03,-0.57,0.03,0.04,0.08,-0.3,0.01,-0.03,-0.07,-0.27,-0.03,0.14,0.24,0.39,0.12,0.155,0
YPL014W,-0.285,-0.38,-0.3,-0.22,0.19,0.16,0.3,-0.01,0.07,-0.07,0.12,-0.01,0.01,-0.13,-0.01,-0.22,0.07,0.01,0.68,-0.22,0.37,-0.13,-0.205,1
YPL015C,-0.775,-0.74,-0.69,-0.64,-0.11,-0.35,0.1,0.03,-0.36,0.27,0.08,0.08,-0.08,-0.06,-0.12,-0.01,-0.2,-0.05,0.66,0.45,0.49,0.83,0.645,0
YPL016W,0.385,0.31,0.165,0.02,-0.32,0.15,-0.23,0.19,-0.7,0.3,-0.18,0.18,-0.28,0.09,-0.1,0.22,-0.21,-0.16,0.05,-0.23,-0.33,0.3,0.185,0
YPL020C,0.035,-0.1,0.18,0.46,0.14,-0.43,0.31,0.01,-0.03,-0.17,-0.36,0.17,-0.4,-0.12,0.35,-0.19,0.23,0.17,0.75,-0.01,0.68,-0.57,-0.595,0
YPL021W,-3.295,-3.4,-1.7800001,-0.16,-0.48,0.55,0.46,1.29,0.77,0.62,-0.54,0.36,-0.23,0.38,0.38,-0.96,0.61,1.26,1.34,0.26,0.72,0.71,0.69,1
YPL022W,-0.84000003,-0.88,-0.575,-0.27,-0.39,-0.31,-0.26,-0.02,-0.23,0.32,-0.08,0.35,-0.05,0.24,0.22,0.12,0.09,0.18,0.62,-0.02,-0.09,0.62,0.555,0
YPL024W,0.465,0.26,0.44,0.62,-0.33,0.67,0.08,0.6,-0.6,0.06,-0.54,-0.63,-0.5,0.02,-0.44,0.4,-0.12,0.48,-0.6,-0.27,-0.57,0.12,-0.010000002,0
YPL025C,-0.31,-0.32,0.030000001,0.38,0.1,0.13,-0.04,0.3,-0.33,0.16,-0.53,-0.06,-0.58,0.07,0.37,0.69,0.47,0.49,-0.29,-0.14,-0.5,0.18,0.040000003,1
YPL026C,0.65,0.52,0.19999999,-0.12,-0.38,-0.09,0.67,-0.22,-0.2,0.29,0.59,0.07,-0.65,-0.32,0.11,-0.22,-0.4,-0.15,-0.15,-0.5,0.44,-0.12,-0.055,0
YPL027W,0.745,0.45,0.295,0.14,-0.51,-0.16,-0.53,0.07,-0.2,0.83,0.59,0.59,-0.33,-0.08,-0.4,0.19,-0.29,-0.02,-0.84,-0.59,-0.57,0.08,0.024999999,0
YPL028W,0.315,0.35,0.31,0.27,0.06,0.25,0.29,0.28,-0.18,0.17,-0.11,-0.11,-0.53,0.19,-0.21,0.14,-0.53,-0.03,-0.29,-0.45,-0.27,0.14,0.075,0
YPL029W,0.6,0.58,0.41,0.24,-0.12,0.43,-0.01,0.27,-0.62,0.27,-0.47,-0.17,-1.01,-0.06,-0.59,0.3,-0.17,0.34,-0.62,0.35,-0.65,0.15,-0.009999998,0
YPL030W,0.54,0.2,0.120000005,0.04,-0.26,0.81,0.2,0.04,-0.21,-0.15,-0.07,-0.56,-0.12,-0.8,0.26,0.14,0.02,0.07,-0.26,-0.52,0.3,-0.12,-0.175,0
YPL031C,1.28,1.31,0.71999997,0.13,0.01,0.37,-0.1,0.7,-0.09,-0.19,-0.67,-0.17,-0.6,-0.1,-0.97,0.16,-0.22,0.05,-0.31,-0.41,-0.59,-0.47,-0.505,0
YPL032C,0.14,0.12,0.034999996,-0.05,-0.64,0.35,-0.05,0.3,-0.36,0.26,0.01,0.07,-0.15,-0.02,0.09,0.23,-0.14,0.23,-0.62,-0.49,0.23,0.13,0.024999999,1
YPL033C,-0.03,0.06,0.14,0.22,0.34,-0.02,-0.24,0.11,0.2,0.08,-0.24,0.11,0.17,0.1,-0.05,-0.16,-0.29,-0.22,0.43,-0.14,0.85,-0.46,-0.41000003,0
YPL034W,0.35500002,0.43,0.39,0.35,0.22,0.39,0.12,0.21,-0.18,0.18,-0.07,0.0,-0.22,0.03,0.05,0.05,-0.14,0.02,-0.56,-0.58,-0.05,-0.05,-0.17500001,0
YPL036W,-1.4200001,-1.5,-0.875,-0.25,0.44,0.36,1.15,0.61,1.09,-0.19,0.09,-0.58,-0.19,-0.65,0.36,-0.52,0.96,0.07,1.3,0.59,0.81,-0.7,-0.725,1
YPL038W,-0.060000002,-0.28,-0.19,-0.1,0.24,-0.46,0.45,-0.11,-0.01,-0.36,-0.18,-0.46,-0.07,0.74,-0.1,-0.27,0.32,-0.07,0.3,0.51,0.48,-0.28,-0.18,0
YPL039W,0.14999999,0.04,-0.04,-0.12,-0.12,-0.24,0.23,-0.07,-0.26,0.0,-0.29,-0.34,-0.12,-0.03,0.32,-0.1,0.3,-0.15,0.56,-0.19,0.6,-0.13,-0.044999998,0
YPL041C,-0.14,-0.18,-0.22500001,-0.27,0.24,-0.15,0.5,0.11,0.31,-0.21,-0.16,0.01,0.23,-0.13,0.32,-0.44,0.59,-0.44,0.85,-0.23,0.61,-0.42,-0.46999997,0
YPL042C,0.26,0.14,0.055,-0.03,-0.2,0.12,0.36,-0.62,-0.19,0.15,-0.44,-0.03,-0.06,0.11,0.27,0.13,-0.59,0.02,0.07,0.15,0.21,0.03,-0.114999995,0
YPL044C,1.01,0.7,0.415,0.13,-0.42,0.32,0.0,0.36,-0.76,0.34,-0.4,-0.03,-0.84,-0.02,-0.48,0.52,-0.32,0.12,-0.34,0.53,-1.4,0.12,-0.120000005,0
YPL046C,-0.32500002,-0.54,-0.435,-0.33,0.23,0.22,0.14,0.5,0.25,0.05,-0.01,-0.25,0.05,-0.18,-0.01,-0.11,0.22,0.19,0.21,0.17,0.51,-0.41,-0.41,0
YPL047W,-0.24000001,-0.25,-0.26,-0.27,0.18,0.1,-0.11,0.58,0.21,0.18,-0.25,-0.06,-0.27,0.05,0.01,0.03,0.29,-0.15,1.14,-0.09,0.53,-0.76,-0.655,0
YPL048W,0.15,0.27,0.445,0.62,-0.2,0.76,-0.06,0.38,-0.26,0.22,-0.56,0.14,-0.53,0.11,-0.07,0.39,-0.15,0.39,-0.69,-0.95,-0.11,0.13,0.095,0
YPL049C,0.32999998,0.15,0.085,0.02,-0.26,0.26,-0.56,0.44,-0.35,0.74,-0.44,0.14,-0.86,-0.04,-0.67,0.07,-0.74,0.3,-0.56,0.21,-0.13,0.47,0.505,0
YPL052W,0.605,0.61,0.29500002,-0.02,-0.55,-0.13,0.96,0.07,-0.62,0.01,0.12,0.28,-0.25,0.32,-0.03,0.12,-0.13,-0.17,-0.75,-0.6,0.02,-0.18,-0.23,0
YPL056C,0.24000001,0.25,0.305,0.36,-0.09,0.16,0.7,0.18,-0.36,0.25,0.1,-0.58,0.11,0.26,-0.34,-0.11,0.19,-0.5,-0.09,-0.45,0.47,-0.12,-0.114999995,0
YPL057C,0.52,0.32,0.089999996,-0.14,0.28,-0.42,-0.35,-0.73,0.32,0.64,0.72,0.37,0.49,-0.04,0.12,-0.39,-0.21,-0.64,-0.09,-0.26,0.44,-0.17,-0.195,1
YPL058C,0.39000002,0.24,0.37,0.5,0.18,0.6,0.19,0.52,-0.24,0.16,-0.16,-0.07,-0.37,0.21,-0.48,0.13,-0.87,-0.44,-0.44,0.05,-0.48,-0.12,-0.13,1
YPL059W,-0.5,-0.5,-0.52,-0.54,0.33,-0.03,-0.3,-0.01,0.09,0.18,0.03,0.31,0.2,0.1,0.07,-0.01,-0.19,0.39,0.12,-0.05,0.31,-0.08,-0.004999999,0
YPL060W,0.195,0.0,0.095,0.19,0.04,0.07,0.5,-0.14,0.15,-0.1,-0.59,-0.01,-0.13,-0.36,0.14,-0.22,0.19,-0.17,0.11,-0.34,0.17,0.26,0.004999995,0
YPL061W,-3.2150002,-3.96,-2.44,-0.92,0.1,1.21,1.04,1.85,0.96,1.13,0.11,-0.39,-0.39,-0.63,-0.28,0.08,0.79,0.78,0.89,0.78,0.7,0.08,0.044999998,1
YPL063W,-0.07,-0.22,-0.265,-0.31,-0.5,0.15,0.05,0.16,-0.46,0.33,-0.15,0.2,-0.28,0.11,-0.13,0.15,-0.28,0.11,-0.26,0.15,0.08,0.24,0.255,0
YPL065W,0.11,0.03,-0.125,-0.28,-0.09,-0.54,-0.11,-0.09,-0.12,-0.16,-0.43,0.41,0.09,0.0,0.21,-0.26,0.13,0.09,0.23,0.25,0.53,-0.12,-0.065,0
YPL068C,0.455,0.19,0.019999996,-0.15,0.46,0.02,0.6,-0.12,0.25,-0.7,0.17,0.6,-0.02,0.05,0.46,-0.22,-0.3,-0.32,0.33,0.1,0.87,-0.4,-0.55,0
YPL072W,0.16,0.32,0.275,0.23,-0.38,0.46,-0.22,0.15,-0.62,-0.26,-0.46,-0.24,0.04,0.65,-0.46,0.38,0.02,-0.36,-0.2,-0.24,0.16,0.21,0.23499998,0
YPL074W,-0.33499998,-0.53,-0.36499998,-0.2,0.11,-0.14,0.74,-0.31,-0.15,-0.26,0.2,0.03,0.18,-0.37,0.52,-0.05,0.32,-0.4,0.5,0.71,0.31,-0.2,-0.29,0
YPL075W,-0.72,-0.72,-0.38500002,-0.05,1.88,0.14,0.67,-0.15,0.5,-0.19,-0.3,-0.45,0.17,-0.12,0.14,-0.08,0.2,-0.13,0.25,0.21,0.18,-0.28,-0.35500002,1
YPL076W,-0.074999996,-0.12,-0.11,-0.1,0.24,0.03,0.53,0.03,0.22,-0.1,0.08,-0.05,0.24,-0.23,-0.08,-0.23,0.35,-0.21,0.39,-0.91,0.71,-0.36,-0.425,0
YPL078C,-0.31,-0.04,0.135,0.31,-0.26,0.48,0.38,0.23,-0.52,0.3,-0.17,0.18,-0.45,0.17,-0.03,0.07,-0.47,0.3,-0.47,-0.64,-0.08,0.61,0.545,0
YPL079W,0.114999995,0.26,0.305,0.35,-0.09,0.44,0.0,0.46,0.05,0.3,-0.35,0.44,-1.29,0.23,-0.39,0.08,-0.51,0.35,-0.11,-0.39,-0.27,0.22,0.15,0
YPL080C,0.295,0.39,0.39499998,0.4,0.09,0.42,0.13,0.07,-0.14,0.15,-0.47,-0.09,-0.49,-0.05,-0.55,-0.28,-0.33,0.11,-0.31,-0.44,0.11,0.01,0.17999999,0
YPL081W,0.075,0.28,0.275,0.27,0.41,0.34,0.12,0.27,-0.11,0.37,-0.33,0.24,-0.41,0.13,-1.08,0.01,-1.05,0.34,-0.24,0.09,-0.25,0.29,0.21,0
YPL083C,0.26,0.29,0.29,0.29,0.13,0.1,-0.32,-0.01,-0.32,0.16,-0.23,0.1,-0.44,0.03,-0.39,-0.01,0.03,0.2,-0.11,-0.23,-0.13,0.2,0.18,0
YPL085W,0.23499998,0.26,0.32999998,0.4,0.06,0.13,-0.08,0.16,-0.04,-0.1,-0.41,0.62,-0.14,-0.57,-0.08,0.02,0.15,-0.27,0.35,0.47,0.31,-0.85,-0.55,0
YPL086C,0.42499998,0.21,0.19999999,0.19,-0.02,0.17,0.14,0.08,-0.11,0.17,-0.34,0.21,-0.7,-0.02,-0.23,0.05,-0.15,0.09,0.05,0.32,-0.11,-0.06,-0.235,0
YPL088W,0.13000001,-0.1,-0.05,0.0,0.12,-0.12,-0.21,-0.23,-0.03,0.25,-0.41,0.6,-0.11,0.07,0.2,-0.29,0.06,-0.25,0.02,-0.37,0.31,0.13,0.18,0
YPL089C,0.645,0.82,0.65,0.48,0.04,0.39,-0.07,0.26,-0.15,0.45,-0.03,0.12,-0.39,-0.9,-0.2,0.17,-0.73,0.08,-0.73,-0.59,-1.1,0.41,0.37,0
YPL093W,0.76,0.48,0.26,0.04,-0.13,0.29,0.48,0.01,-0.1,0.09,-0.22,-0.19,-0.56,-0.22,-0.12,0.22,0.16,-0.32,0.29,-0.35,0.05,-0.46,-0.635,0
YPL094C,-0.43,-0.43,-0.285,-0.14,0.3,0.12,-0.04,0.08,0.39,-0.01,-0.12,-0.08,-0.01,-0.33,0.21,-0.04,0.43,-0.01,0.6,-0.08,0.21,-0.18,-0.245,0
YPL096W,0.2,0.2,0.16499999,0.13,-0.8,0.33,-0.22,0.42,-0.92,0.43,-0.24,0.0,-0.22,0.01,-0.09,0.25,-0.07,0.29,-0.63,-0.74,-0.63,0.78,0.725,0
YPL098C,-0.45499998,-0.28,-0.115,0.05,-0.13,0.36,0.54,0.19,0.43,0.1,-0.24,0.12,-0.3,-0.01,-0.05,0.18,0.22,0.49,0.2,-0.93,-0.01,-0.04,-0.045,0
YPL100W,-0.09,-0.07,-0.045,-0.02,-0.03,0.03,0.19,0.0,-0.23,0.36,0.1,-0.3,-0.36,0.15,-0.02,-0.07,-0.71,0.07,-0.25,-0.02,0.45,0.29,0.27499998,0
YPL102C,0.555,0.55,0.52,0.49,-0.15,0.39,0.48,0.09,-0.73,-0.13,-0.08,-0.15,-0.55,0.22,-0.34,0.07,-0.19,-0.11,-0.29,-0.84,1.27,-0.13,-0.235,0
YPL104W,-0.215,-0.21,-0.275,-0.34,-0.21,0.01,-0.26,0.04,-0.27,0.2,-0.24,0.25,-0.34,0.34,0.08,0.15,0.05,-0.04,0.15,-0.69,0.18,0.61,0.505,0
YPL105C,0.55499995,0.59,0.55999994,0.53,-0.81,0.8,-0.39,0.59,-0.6,0.67,-0.64,0.43,-0.64,0.21,-0.16,0.78,-1.05,0.59,-1.01,-0.85,-1.05,0.58,0.34,0
YPL106C,0.34,0.13,0.08499999,0.04,0.19,-0.1,0.04,-0.03,-0.06,-0.24,-0.48,-0.16,-0.13,-0.01,-0.69,-0.01,0.31,-0.03,-0.01,-0.41,0.4,0.19,0.19999999,0
YPL107W,0.215,0.24,0.024999999,-0.19,-0.19,0.07,-0.75,0.16,-0.5,0.42,-0.41,-0.03,-0.53,0.01,-0.42,0.04,0.16,0.19,-0.22,0.17,0.11,0.5,0.48000002,0
YPL108W,0.325,0.12,-0.155,-0.43,-0.03,-0.06,0.05,0.24,0.14,0.0,-0.3,-0.17,-0.34,-0.34,-0.03,-0.21,0.01,-0.29,0.58,0.0,0.62,-0.13,-0.26999998,0
YPL111W,-0.38,-0.26,-0.034999996,0.19,0.22,0.79,0.41,0.77,0.33,0.18,-0.25,0.23,-0.02,0.14,0.26,0.05,0.53,-0.02,0.13,-0.46,-0.11,-0.74,-0.695,1
YPL112C,0.45499998,0.49,0.245,0.0,-0.39,0.41,0.18,0.4,-0.05,0.3,-0.33,0.06,-0.31,0.0,0.05,0.23,-0.48,0.28,-0.72,-0.94,-0.59,0.32,0.25,0
YPL113C,-0.215,-0.38,-0.32999998,-0.28,-0.24,-0.3,0.15,-0.12,0.0,-0.11,0.05,-0.33,0.09,0.15,0.25,0.1,0.57,-0.3,0.61,-0.03,0.78,-0.05,-0.13,0
YPL114W,-0.050000004,0.08,-0.02,-0.12,-0.03,-0.22,0.36,0.03,0.06,-0.22,-0.4,0.15,0.23,-0.22,0.65,-0.18,0.47,-0.4,0.32,0.0,0.79,-0.07,-0.22999999,0
YPL115C,0.245,0.31,0.205,0.1,0.15,-0.11,-0.13,-0.24,0.0,0.1,-0.11,0.02,0.02,0.12,-0.04,-0.21,0.31,-0.26,0.05,-0.28,0.1,-0.08,-0.06,0
YPL116W,-0.35,0.3,0.52,0.74,1.07,0.45,0.2,-0.31,-0.41,-0.77,-0.94,-0.19,0.31,0.71,0.67,0.2,0.75,0.09,0.35,-0.02,0.19,-0.64,-0.515,1
YPL117C,0.22999999,0.08,-0.045,-0.17,-0.41,-0.21,-0.51,-0.05,-0.55,0.35,-0.17,0.2,-0.31,0.12,-0.43,0.24,-0.19,0.1,-0.19,-0.09,-0.37,0.63,0.53499997,0
YPL118W,-0.19500001,-0.36,-0.34,-0.32,-0.56,-0.08,-0.29,0.1,-0.51,0.32,-0.13,0.17,-0.32,0.04,-0.13,0.03,-0.09,0.06,0.28,-0.02,0.19,0.57,0.435,0
YPL120W,-0.085,-0.01,-0.055,-0.1,-0.24,-0.1,1.89,-0.06,-0.29,-0.14,-0.38,0.16,0.06,-0.06,0.38,-0.4,-0.03,-0.66,-0.26,-0.72,0.53,0.22,0.205,0
YPL122C,0.65,0.61,0.385,0.16,-0.24,0.19,-0.85,0.19,-0.7,0.51,-0.12,0.44,-0.37,0.19,-0.2,0.24,0.24,-0.2,-0.76,-0.79,-0.06,0.1,0.114999995,0
YPL124W,0.53,0.35,0.41,0.47,-0.27,-0.04,-0.16,-0.27,-1.01,0.2,0.1,0.28,0.13,-0.06,0.28,0.02,0.47,-0.74,-0.31,-0.88,0.32,0.26,0.14999999,1
YPL125W,0.26,0.15,0.165,0.18,0.15,0.23,0.14,0.14,-0.05,0.39,-0.1,0.08,-0.49,0.03,0.0,-0.05,-0.36,-0.08,-0.72,-0.55,0.07,0.14,0.14,0
YPL126W,0.575,0.38,0.415,0.45,-0.15,0.44,-0.04,0.34,-0.09,0.46,-0.26,0.22,-0.48,0.19,-0.26,0.52,-0.07,0.14,-0.86,-1.24,-0.56,-0.14,-0.285,0
YPL127C,0.119999975,0.96,1.15,1.34,0.31,0.69,-0.5,-1.04,-2.5,-0.64,-0.35,0.94,0.32,0.98,0.77,1.33,0.88,0.63,-0.77,-1.14,-0.85,-0.18,0.045,1
YPL128C,-0.125,0.09,0.385,0.68,0.7,0.54,-0.17,-0.19,-0.42,-0.27,-0.25,0.07,0.2,0.23,0.48,0.42,2.12,0.2,-0.45,-1.65,-0.34,-0.52,-0.505,1
YPL129W,0.28,0.28,0.120000005,-0.04,-0.05,-0.13,-0.69,-0.05,-0.81,0.19,-0.15,0.1,-0.43,0.12,0.07,-0.09,0.25,0.06,-0.16,0.29,-0.12,0.36,0.33,0
YPL131W,-0.09,0.02,0.08,0.14,0.53,0.35,-0.25,0.26,0.13,0.24,0.24,0.13,-0.15,-0.01,-0.39,-0.2,0.23,-0.01,0.12,0.17,-0.33,-0.15,-0.15,0
YPL132W,-1.0,-1.64,-0.985,-0.33,0.25,-0.13,0.82,-0.12,0.15,-3.1,0.34,0.0,0.36,0.31,1.26,-0.08,0.61,-0.04,0.58,1.19,0.99,-0.01,-0.105000004,0
YPL134C,-0.1,-0.15,-0.14,-0.13,0.1,-0.19,0.12,-0.28,-0.23,-0.25,-0.01,-0.3,0.09,-0.38,0.78,-0.42,0.06,-0.29,0.69,0.48,0.58,-0.03,-0.055,0
YPL136W,-0.25,-0.72,-0.34500003,0.03,0.15,-0.15,0.47,-0.24,0.27,-0.32,0.11,-0.57,0.22,0.54,0.77,-0.14,0.16,-0.62,0.42,0.43,0.63,-0.39,-0.53499997,0
YPL138C,0.125,-0.09,-0.120000005,-0.15,-0.07,-0.34,0.06,-0.13,-0.07,-0.32,0.1,-0.13,0.21,0.1,0.56,-0.41,-0.1,-0.13,0.38,0.85,0.55,-0.41,-0.41,0
YPL140C,0.12,0.03,0.41,0.79,-0.12,-0.49,0.43,-0.25,-0.07,-0.35,-0.15,0.03,-0.03,0.24,0.36,-0.39,-0.13,0.1,0.32,0.66,0.24,-0.37,-0.41500002,0
YPL142C,-0.59,-0.84,-0.45499998,-0.07,0.34,0.07,1.16,-0.01,0.62,-0.21,0.12,0.03,-0.01,-0.23,0.63,-0.62,0.15,-0.16,0.48,0.63,0.65,-0.66,-0.675,0
YPL143W,0.065,0.11,0.009999998,-0.09,0.4,-0.08,0.26,0.02,1.66,0.08,-0.24,-0.03,-0.05,0.05,0.05,-0.43,-0.3,-0.12,0.39,-0.25,-0.62,-0.19,-0.32999998,0
YPL144W,-0.555,-0.84,-0.44,-0.04,0.54,-0.35,0.52,-0.32,0.05,0.11,0.18,-0.07,-0.14,0.2,0.84,-0.02,0.97,0.33,0.61,-0.14,0.35,-1.11,-0.93,0
YPL145C,-0.41,-0.18,-0.020000003,0.14,0.96,0.24,0.6,-0.05,0.56,-0.21,0.16,-0.08,0.5,0.0,0.5,-0.06,0.52,0.04,0.0,-0.66,-0.36,-0.46,-0.45,0
YPL146C,1.13,0.89,0.49,0.09,-0.43,0.31,-0.02,0.14,-1.48,0.23,-0.39,-0.11,-1.0,0.08,-0.76,0.39,-0.36,0.2,-1.0,1.09,-1.22,0.39,0.16499999,0
YPL147W,-0.155,-0.21,-0.16,-0.11,-0.05,-0.2,1.12,-0.41,-0.09,0.08,-0.02,-0.41,-0.07,-0.43,0.37,-0.14,0.87,-0.11,0.22,-0.13,0.6,-0.18,-0.135,0
YPL148C,0.07,0.08,-0.035000004,-0.15,0.15,-0.12,0.72,-0.45,0.39,-0.1,-0.03,-0.49,-0.28,-0.32,0.39,-0.03,0.8,-1.45,0.21,0.44,0.24,-0.22,-0.195,0
YPL150W,0.009999998,0.2,0.28,0.36,0.0,-0.45,-0.08,-0.07,-0.61,-0.21,0.3,-0.03,-0.12,0.39,-0.08,0.05,0.26,0.28,0.09,0.2,0.31,-0.43,-0.075,0
YPL151C,0.09,-0.26,-0.155,-0.05,0.12,0.07,0.04,0.23,-0.17,0.39,-0.14,0.06,-1.44,-0.09,0.13,0.17,-0.01,-0.01,0.16,-0.34,0.27,0.04,0.0,0
YPL152W,0.09,0.04,-0.01,-0.06,-0.03,-0.06,0.35,-0.22,0.2,-0.03,0.38,-0.02,-0.31,-0.12,-0.21,-0.16,0.35,-0.05,-0.57,0.31,0.43,-0.44,-0.235,0
YPL153C,0.94,1.02,0.32,-0.38,-0.54,-1.14,-0.25,-1.1,-0.28,0.69,0.69,0.72,0.41,0.31,0.47,-0.57,0.08,-1.02,0.02,-0.69,0.92,0.26,0.049999997,1
YPL154C,-0.555,-0.66,-0.485,-0.31,-0.03,-0.12,0.04,-0.29,-0.18,0.16,0.21,0.06,0.36,0.05,-0.12,-0.03,0.69,0.17,-1.63,0.19,1.15,0.11,0.16499999,0
YPL155C,-0.06,0.04,0.065,0.09,0.63,0.19,0.45,0.36,0.3,-0.09,-0.5,-0.2,-0.48,-0.18,0.57,-0.02,0.22,-0.93,0.26,0.09,0.43,-0.16,-0.35500002,1
YPL156C,0.089999996,-0.14,0.485,1.11,-0.23,-0.02,0.13,-0.11,-0.16,-0.07,-0.16,-0.69,-0.2,0.56,0.08,-0.24,-0.35,-0.44,0.27,0.06,0.43,-0.22,-0.15,0
YPL157W,0.495,0.22,0.195,0.17,-0.78,0.15,-0.14,0.34,-0.04,0.82,-0.13,0.22,-0.78,-0.22,-0.02,0.29,-0.23,0.21,-1.06,-0.78,-0.16,0.32,0.11,0
YPL160W,0.465,0.54,0.35000002,0.16,-0.56,0.3,-0.15,0.33,-1.01,0.42,-0.09,0.07,-0.25,0.23,-0.59,0.15,-0.2,0.25,-1.01,0.28,-0.03,0.44,0.265,0
YPL161C,0.22,0.25,0.1,-0.05,-0.05,-0.17,0.23,0.0,0.01,0.16,-0.02,-0.14,-0.08,-0.21,0.3,-0.34,0.51,-0.08,0.06,-0.34,0.6,-0.02,-0.08,0
YPL166W,-0.16,-0.35,-0.32,-0.29,0.07,-0.46,0.12,-0.16,0.33,-0.21,0.38,-0.15,0.46,-0.21,0.78,0.03,0.14,-0.63,0.77,0.35,0.58,-0.49,-0.37,0
YPL167C,-0.07,-0.08,0.089999996,0.26,0.36,0.16,0.19,0.26,-0.09,0.07,0.27,-0.17,0.04,0.2,-0.12,0.03,-0.16,0.1,-0.19,-0.12,0.05,-0.26,-0.27499998,0
YPL168W,0.235,0.45,0.19999999,-0.05,-0.66,0.17,-0.18,-0.05,-0.48,0.23,0.09,0.14,-0.01,-0.32,-0.66,0.18,0.15,0.34,-0.2,-0.26,0.06,0.51,0.41,0
YPL169C,0.41500002,0.28,0.145,0.01,-1.25,0.22,0.16,0.25,-0.06,0.32,-0.25,0.24,-0.27,0.1,0.13,0.16,0.12,0.09,-0.78,-0.72,-0.51,0.39,0.21499999,0
YPL170W,0.1,0.06,-0.074999996,-0.21,0.02,-0.12,0.14,-0.42,-0.07,-0.14,0.2,0.14,-0.23,-0.07,-0.26,-0.28,0.0,0.12,-0.72,0.36,0.38,0.22,0.15,0
YPL171C,0.05,0.0,-0.03,-0.06,0.26,0.01,0.21,0.13,-0.1,-0.22,-0.29,0.23,-0.25,0.13,0.4,0.04,0.08,-1.48,0.14,0.31,0.52,-0.15,-0.13,0
YPL172C,-0.295,-0.35,-0.45499998,-0.56,-1.03,-0.19,0.03,-0.17,-0.41,0.28,0.36,0.32,0.27,-0.09,-0.38,0.03,0.26,0.06,0.45,-0.2,0.86,0.35,0.26999998,0
YPL173W,0.065,-0.19,-0.155,-0.12,-0.52,-0.38,0.02,-0.18,-0.09,-1.07,-0.01,0.39,-0.38,0.22,0.14,-0.48,0.05,-0.55,-0.43,0.88,0.06,0.6,0.47000003,0
YPL176C,0.335,0.36,0.06000001,-0.24,-0.16,0.13,-0.09,0.18,-0.12,0.11,-0.1,-0.02,0.01,-0.24,0.09,-0.22,-0.27,0.03,-0.27,0.3,0.27,-0.12,-0.07,0
YPL177C,0.255,0.38,0.15,-0.08,0.54,-0.8,0.04,-0.33,0.02,-0.44,-0.42,0.56,0.08,0.01,0.24,-0.75,0.34,-0.22,0.34,0.32,0.4,-0.48,-0.505,0
YPL178W,0.425,0.38,0.24,0.1,-0.32,-0.07,0.11,0.34,-0.82,0.3,-0.17,0.16,-0.57,0.32,0.1,-0.07,-0.18,-0.26,-1.09,0.25,-0.01,-0.42,-0.03999999,0
YPL179W,0.010000002,-0.08,-0.09,-0.1,0.45,-0.16,0.24,-0.05,0.55,-0.01,0.14,-0.11,0.05,-0.29,0.32,-0.25,0.57,-0.11,0.33,-0.75,0.0,-0.42,-0.45499998,0
YPL181W,0.365,0.26,0.12499999,-0.01,0.36,0.25,-0.1,0.23,-0.77,0.04,-0.63,-0.53,-0.86,-0.55,-0.17,0.25,-0.02,0.2,-0.51,-0.43,0.07,0.77,0.565,0
YPL182C,0.39499998,0.29,0.015000001,-0.26,-0.15,0.1,0.0,0.03,-0.67,0.14,0.17,0.41,-0.12,0.02,-0.06,0.0,-0.62,-0.41,0.16,0.87,-0.13,0.14,0.055,0
YPL184C,-0.305,-0.38,-0.645,-0.91,0.41,0.22,0.52,0.09,0.46,-0.05,0.07,-0.06,0.34,-0.21,0.39,0.11,0.58,-0.09,0.46,-0.63,0.56,-0.4,-0.41,0
YPL192C,0.835,0.71,0.375,0.04,-0.33,-0.05,0.46,0.39,-0.36,0.15,-0.41,-0.62,-0.33,-0.5,-0.23,-0.28,0.1,-0.23,0.0,-0.28,-0.07,-0.07,-0.005000001,0
YPL193W,0.82500005,0.68,0.39000002,0.1,-0.06,0.05,0.13,0.13,-0.08,0.17,-0.36,-0.12,-0.64,-0.28,-0.15,0.06,-0.14,-0.17,-0.43,-0.01,-0.51,-0.26,-0.28,0
YPL195W,0.055,-0.03,-0.095,-0.16,-0.23,-0.16,0.14,0.01,-0.33,0.06,0.94,-0.1,0.0,-0.19,-0.27,-0.09,0.14,-0.19,0.03,-0.19,-0.07,0.24,0.19,0
YPL196W,0.17999999,0.26,0.26,0.26,-0.48,0.16,0.1,0.31,-0.48,-0.09,-0.36,-0.31,-0.31,0.33,0.31,-0.48,0.12,-0.5,-0.17,-0.36,0.29,0.49,0.565,0
YPL198W,-0.015000001,0.07,0.345,0.62,-0.06,0.3,0.23,0.43,-0.26,0.31,-0.23,0.25,-0.19,0.44,-0.06,0.01,-0.28,-0.14,-0.48,-0.46,-0.24,0.05,0.015000001,0
YPL199C,0.44,0.4,0.14500001,-0.11,-1.2,-0.2,-0.06,0.11,-0.2,0.1,-0.48,0.24,-0.51,0.24,0.04,-0.34,-0.04,-0.06,0.13,0.4,0.22,0.19,0.085,0
YPL201C,0.06999999,-0.12,-0.175,-0.23,-0.01,-0.4,0.29,0.43,0.04,0.0,-0.28,0.5,0.09,-0.18,0.24,-0.26,0.11,-0.32,0.22,0.11,0.68,-0.4,-0.32999998,0
YPL202C,0.46499997,0.35,0.32,0.29,-0.79,0.33,-0.27,0.54,-0.76,0.29,-0.55,0.33,-0.58,0.18,-0.08,0.3,-0.42,0.27,-0.82,-0.5,-0.39,0.38,0.26,0
YPL203W,-0.42000002,-0.4,-0.14,0.12,0.07,0.2,-0.34,-0.11,-0.44,0.19,-0.44,0.35,-0.2,0.52,0.29,0.06,-0.42,-0.04,-0.44,0.07,0.22,0.39,0.365,0
YPL204W,0.305,0.06,0.185,0.31,-0.4,0.05,-0.32,0.12,-0.83,0.33,-0.12,0.05,-0.54,0.07,-0.22,-0.04,-0.71,-0.08,-0.06,0.4,-0.09,0.33,0.215,0
YPL205C,0.39,0.2,0.3,0.4,-0.4,0.06,-0.44,0.23,-0.4,0.38,-0.19,0.12,-0.42,0.15,-0.63,0.03,-0.24,0.0,-0.19,0.15,-0.38,0.3,0.09,0
YPL206C,-0.8,-0.67,-0.49,-0.31,0.17,-0.36,0.28,-0.28,0.02,-0.19,0.13,0.26,0.3,0.26,0.79,-0.36,0.31,-0.24,0.95,0.02,1.06,-0.31,-0.29000002,0
YPL207W,0.525,0.42,0.46999997,0.52,0.03,0.6,-0.18,0.26,-0.45,0.03,-0.64,-0.08,-0.5,-0.04,-0.45,0.51,0.08,0.03,0.08,0.07,-0.5,-0.31,-0.39499998,0
YPL208W,0.35,0.56,0.28,0.0,-0.1,-0.49,-0.3,-0.56,-0.91,0.05,0.36,0.87,0.51,1.14,0.43,-0.1,-0.32,-0.26,0.03,-0.79,0.31,-0.07,-0.075,1
YPL210C,0.29500002,0.15,0.120000005,0.09,-0.45,0.39,-0.17,0.21,-0.36,0.23,-0.5,0.05,-0.5,0.2,-0.36,0.23,-0.36,0.1,-0.6,0.59,-0.55,0.48,0.26,0
YPL212C,0.41500002,0.37,0.335,0.3,-0.75,0.49,0.5,0.19,-0.94,0.3,-0.25,0.48,-0.72,0.4,-0.3,0.41,-0.11,0.06,-0.98,-0.04,-0.28,0.1,0.07,0
YPL214C,-0.17,-0.4,-0.4,-0.4,-0.05,-0.28,0.08,-0.55,0.06,-0.57,0.21,0.56,-0.06,0.89,0.29,-0.64,0.3,-0.03,0.39,0.28,0.6,-0.26,0.09,0
YPL215W,-0.245,-0.24,-0.245,-0.25,-0.42,-0.03,-0.07,-0.01,-0.33,0.53,0.08,0.41,-0.17,-0.01,0.17,0.26,-0.02,0.02,-0.52,-0.77,0.22,0.68,0.595,0
YPL217C,0.83500004,0.69,0.26999998,-0.15,-0.12,0.05,-0.05,0.14,-0.52,-0.03,-0.25,0.04,-0.67,-0.12,-0.05,0.02,0.08,-0.19,0.05,0.04,-0.12,-0.01,-0.17,0
YPL218W,-0.34,-0.12,0.025000002,0.17,-0.08,0.36,0.14,0.02,-0.12,0.01,-0.08,0.32,0.25,0.2,0.76,0.09,0.54,0.33,-0.07,-1.08,0.12,-0.26,-0.26,0
YPL219W,-0.13,-0.1,0.125,0.35,-0.07,0.26,0.15,0.1,-0.11,0.27,-0.1,-0.22,-0.5,-0.14,0.4,0.02,-0.18,0.25,-0.54,-0.88,0.26,0.21,0.285,0
YPL220W,-0.355,-0.21,-0.074999996,0.06,-0.07,0.4,0.34,0.42,0.3,0.35,0.26,0.24,0.26,-0.1,0.34,-0.08,0.32,0.13,-0.04,-0.78,0.42,-0.46,-0.48000002,0
YPL221W,0.72,0.79,0.57,0.35,0.25,0.04,-0.16,0.09,0.18,0.53,0.5,0.17,0.22,-0.11,-0.31,-0.24,0.33,-0.51,-0.62,-1.06,-0.39,-0.39,-0.42,1
YPL222W,-0.29,-0.37,0.0,0.37,0.15,-0.12,0.35,-0.09,-0.28,-0.04,0.01,-0.19,-0.09,0.53,-0.05,-0.24,-0.1,0.5,-0.09,0.02,0.33,-0.15,-0.14,0
YPL224C,0.25,0.29,0.074999996,-0.14,-0.26,-0.07,0.18,-0.07,-0.08,0.05,-0.14,0.1,-0.22,-0.13,0.18,-0.04,-0.02,0.12,-0.63,-0.24,0.44,0.38,0.295,0
YPL225W,0.39499998,0.45,0.195,-0.06,-0.04,0.0,-0.2,0.03,-0.46,0.24,-0.47,0.12,-0.54,0.18,-0.51,-0.15,-0.27,0.06,-0.7,0.32,-0.44,0.68,0.53499997,0
YPL226W,0.105,0.0,0.04,0.08,0.26,0.25,0.24,0.27,0.15,0.28,-0.04,-0.12,-0.3,-0.18,-0.1,0.46,0.2,0.03,-0.15,-1.09,-0.13,0.03,-0.16,0
YPL227C,0.34,0.58,0.26,-0.06,-0.08,0.1,-0.1,0.0,-0.41,-0.06,-0.53,0.17,-0.24,0.55,0.25,-0.04,0.17,-0.04,-0.1,0.1,-0.18,-0.1,-0.11,0
YPL228W,-0.07000001,-0.18,-0.14,-0.1,-0.05,0.07,0.03,-0.06,-0.27,-0.03,-0.11,-0.15,-0.23,-0.2,0.06,0.04,0.21,-0.2,0.25,0.55,0.28,0.2,0.05,0
YPL229W,0.085,0.05,-0.014999999,-0.08,-0.1,0.3,-0.36,0.3,-0.24,0.02,-0.41,0.22,-0.21,-0.26,-0.14,-0.17,0.57,0.12,0.5,-0.57,0.13,-0.02,-0.049999997,0
YPL230W,0.075,-0.02,0.04,0.1,-0.07,-0.22,0.03,-0.44,-0.27,-0.16,-0.12,-0.16,-0.06,0.03,0.85,-0.33,0.47,-0.45,0.47,-0.33,0.82,-0.12,0.010000002,0
YPL231W,0.33499998,0.16,0.034999996,-0.09,0.16,-0.05,0.93,0.03,-0.35,0.01,-0.3,-0.21,-0.09,0.38,-0.28,0.05,-0.51,-0.07,0.29,-0.17,0.05,-0.13,-0.24,0
YPL232W,0.51,0.3,-0.019999996,-0.34,-0.56,-0.27,-0.85,-0.37,-0.62,0.59,0.18,0.44,-0.22,0.21,-0.1,-0.09,-0.37,-0.3,-0.07,-0.07,-0.25,0.81,0.61,1
YPL233W,0.335,0.4,0.26,0.12,-0.17,0.22,0.0,0.06,-0.21,-0.12,-0.33,0.12,0.15,0.1,-0.16,-0.09,-0.02,0.04,-0.14,-0.35,-0.27,0.0,0.045,0
YPL234C,-0.39,-0.37,-0.28,-0.19,0.34,0.08,-0.07,0.08,0.45,0.06,0.29,0.24,0.35,0.02,0.37,-0.26,0.54,0.12,0.63,-0.47,-0.15,-0.37,-0.42000002,0
YPL235W,0.35999998,0.24,0.155,0.07,0.26,0.08,0.37,0.07,-0.08,-0.02,-0.14,0.04,-0.05,-0.24,-0.72,0.19,0.03,-0.03,0.25,-0.61,-0.7,0.1,0.025,0
YPL236C,-0.044999998,-0.21,-0.195,-0.18,-0.01,-0.18,0.26,0.21,0.16,-0.08,-0.09,0.12,-0.45,-0.2,0.55,-0.23,0.45,-0.16,0.55,0.18,0.4,-0.04,-0.06,0
YPL237W,0.505,0.44,0.21,-0.02,-0.04,0.06,0.4,0.22,0.01,0.22,-0.1,0.17,-0.35,0.0,-0.58,-0.12,-0.31,0.27,-0.37,-0.2,-0.68,0.27,0.075,0
YPL238C,0.505,0.43,0.27,0.11,0.05,0.18,-0.09,0.15,-0.17,0.22,-0.13,0.16,-0.27,-0.07,0.0,-0.06,-0.25,0.24,-0.71,0.01,-0.45,-0.06,-0.13499999,0
YPL239W,0.45,0.29,0.04,-0.21,-0.15,-0.07,0.23,0.04,-0.15,-0.01,-0.34,-0.07,-0.42,-0.17,-0.39,0.14,-0.19,0.27,-0.21,0.19,-0.52,0.29,0.08,0
YPL241C,0.31,0.65,0.265,-0.12,-0.12,-0.79,-0.18,-0.67,-0.09,0.12,0.26,0.61,0.36,0.45,0.54,-0.2,0.26,-0.46,-0.12,-0.54,0.23,0.04,0.135,1
YPL242C,-0.305,-0.55,-0.41000003,-0.27,0.36,-0.12,0.66,-0.08,0.43,-0.14,0.05,0.12,-0.09,0.76,0.37,-0.59,0.24,-0.68,0.97,0.83,0.97,-1.12,-0.805,1
YPL244C,-0.02,-0.07,0.065,0.2,-0.45,0.38,0.03,0.22,-0.31,0.17,-0.43,0.04,-0.19,-0.09,0.41,0.38,0.32,0.41,-0.43,-0.97,0.32,0.1,-0.035,0
YPL245W,0.35999998,0.2,0.2,0.2,0.42,0.0,-0.38,-0.2,-0.21,0.18,-0.44,0.1,-0.64,-0.13,-0.12,0.25,0.05,0.37,0.05,-0.4,-0.09,0.0,-0.045,0
YPL246C,-0.225,-0.47,-0.245,-0.02,-0.49,0.37,-0.23,0.23,0.14,0.57,0.22,0.34,0.06,-0.15,0.04,0.0,0.32,0.24,-0.24,-1.38,0.39,0.05,-0.04,0
YPL248C,0.049999997,-0.28,-0.23,-0.18,0.34,0.03,0.14,-0.04,0.04,0.11,-0.22,0.99,-0.18,-0.27,-0.27,-0.3,-0.17,-0.03,0.03,-0.47,0.32,0.05,0.075,0
YPL250C,-0.745,-0.49,-0.32,-0.15,-0.31,0.05,-0.13,-0.21,-0.33,-0.15,0.2,0.25,0.52,-0.17,0.91,0.4,0.69,0.28,0.46,-0.97,1.07,0.01,0.085,1
YPL251W,-0.265,-0.24,-0.19,-0.14,0.6,0.07,-0.29,0.15,-0.18,0.33,-0.21,0.73,-0.13,0.03,-0.27,0.18,0.2,0.35,0.06,-0.66,-0.18,-0.21,-0.12,0
YPL252C,-0.455,-0.55,-0.425,-0.3,-0.05,-0.01,0.24,0.05,0.38,0.15,-0.5,0.51,0.23,0.06,0.36,0.11,0.32,0.1,0.51,-0.53,-0.11,-0.23,-0.26500002,0
YPL253C,0.07,0.17,0.24000001,0.31,0.22,0.06,0.23,-0.2,-0.22,-0.27,-0.38,0.11,0.09,0.26,0.25,0.19,0.25,-0.2,0.51,-0.1,-0.2,-0.38,-0.38,1
YPL254W,-0.065000005,-0.34,-0.31,-0.28,-0.15,-0.12,0.02,-0.19,-0.07,0.18,-0.01,0.16,0.1,-0.12,0.24,-0.34,0.21,-0.05,0.33,0.38,0.09,-0.09,-0.13,0
YPL256C,1.5699999,1.54,0.92499995,0.31,-0.14,-0.88,-1.7,-1.88,-1.7,0.61,1.54,1.72,1.51,1.18,0.84,-0.26,-0.34,-1.03,-0.85,-0.85,-0.21,0.13,0.13,1
YPL258C,0.049999997,-0.19,-1.1800001,-2.17,0.25,-0.4,0.35,-0.07,0.4,-0.1,0.11,0.28,0.35,-0.17,0.57,-0.23,0.53,-0.45,0.62,0.26,0.8,-0.28,-0.41000003,0
YPL260W,-0.01,-0.06,-0.14,-0.22,-0.14,-0.19,0.19,-0.19,-0.06,-0.22,0.02,-0.05,-0.22,0.13,0.13,-0.45,0.16,-0.49,0.09,0.02,0.36,0.45,0.255,0
YPL262W,-0.465,-0.38,-0.185,0.01,0.32,0.12,0.34,0.09,0.48,0.02,-0.08,0.25,0.05,-0.03,0.19,-0.24,0.27,-0.15,0.5,-0.05,0.84,-0.33,-0.315,0
YPL264C,-0.16499999,-0.04,0.01,0.06,0.25,-0.01,0.35,-0.33,0.2,-0.29,-0.26,-0.19,0.0,0.36,0.64,-0.14,0.44,-0.15,0.23,-0.97,0.58,-0.15,-0.075,1
YPL265W,-1.845,-1.55,-0.41499996,0.72,0.43,1.33,1.38,1.18,0.95,-0.26,-0.72,0.65,0.23,0.18,-0.14,0.11,0.34,-0.3,-0.2,-1.08,-0.02,-0.11,0.16,1
YPL266W,1.36,1.15,0.83,0.51,-0.82,0.58,-0.63,0.44,-0.98,0.5,-0.48,0.21,-0.88,0.09,-0.36,0.4,-1.01,0.41,-1.05,-0.98,-0.52,0.29,0.105,0
YPL268W,0.305,0.27,0.135,0.0,-0.05,-0.95,0.79,0.01,0.28,-0.08,-0.17,0.0,0.42,0.34,0.27,-0.24,0.25,-0.46,-0.27,-0.5,0.35,-0.19,-0.23,0
YPL273W,0.63,0.64,0.42,0.2,-0.67,0.16,-0.27,0.23,-0.29,0.51,-0.29,0.28,-0.43,0.16,-1.29,0.05,-0.29,0.27,-0.41,-0.2,-0.37,0.43,0.315,0
YPL274W,-0.255,0.5,0.59000003,0.68,0.13,-0.1,-0.26,-0.31,-0.12,0.33,0.29,0.72,0.4,0.47,0.03,-0.47,-0.5,-0.01,-0.47,-0.78,0.64,0.37,0.335,1
YPL277C,0.26999998,0.12,-0.14999999,-0.42,-0.07,-0.34,-0.04,-0.25,-0.08,-0.04,-0.1,0.16,0.12,0.14,-0.1,-0.12,0.41,-0.13,0.52,0.24,0.33,-0.2,-0.215,0
YPL282C,0.21000001,-0.04,0.030000001,0.1,0.01,-0.25,0.17,-0.47,0.02,-0.09,-0.49,0.42,0.15,-0.21,0.34,-0.45,0.18,-0.68,0.69,-0.36,0.72,-0.21,-0.285,0
YPR005C,0.19,0.32,0.034999996,-0.25,-0.17,-0.24,-0.22,-0.19,-0.37,0.18,0.42,0.35,-0.2,-0.08,0.03,-0.2,0.14,-0.24,-0.45,-0.61,0.5,0.55,0.53499997,0
YPR009W,0.805,0.67,0.56,0.45,-0.14,0.22,-0.26,0.29,-0.72,0.42,-0.24,0.24,-0.54,0.01,0.03,0.21,-0.04,0.17,-0.72,-1.36,-0.11,-0.11,-0.225,0
YPR011C,0.04,0.04,0.035,0.03,-0.03,0.19,-0.15,0.25,-0.03,0.14,-0.15,0.21,-0.28,0.11,0.14,0.12,0.11,0.11,-0.32,-1.1,-0.04,0.27,0.265,0
YPR016C,0.105,-0.17,-0.32,-0.47,0.26,0.16,0.69,0.04,0.35,0.31,0.15,0.21,0.18,0.04,-0.13,-0.38,-0.27,-0.1,0.64,-0.85,0.66,-0.68,-0.63,0
YPR017C,0.455,0.36,0.09,-0.18,-0.14,-0.11,-0.18,-0.37,0.27,0.0,0.18,0.17,0.07,0.04,0.14,-0.36,-0.21,-0.37,-0.13,-0.39,0.37,0.01,-0.045,0
YPR018W,0.665,0.36,-0.029999986,-0.42,-0.42,-0.64,-0.53,-0.12,-0.27,0.34,0.34,0.46,0.44,0.46,-0.16,-0.16,-0.27,-0.56,0.06,0.25,0.23,0.09,-0.059999995,1
YPR019W,-0.54,-1.11,-0.855,-0.6,-0.75,0.0,0.6,0.22,0.85,0.08,0.25,1.38,-0.36,-0.17,-0.24,-0.65,0.03,-0.11,0.82,-0.13,0.68,-0.24,-0.089999996,1
YPR020W,-0.17500001,-0.02,-0.045,-0.07,0.21,0.06,0.44,0.18,0.19,0.08,-0.04,0.09,-0.18,-0.1,-0.38,-0.08,-0.07,-0.03,-0.07,0.07,-0.08,0.18,0.115,0
YPR023C,0.04,-0.06,-0.145,-0.23,-0.13,-0.11,-0.01,0.02,0.17,0.1,-0.39,-0.04,-0.2,-0.01,-0.13,-0.16,-0.09,-0.04,0.38,0.44,0.3,0.05,0.045,0
YPR025C,0.16,0.11,0.16499999,0.22,-0.21,-0.48,0.27,-0.19,0.03,-0.21,-0.32,0.0,-0.04,0.01,0.11,-0.39,0.19,-0.19,0.11,0.52,0.58,0.1,-0.014999997,0
YPR027C,-0.32999998,-0.53,-0.45499998,-0.38,0.39,-0.55,0.43,-0.02,0.68,-0.25,0.12,0.59,0.27,-0.13,0.27,-0.53,0.35,-0.25,0.86,-0.57,0.86,-0.71,-0.42,0
YPR029C,-0.035,0.03,0.22,0.41,0.11,0.32,-1.11,0.25,-0.1,0.25,-0.1,0.23,-0.01,0.34,0.09,0.38,0.03,0.19,-0.88,-0.38,-0.54,0.37,0.27,0
YPR031W,0.6,0.61,0.53,0.45,0.16,0.22,-0.6,0.1,-0.44,0.14,-0.31,-0.09,-0.13,0.3,-0.26,0.41,0.26,0.01,-0.46,-0.73,-0.34,-0.05,-0.089999996,0
YPR033C,0.61,0.58,0.56,0.54,-0.05,0.55,-0.61,0.31,-0.45,0.42,-0.26,0.35,-0.5,0.18,-0.69,0.29,-0.05,0.41,-1.03,-1.28,-0.55,0.31,0.22,0
YPR034W,0.115,0.43,0.52,0.61,0.0,0.31,-0.81,-0.05,-0.87,0.05,-0.59,0.0,-0.2,0.57,-0.93,0.49,0.16,0.19,-0.13,0.32,-0.33,0.43,0.395,1
YPR035W,0.014999997,0.13,0.38,0.63,-0.08,0.67,-0.6,0.39,-0.73,0.23,-0.17,0.76,-0.23,0.38,-0.65,0.3,-0.57,0.23,-1.37,-0.96,-1.0,0.79,0.70500004,0
YPR036W,0.26,0.21,0.13,0.05,-0.27,0.0,-0.81,-0.01,-0.52,0.29,-0.06,0.15,-0.33,0.25,-0.59,0.07,-0.12,0.1,-0.23,-0.01,-0.19,0.52,0.435,0
YPR037C,0.205,0.37,0.5,0.63,-0.27,0.7,-0.8,0.44,-0.65,0.35,-0.48,0.41,-1.48,0.29,-0.15,0.61,-0.18,0.52,-1.18,-0.85,-0.34,0.73,0.615,0
YPR038W,-0.030000005,0.12,0.105000004,0.09,-0.04,0.13,-0.65,0.24,-0.65,0.19,-0.39,0.2,-0.43,0.19,0.01,0.17,-0.06,0.28,0.0,0.08,-0.12,0.27,0.275,0
YPR039W,0.135,-0.01,0.074999996,0.16,-0.12,0.34,-0.08,0.19,-0.51,0.12,-0.44,0.09,-0.25,0.28,-0.19,0.34,0.33,0.04,-0.13,-0.63,-0.27,0.15,0.035000004,0
YPR040W,0.6,0.6,0.29500002,-0.01,-0.01,-0.22,-0.47,-0.11,-0.46,0.32,-0.39,0.21,-0.39,0.07,0.22,-0.13,0.14,0.01,-0.03,0.1,-0.01,-0.04,-0.14999999,0
YPR041W,0.09,0.01,-0.01,-0.03,-0.3,0.17,0.17,-0.02,-0.64,0.01,-0.54,-0.17,-0.66,-0.4,0.44,0.02,1.38,-0.12,0.41,0.28,0.44,-0.2,-0.285,0
YPR043W,-0.16499999,-0.07,-0.055,-0.04,0.11,0.31,0.34,0.08,-0.08,0.09,-0.19,0.4,-0.13,0.06,-0.11,-0.27,-0.08,0.04,0.04,0.06,0.21,-0.12,-0.205,0
YPR045C,-0.014999997,-0.12,-0.044999998,0.03,-0.44,0.07,0.21,-0.02,-0.44,0.05,-0.3,0.17,-0.38,-0.1,0.07,0.25,-0.18,-0.15,0.11,0.0,0.36,0.27,0.20500001,1
YPR048W,0.6,0.41,0.345,0.28,-0.03,0.45,0.08,0.41,-0.37,0.15,-0.42,-0.17,-0.52,-0.21,-0.11,0.15,-0.05,0.17,0.1,-0.61,-0.5,-0.09,-0.175,0
YPR049C,-0.13000001,-0.33,-0.14,0.05,0.34,-0.43,0.83,-0.14,0.22,-0.78,0.41,0.18,0.19,1.58,0.58,-0.85,-0.04,-1.0,0.11,0.49,0.92,-0.6,-0.37,0
YPR050C,0.335,0.33,0.14,-0.05,-0.26,0.25,0.03,0.19,-0.83,0.17,-0.46,0.0,-0.07,0.07,-0.26,0.13,-0.19,0.12,0.14,-0.55,-0.28,0.41,0.375,0
YPR051W,0.21,0.21,0.32,0.43,-0.36,0.05,0.08,-0.01,-0.79,0.1,-0.44,0.29,-0.29,0.06,0.01,0.13,-0.44,0.05,0.22,-0.46,0.27,0.16,0.17,0
YPR052C,-0.09,-0.1,-0.1,-0.1,0.03,0.14,0.06,0.41,0.27,-0.02,-0.22,0.63,0.35,0.01,-0.36,-0.51,0.27,-0.32,0.92,-0.46,0.4,-0.81,-0.465,0
YPR053C,-0.445,-0.3,-0.015000001,0.27,-0.22,-0.35,0.24,-0.03,-0.67,-0.18,-0.01,-0.16,0.12,-0.1,0.74,0.1,0.86,0.5,0.88,-0.07,0.77,-0.42,-0.46499997,0
YPR054W,-0.19,-0.31,-0.23,-0.15,-0.07,-0.02,0.19,0.09,0.23,0.18,0.21,0.01,0.03,-0.52,0.41,0.17,0.4,-0.12,0.07,-0.69,0.58,-0.07,-0.175,0
YPR055W,-0.155,-0.1,0.53999996,1.18,0.05,-0.26,0.51,-0.12,-0.16,-0.2,-0.01,-0.63,-0.33,0.41,-0.28,-0.26,0.09,1.38,-0.13,0.19,0.22,-0.39,-0.044999987,0
YPR056W,0.29500002,0.3,0.23,0.16,-0.19,0.19,-0.02,0.01,-0.61,0.08,-0.16,-0.17,-0.44,-0.11,0.07,0.27,0.04,0.08,-0.26,-0.21,0.01,0.32,0.185,0
YPR057W,0.31,0.49,0.485,0.48,-0.8,0.38,-0.29,-0.25,-1.16,-0.07,-0.36,0.06,-0.56,0.38,-0.51,0.61,0.17,0.32,-0.54,0.16,-0.12,0.51,0.425,0
YPR058W,0.15,0.22,0.18,0.14,0.27,0.18,-0.03,0.11,0.14,0.2,-0.2,0.17,-0.22,-0.03,0.17,0.02,0.12,0.21,-0.34,-0.79,-0.11,-0.11,-0.15,0
YPR059C,0.365,0.41,0.32,0.23,-0.77,0.24,-0.22,0.04,-0.62,0.11,0.09,0.23,-0.18,-0.05,-0.48,0.15,0.11,0.23,-0.18,-0.33,0.46,-0.16,-0.089999996,0
YPR060C,0.52,0.44,0.29,0.14,-0.1,0.1,-0.17,0.11,-0.27,0.47,-0.14,0.38,-0.59,-0.07,-0.26,0.19,-0.32,0.15,-0.8,-0.62,-0.32,0.25,0.14,0
YPR061C,0.43,0.28,0.39999998,0.52,-0.85,0.05,0.23,-0.25,-0.61,0.37,-0.19,-0.26,-0.48,-0.61,-0.14,0.34,0.27,0.18,-0.78,-0.11,0.08,0.31,0.34,0
YPR062W,0.49,0.55,0.48000002,0.41,0.09,0.43,-0.2,0.28,-0.3,0.4,-0.46,0.38,-0.85,0.27,-0.48,0.22,-0.3,0.39,-0.92,-1.0,-0.54,0.22,0.175,0
YPR063C,0.35000002,0.37,0.41,0.45,-0.7,0.36,-0.32,0.19,-0.94,0.34,-0.06,0.48,-0.11,0.23,-0.44,0.31,0.17,0.46,-1.73,-0.54,0.03,0.22,0.205,0
YPR065W,-0.31,-0.2,0.019999996,0.24,0.05,0.02,0.57,0.36,-0.17,0.21,-0.05,0.01,-0.1,0.21,-0.12,0.03,0.09,-0.13,0.29,-0.05,-0.36,0.01,0.02,0
YPR066W,-0.20500001,-0.11,-0.05,0.01,-0.04,-0.04,0.05,0.05,0.02,0.01,-0.43,0.48,0.13,-0.1,-0.28,-0.13,-0.28,0.13,-0.08,-0.26,0.3,0.36,0.335,0
YPR067W,-0.47500002,-0.4,-0.29000002,-0.18,-0.19,0.0,-0.24,-0.08,2.44,-0.09,-0.26,-0.08,-0.18,0.25,-0.14,-0.15,-0.3,-0.11,-0.11,-0.19,0.55,0.21,0.22,0
YPR068C,-0.14500001,-0.2,0.035000004,0.27,-0.1,-0.06,0.42,0.1,-0.23,-0.66,0.13,-0.25,0.22,-0.31,0.84,-0.14,-0.26,-0.22,0.05,0.14,0.71,-0.17,-0.2,0
YPR069C,0.02,0.0,0.0,0.0,-0.02,0.09,0.07,0.09,0.0,0.11,-0.19,0.15,0.98,0.02,-0.69,0.04,-0.33,0.34,-0.35,-0.38,-0.57,0.25,0.19,0
YPR070W,0.114999995,0.13,0.205,0.28,-0.72,0.21,0.01,0.47,-0.56,0.37,0.87,-0.13,-0.81,-0.15,-0.42,0.41,-0.12,0.35,-0.99,-0.01,-0.29,0.41,0.3,0
YPR072W,0.17,0.1,-0.004999999,-0.11,0.77,-0.11,0.47,-0.11,0.08,-0.13,-0.31,0.34,0.18,-0.01,-0.23,-0.06,-0.14,-0.39,-0.37,-0.21,-0.66,0.22,0.185,0
YPR073C,0.29,0.26,0.16499999,0.07,-0.35,-0.09,-0.21,0.29,-1.13,0.0,-0.33,0.23,-0.48,0.58,-0.31,0.13,-0.95,0.01,-0.09,-0.13,0.4,0.38,0.39999998,0
YPR074C,-0.36,-0.36,-0.11500001,0.13,0.66,0.32,0.8,0.23,0.73,0.06,0.0,-0.08,0.13,-0.34,0.06,-0.12,0.46,-0.1,0.38,-0.91,0.22,-0.5,-0.58500004,0
YPR076W,0.445,0.69,0.5,0.31,0.49,0.08,0.25,-0.9,0.16,0.07,-0.01,0.37,0.25,0.17,0.21,-0.17,-0.2,-0.22,-0.15,-0.9,-0.04,-0.24,-0.14,1
YPR079W,0.01,-0.02,0.0,0.02,-0.7,0.23,-0.2,0.34,-0.77,0.43,-0.3,-0.23,0.04,-0.3,-0.83,-0.02,-0.18,0.43,-0.64,-0.39,0.22,0.73,0.71500003,0
YPR080W,-0.28,-0.26,-0.024999999,0.21,0.13,0.4,0.01,0.3,0.26,0.31,-0.08,0.31,-0.18,0.05,-0.18,0.16,0.07,0.23,-0.33,-0.47,-0.33,0.01,-0.015,0
YPR082C,-0.04,0.04,0.015,-0.01,0.38,0.17,0.32,0.28,0.14,-0.04,-0.24,-0.01,-0.43,0.11,0.17,0.02,-0.26,0.18,-0.39,-0.11,-0.18,0.08,-0.050000004,0
YPR083W,0.26,0.37,0.37,0.37,-0.46,0.28,0.16,0.33,-0.41,-0.13,-0.08,0.15,-0.65,0.8,-0.33,0.21,-0.17,0.27,-0.76,-0.31,0.12,0.1,0.13,0
YPR084W,0.24,0.16,0.175,0.19,0.36,-0.26,0.11,0.03,0.07,0.11,-0.17,0.21,-0.23,0.0,0.17,0.07,0.12,0.01,-0.03,-0.42,0.08,-0.4,-0.35500002,0
YPR085C,0.205,0.32,0.445,0.57,-0.36,0.25,0.06,0.68,-0.56,0.36,-0.17,0.06,-0.49,0.02,-0.06,0.25,-0.08,0.21,-1.1,-0.51,-0.19,-0.1,0.054999996,0
YPR086W,0.185,0.3,0.26500002,0.23,-0.32,0.27,-0.07,0.22,-0.32,0.3,-0.51,0.06,-0.7,0.19,-0.35,0.27,-0.28,0.17,-0.54,-0.01,-0.49,0.46,0.35500002,0
YPR087W,0.65,0.73,0.65,0.57,-0.47,0.57,-0.68,0.43,-1.04,0.32,-0.5,0.06,-1.08,0.31,-0.34,0.49,-0.52,0.39,-1.12,-0.36,-0.31,0.53,0.46499997,0
YPR088C,0.53,0.64,0.45999998,0.28,-0.2,0.31,-0.24,0.28,-0.6,0.16,-0.58,0.11,-0.84,0.16,-0.35,0.25,-0.26,0.25,-0.63,0.01,-0.66,0.46,0.32,0
YPR089W,0.015,-0.01,0.074999996,0.16,-0.02,0.41,0.23,0.43,-0.41,0.26,-0.11,0.17,-0.19,0.07,-0.14,0.26,-0.62,-0.18,0.01,-0.19,0.15,0.16,0.044999998,0
YPR090W,0.044999998,0.13,0.044999998,-0.04,0.03,-0.01,-0.18,-0.03,-0.22,0.05,-0.33,0.59,-0.25,-0.15,0.2,0.2,-0.17,0.72,0.0,-0.2,0.12,0.09,-0.014999997,0
YPR091C,-0.115,-0.09,-0.030000001,0.03,-0.07,0.28,0.22,0.33,-0.92,0.16,-0.16,0.0,-0.55,0.1,0.06,0.14,-0.28,0.14,-0.43,-0.66,0.86,0.46,0.4,0
YPR093C,-0.080000006,-0.27,-0.24000001,-0.21,-0.34,-0.11,0.52,0.19,-0.68,0.15,0.09,0.44,0.03,0.58,-0.16,-0.1,-0.11,-0.22,0.34,-0.31,0.38,-0.38,-0.089999996,0
YPR097W,0.315,0.34,0.13,-0.08,-0.28,-0.06,-0.25,0.07,-0.15,0.08,-0.13,0.02,-0.08,0.17,-0.17,-0.23,0.1,0.03,0.18,-0.13,0.48,0.18,-0.014999993,0
YPR099C,-0.32,-0.35,-0.28,-0.21,-0.54,-0.12,-0.74,0.02,-0.49,0.09,-0.07,0.28,-0.06,0.62,-0.16,0.13,-0.27,0.03,0.02,0.1,0.13,0.59,0.54499996,0
YPR100W,-0.285,-0.23,-0.25,-0.27,-0.49,0.05,-0.23,0.23,-0.31,0.13,-0.33,0.63,-0.38,0.21,-0.49,-0.01,-0.24,0.12,-0.71,0.48,-0.09,0.81,0.58,0
YPR101W,0.31,0.4,0.275,0.15,-0.78,0.16,0.26,0.3,-0.78,0.29,0.26,-0.05,-0.42,0.11,-0.51,0.19,-0.44,0.26,-0.75,-0.28,-0.46,0.6,0.555,0
YPR102C,0.25,0.41,0.325,0.24,0.2,0.37,0.03,0.4,-0.16,0.37,-0.21,0.32,-0.46,0.35,-0.61,0.02,-0.55,0.21,-0.81,0.12,-0.93,0.29,0.21,0
YPR103W,-0.12,0.01,0.044999998,0.08,-1.1,0.23,-0.68,0.19,-1.13,0.39,-0.29,0.36,-0.74,0.4,-0.29,0.44,-0.38,0.61,-0.65,-0.19,0.09,1.1,0.995,0
YPR104C,0.35500002,0.46,0.39,0.32,0.15,0.38,0.13,-0.04,-0.23,0.01,-0.06,-0.16,-0.27,0.25,0.28,0.58,-0.76,-0.01,-0.21,-0.68,-0.23,0.07,-0.10000001,0
YPR106W,0.185,0.3,0.215,0.13,0.49,-0.42,-0.71,-0.93,-1.08,0.25,1.17,1.29,1.12,0.69,0.66,-0.34,0.07,-0.55,-0.18,-0.84,0.01,0.16,0.32999998,1
YPR107C,0.235,0.35,0.3,0.25,-0.38,0.2,-0.42,0.0,-0.99,0.19,0.32,0.24,-0.4,0.78,0.43,0.1,-0.31,0.23,-0.77,-0.59,-0.21,0.33,0.35500002,1
YPR108W,-0.030000001,0.01,-0.07,-0.15,-0.35,0.01,-0.19,-0.05,-0.42,0.24,-0.3,0.15,-0.5,0.04,-0.47,0.11,0.01,-0.13,-0.37,0.36,-0.24,0.95,0.78999996,0
YPR109W,0.22999999,0.22,0.16,0.1,-0.48,0.29,0.29,0.63,-0.39,0.13,-0.66,0.12,-0.31,0.01,0.16,0.22,-0.03,0.33,-0.85,-0.63,-0.01,0.01,0.080000006,0
YPR110C,0.545,0.46,0.325,0.19,0.07,0.35,0.27,0.29,-0.12,0.34,-0.34,0.18,-0.74,-0.18,-0.65,0.22,-0.15,0.27,-0.6,-0.27,-0.65,0.1,-0.065,0
YPR111W,0.074999996,0.24,0.285,0.33,-0.37,0.69,0.29,0.62,-0.39,-0.19,-0.49,-0.94,-0.63,-0.15,0.22,0.37,0.09,0.34,-0.52,0.36,0.06,0.14,0.015000001,1
YPR112C,1.0,0.76,0.56,0.36,-0.53,0.59,0.19,0.68,-1.82,0.67,-0.41,0.07,-1.25,0.17,-0.64,0.83,-0.47,0.44,-1.45,-0.9,-0.87,0.6,0.365,0
YPR113W,-0.785,-0.85,-0.45000002,-0.05,0.32,0.21,0.25,0.08,0.18,-0.03,0.14,0.01,0.22,-0.19,0.5,0.06,0.5,0.22,1.07,-1.01,0.78,-0.32,-0.39499998,0
YPR114W,-0.17,-0.3,-0.055000007,0.19,0.37,0.19,0.15,0.12,0.42,0.16,-0.15,0.16,-0.01,-0.11,-0.24,-0.01,0.34,0.19,0.04,-0.63,-0.09,-0.28,-0.3,0
YPR116W,-0.13,-0.45,-0.08,0.29,-0.15,0.3,0.41,0.23,-0.2,0.61,-0.04,0.29,-0.51,0.15,0.19,0.05,0.03,-0.01,-0.28,-1.34,0.47,0.11,0.12,0
YPR118W,0.27,0.27,0.23500001,0.2,0.29,0.23,-0.17,0.36,-0.07,0.24,-0.31,-0.02,-0.38,0.05,-0.21,-0.05,-0.21,0.18,0.05,-0.45,-0.23,-0.02,-0.035,0
YPR119W,-1.385,-1.74,-0.66,0.42,0.71,0.25,1.15,1.24,0.72,-0.24,-1.24,-1.03,-1.15,-0.39,-0.15,0.64,0.56,0.93,0.66,1.2,-0.07,-0.17,-0.54,1
YPR120C,0.90000004,0.72,0.4,0.08,-0.53,-0.86,-0.58,-1.02,-0.4,0.52,0.71,0.96,0.7,0.25,0.37,-0.49,-0.36,-0.91,0.02,0.08,0.24,-0.11,-0.13499999,1
YPR121W,-0.105000004,-0.17,-0.085,0.0,0.11,-0.43,0.39,-0.3,-0.06,0.11,0.11,0.06,-0.18,-0.18,0.48,-0.04,0.1,-0.74,0.56,-0.34,0.94,-0.38,-0.17,0
YPR123C,-0.895,-1.03,-0.715,-0.4,-0.49,-0.6,0.24,-0.11,-0.26,-0.13,-0.3,-0.32,-0.08,0.16,0.26,0.22,0.77,0.14,0.68,0.32,0.83,0.32,0.385,0
YPR124W,-1.2750001,-1.46,-1.03,-0.6,-0.79,-0.49,-0.36,0.01,-0.21,0.05,-0.54,-0.09,-0.38,0.14,-0.04,0.76,0.34,0.77,0.79,0.74,0.32,0.96,0.79999995,0
YPR125W,0.485,0.35,0.305,0.26,-1.27,0.29,-0.55,0.3,-1.24,0.65,-0.46,0.32,-0.64,0.13,-0.09,0.58,-0.52,0.32,-0.81,-0.34,-0.39,0.69,0.5,0
YPR126C,0.31,0.1,0.15,0.2,-0.25,0.24,-0.44,0.28,-0.62,0.21,-0.27,0.02,-0.68,0.1,-0.44,0.36,0.09,-0.06,-0.24,0.34,-0.16,0.27,0.040000007,0
YPR127W,-0.28,-0.25,-0.09,0.07,0.09,0.27,0.23,0.06,0.03,0.06,-0.42,-0.11,0.25,0.03,0.15,0.19,0.07,0.3,0.2,0.18,0.64,-0.11,-0.05,0
YPR129W,0.195,0.28,0.285,0.29,-0.96,0.45,-0.05,0.35,-0.57,-0.17,-0.54,0.09,-0.46,0.2,-0.32,0.29,-0.37,0.32,-0.57,0.61,-0.28,0.39,0.31,0
YPR130C,0.16,0.29,0.315,0.34,-0.24,0.35,-0.37,0.15,-0.66,0.07,-0.52,-0.1,-0.63,0.29,-0.24,0.31,-0.16,0.1,-0.18,0.59,-0.4,0.35,0.275,0
YPR133C,0.22,0.05,0.030000001,0.01,-0.23,0.07,-0.27,0.14,-0.74,0.22,-0.59,-0.11,0.13,0.18,-0.31,-0.04,-0.43,0.01,-0.5,0.59,0.21,0.36,0.245,0
YPR134W,-0.155,-0.43,-0.36,-0.29,-0.17,-0.29,-0.4,-0.4,2.22,0.01,-0.23,-0.09,-0.4,-0.1,-0.04,-0.3,0.28,-0.17,0.03,0.24,0.33,0.03,0.0,0
YPR135W,0.98,1.24,0.47,-0.3,-0.44,-0.57,-0.21,-0.39,-0.39,-0.83,0.62,1.01,0.51,0.26,0.41,-0.62,-0.35,-0.3,-0.37,-0.44,0.65,0.22,0.045,1
YPR136C,0.615,0.38,0.35500002,0.33,-0.2,0.33,-0.4,0.22,-0.57,0.28,-0.36,0.53,-0.84,0.07,-0.49,0.34,0.03,0.03,-0.38,-0.07,-0.57,0.0,-0.17,0
YPR137W,0.65999997,0.42,0.385,0.35,-0.28,0.44,-0.05,0.23,-0.49,-1.51,-0.11,0.12,-0.21,0.25,-0.09,0.44,-0.13,-0.05,-0.19,-0.44,-0.46,0.12,-0.08,0
YPR139C,0.205,0.1,0.010000002,-0.08,-0.29,-0.03,-0.11,0.04,-0.37,0.35,0.01,0.25,-0.1,0.01,-0.04,0.04,-0.37,-0.03,-0.21,-0.17,-0.29,0.32,0.155,0
YPR141C,0.14,0.35,0.14,-0.07,0.2,-0.43,0.32,-0.39,-0.43,-0.55,-0.32,0.2,0.82,0.73,0.49,-0.41,0.32,-0.36,0.65,-0.06,0.76,-0.5,-0.38,1
YPR142C,1.175,0.94,0.61,0.28,-0.48,0.28,0.07,0.06,-0.65,0.12,-0.31,0.04,-0.91,0.1,-0.53,0.5,-0.28,0.1,-0.98,-0.01,-1.08,0.21,0.065,0
YPR143W,1.17,0.83,0.5,0.17,-0.4,0.28,0.19,0.13,-0.79,0.2,-1.01,0.01,-0.31,0.31,-0.4,0.56,-0.51,0.13,-0.98,0.2,-0.74,0.26,0.054999992,0
YPR144C,0.43,0.23,0.28,0.33,-0.03,0.33,0.07,0.23,-0.05,0.25,-0.35,0.04,-0.46,-0.14,-0.26,0.28,0.14,0.03,0.04,-0.85,-0.33,-0.19,-0.315,0
YPR145W,-0.475,-0.45,-0.155,0.14,-0.03,0.17,0.05,0.12,-0.23,0.02,-0.34,0.12,-0.15,0.25,0.12,0.17,0.09,0.07,0.15,-0.11,0.38,0.11,0.11,0
YPR146C,-0.21000001,-0.3,-0.26,-0.22,0.03,0.01,0.18,0.15,0.28,0.08,0.08,0.05,0.05,-0.26,-0.2,-0.16,0.15,-0.1,0.56,-0.42,0.24,0.01,-0.17,0
YPR147C,-0.43,-0.52,-0.305,-0.09,0.18,-0.14,0.47,-0.21,0.2,-0.21,0.04,-0.16,0.39,-0.34,0.48,-0.19,0.13,-0.3,0.84,0.22,0.81,-0.39,-0.315,0
YPR148C,0.265,0.24,0.074999996,-0.09,-0.62,-0.1,-0.44,-0.04,-0.53,0.24,-0.23,-0.01,-0.3,-0.01,-0.49,-0.04,-0.49,-0.07,-0.09,0.84,-0.28,0.85,0.685,0
YPR149W,-2.925,-2.87,-1.6899999,-0.51,0.18,0.97,2.01,1.08,1.16,-0.39,-0.65,-1.47,-0.68,-0.92,1.25,0.61,1.66,1.31,1.22,0.28,1.64,-0.19,-0.455,1
YPR150W,-0.67499995,-0.7,-0.575,-0.45,0.6,-0.26,0.45,0.09,0.1,-0.23,-0.03,0.71,-0.22,-0.07,0.35,-0.17,0.14,-0.09,0.33,0.46,0.64,0.35,0.099999994,0
YPR151C,-0.435,-0.45,-0.26999998,-0.09,0.13,-0.03,0.04,0.15,-0.14,0.1,-0.44,-0.59,-0.34,-0.67,0.48,0.41,0.14,0.25,-0.28,0.33,0.88,0.24,0.375,0
YPR152C,-0.03,-0.03,-0.185,-0.34,0.34,-0.27,0.21,-0.34,-0.31,-0.38,0.08,-0.1,-0.01,0.06,0.82,-0.7,0.97,-0.59,0.64,0.12,0.79,-0.44,-0.45,0
YPR154W,-0.185,-0.13,-0.044999998,0.04,0.56,-0.19,0.19,-0.56,0.09,-0.16,-0.02,0.09,0.14,0.37,0.37,-0.41,0.38,-0.39,0.19,-0.1,0.36,-0.16,-0.125,0
YPR155C,-0.24499999,0.1,0.255,0.41,0.08,0.33,-0.2,0.16,-0.24,0.03,-0.48,0.09,-0.38,0.15,0.29,0.08,0.17,0.36,-0.26,-0.38,0.34,0.28,0.23,1
YPR156C,-0.635,-0.1,0.065,0.23,0.9,0.42,0.74,0.28,0.9,-0.48,-0.88,-0.43,-0.68,-0.34,0.44,-0.02,1.1,0.23,0.92,-0.05,0.35,-0.73,-0.82500005,1
YPR158W,-0.48000002,-0.56,-0.78,-1.0,-1.35,-1.35,-1.15,-0.97,-0.97,0.46,-0.49,0.84,-0.47,-0.4,0.22,1.14,0.6,1.03,0.03,0.44,0.56,1.6,1.415,0
YPR159W,0.11500001,0.54,0.62,0.7,0.58,0.21,-0.34,-0.42,-0.06,-0.24,0.25,0.35,0.44,0.39,0.81,0.17,0.39,-0.38,-0.24,-1.42,0.03,-0.52,-0.51,1
YPR161C,0.049999997,-0.14,-0.18,-0.22,-0.19,-0.19,2.28,-0.07,-0.1,-0.07,-0.17,0.39,0.04,-0.37,0.29,-0.3,-0.16,-0.5,-0.04,0.13,0.12,-0.28,-0.39999998,0
YPR162C,-0.065,-0.02,-0.02,-0.02,0.18,0.07,0.15,0.05,-0.06,0.15,-0.38,-0.19,-0.21,0.03,0.18,-0.06,0.16,-0.07,0.13,0.16,0.38,-0.06,-0.165,0
YPR163C,0.35,0.26,0.13,0.0,-0.15,0.24,0.09,0.09,-0.26,0.03,-0.22,-0.22,-0.36,-0.3,0.08,0.0,-0.03,0.0,0.17,0.45,0.08,-0.02,-0.21000001,0
YPR164W,0.005000003,-0.21,-0.175,-0.14,0.01,-0.35,0.33,-0.04,0.01,-0.23,-0.14,0.2,0.04,-0.25,0.33,-0.49,0.48,-0.18,0.69,0.38,0.63,-0.31,-0.4,0
YPR165W,-0.32500002,-0.1,0.120000005,0.34,0.42,0.48,0.1,0.06,-0.15,-0.3,-0.48,-0.1,-0.09,0.11,0.23,0.34,0.21,0.35,-0.01,-0.56,-0.07,-0.1,-0.09,0
YPR166C,-0.35999998,-0.2,-0.205,-0.21,-0.24,-0.15,-0.15,0.07,-0.49,0.25,-0.33,0.6,-0.13,0.41,0.01,0.32,-0.26,0.42,-0.24,-0.26,-0.12,0.32,0.34,0
YPR167C,-0.125,0.16,0.16,0.16,0.3,-0.28,0.0,-0.33,-0.38,-0.16,-0.29,0.19,0.24,0.18,0.34,-0.17,-0.11,-0.5,-0.17,0.25,0.72,0.27,0.265,1
YPR168W,0.060000002,-0.05,-0.095,-0.14,-0.02,-0.42,0.36,-0.28,-0.03,0.03,0.84,-0.53,-0.05,0.09,0.03,-0.5,0.24,-0.32,0.0,0.45,0.29,-0.02,0.035000004,0
YPR169W,0.61,0.49,0.29000002,0.09,-0.13,0.32,0.04,0.18,-0.28,0.12,-0.45,-0.06,-0.72,-0.01,-0.43,0.09,-0.26,0.01,-0.52,0.19,-0.11,0.15,0.045,0
YPR171W,0.145,0.08,0.145,0.21,-0.06,0.22,0.01,0.19,-0.24,0.08,-0.35,0.14,-0.22,-0.14,-0.1,0.08,-0.06,0.21,-0.31,-0.4,0.16,0.14,0.09,0
YPR173C,0.475,0.36,0.185,0.01,-0.91,0.38,-0.94,0.34,-0.66,0.6,-0.28,0.31,-0.66,0.15,-0.41,0.46,-0.5,0.49,-1.16,-0.44,-0.47,1.03,0.79499996,0
YPR174C,0.67499995,0.65,0.35,0.05,-0.46,-0.59,-1.09,-0.59,-0.82,0.78,0.13,0.89,-0.15,0.24,-0.02,0.1,-0.06,-0.13,-0.34,-0.7,0.17,0.6,0.515,1
YPR175W,0.89,0.85,0.3,-0.25,-0.83,-0.71,-0.71,-0.65,-0.38,0.84,0.35,0.84,-0.09,0.48,0.09,0.33,-0.23,-0.5,-0.57,-0.63,-0.13,0.68,0.47500002,1
YPR176C,-0.1,-0.06,0.095,0.25,0.32,-0.25,-0.16,-0.08,0.27,-0.06,-0.01,0.14,0.31,0.44,-0.5,-0.33,0.72,-0.16,0.63,-0.64,0.43,-0.41,-0.34,0
YPR177C,0.24000001,0.27,0.18,0.09,-0.22,0.34,0.24,0.24,-0.18,0.19,-0.26,0.05,-0.29,0.05,-0.08,0.05,-0.26,0.09,-0.26,-0.83,0.14,0.24,0.155,0
YPR178W,0.255,0.18,0.040000003,-0.1,-0.15,0.02,-0.14,0.17,-0.21,0.12,-0.47,0.2,-0.45,0.01,0.46,-0.4,0.06,-0.17,-0.01,-0.21,0.33,0.24,0.125,0
YPR179C,0.385,0.39,0.24,0.09,-0.12,-0.61,0.12,0.35,-0.12,0.3,-0.14,-0.06,-0.3,0.17,-0.19,0.05,-0.12,0.12,-0.64,-0.35,-0.25,0.36,0.275,0
YPR180W,0.16499999,0.25,-0.13999999,-0.53,-0.06,-0.39,0.08,-0.14,-0.37,0.03,0.01,0.26,-0.43,0.26,0.14,-0.34,0.09,-0.08,-0.18,0.16,0.11,0.17,0.26500002,0
YPR181C,-0.35,-0.28,-0.04,0.2,0.13,0.27,0.23,0.27,0.58,0.19,0.15,0.16,0.29,0.2,-0.69,0.15,0.29,-0.01,-0.42,-0.95,0.52,-0.17,-0.17,0
YPR183W,0.39,0.43,0.34,0.25,-0.1,0.13,-0.49,-0.08,-0.73,0.38,0.16,0.6,0.41,0.2,-0.24,0.03,0.25,0.22,-0.57,-1.71,-0.05,0.04,0.024999999,0
YPR185W,0.135,0.28,-0.065,-0.41,-0.05,-0.39,-0.12,-0.3,-0.03,0.0,-0.24,0.35,-0.01,0.39,0.05,-0.43,-0.32,-0.24,0.28,0.02,0.64,0.23,0.235,0
YPR186C,0.32999998,0.25,0.14,0.03,-0.47,0.04,0.03,0.28,-0.37,0.1,-0.28,0.14,-0.58,0.13,-0.3,0.27,0.14,0.03,0.22,0.14,-0.6,0.25,0.16,0
YPR189W,0.13,0.08,-0.060000002,-0.2,0.05,-0.01,0.07,-0.15,-0.11,0.05,-0.2,0.2,-0.05,-0.01,0.64,-0.18,0.39,-0.22,0.03,-0.24,0.38,-0.34,-0.28,0
YPR191W,-0.435,-0.13,-0.35,-0.57,-0.21,-0.44,0.58,-0.13,0.39,-0.21,0.05,0.82,0.28,0.2,0.3,-0.92,0.23,-0.4,0.78,0.78,0.94,-0.34,-0.36,0
YPR193C,-0.005,0.02,-0.17999999,-0.38,0.03,-0.25,0.23,-0.1,0.4,-0.43,-0.15,-0.17,0.05,0.06,0.29,-0.38,-0.21,-0.28,0.13,0.4,0.85,0.13,0.145,0
YPR194C,-0.36499998,-0.59,-0.54999995,-0.51,0.39,-0.22,0.29,-0.92,0.42,-0.59,0.04,-0.09,0.77,0.68,0.87,-0.22,0.95,-0.35,1.19,0.56,0.52,-0.74,-0.605,0
YPR197C,0.015000001,0.1,0.21,0.32,0.11,0.31,0.1,0.23,-0.12,0.31,0.21,0.07,0.13,-0.21,0.17,-0.01,0.07,0.08,-0.29,-1.29,0.26,-0.14,-0.175,0
YPR198W,-0.060000002,0.08,0.21000001,0.34,0.65,-0.26,0.14,-0.33,0.53,-0.02,0.13,0.08,0.07,0.14,-0.64,-0.26,0.53,-0.17,0.59,-0.96,0.4,-0.23,-0.325,0
YPR199C,0.155,0.19,0.235,0.28,-0.26,0.21,-0.4,0.34,-0.8,0.34,-0.25,0.25,-0.38,0.34,0.15,0.3,-0.06,0.13,-0.44,-1.03,0.14,0.3,0.25,0
YPR201W,-0.255,-0.36,-0.3,-0.24,1.3,-0.07,0.29,-0.2,0.25,-0.47,0.23,-1.2,0.12,-0.81,0.89,0.07,1.04,-0.32,0.8,-0.13,0.84,-0.39,-0.415,0
YPR203W,0.57,0.12,-0.06999999,-0.26,-0.44,-0.21,-1.08,0.39,-0.17,1.61,1.12,1.11,0.29,0.12,-0.96,-0.31,-0.81,-0.34,-1.21,-1.36,-0.12,0.69,0.555,1
YPR204W,0.405,0.17,-0.044999994,-0.26,-0.6,-0.09,-0.85,0.17,-0.05,1.26,0.67,0.79,0.19,0.17,-1.9,-0.21,-0.45,-0.31,-0.39,-0.22,-0.08,0.65,0.52,1
